subclone,n_cells,n_cells_labelled,n_malignant,frac_malignant,is_reference,clone_frac_of_malignant,n_arm_events,n_arm_events_loss,n_arm_events_gain,arms_hit,tp53_state,tp53_direction,tp53_loss,arm17p_frac_loss,dataset,sample
observation.observation_s27,462,462,5,0.0108225108225108,FALSE,0.00174276751481352,0,0,0,"",3,neutral,FALSE,0,GSE185381,GSM5613760_2019-11-19-count-1
observation.observation_s26,298,298,136,0.456375838926175,FALSE,0.0474032764029279,7,1,6,11q:g;12p:g;18q:l;19p:g;1q:g;20p:g;7p:g,4,gain,FALSE,0,GSE185381,GSM5613760_2019-11-19-count-1
observation.observation_s1,296,296,27,0.0912162162162162,FALSE,0.00941094457999303,6,2,4,11p:g;11q:g;14q:l;17p:g;20p:g;6p:l,4,gain,FALSE,0,GSE185381,GSM5613760_2019-11-19-count-1
observation.observation_s15,280,280,250,0.892857142857143,FALSE,0.0871383757406762,14,6,8,11q:g;12p:g;17p:g;18q:l;19p:g;19q:g;20p:g;20q:g;22q:g;2q:l;4q:l;5p:l;6q:l;8q:l,4,gain,FALSE,0,GSE185381,GSM5613760_2019-11-19-count-1
observation.observation_s2,277,277,36,0.129963898916968,FALSE,0.0125479261066574,4,1,3,11p:g;11q:g;20p:g;6p:l,3,neutral,FALSE,0,GSE185381,GSM5613760_2019-11-19-count-1
observation.observation_s16,256,256,46,0.1796875,FALSE,0.0160334611362844,6,2,4,11q:g;14q:l;17p:g;18q:l;20p:g;7p:g,4,gain,FALSE,0,GSE185381,GSM5613760_2019-11-19-count-1
observation.observation_s23,238,238,145,0.609243697478992,FALSE,0.0505402579295922,8,2,6,11q:g;12p:g;16p:l;18q:l;1q:g;20p:g;20q:g;7p:g,3,neutral,FALSE,0,GSE185381,GSM5613760_2019-11-19-count-1
observation.observation_s37,237,237,25,0.105485232067511,FALSE,0.00871383757406762,2,1,1,14q:l;20p:g,4,gain,FALSE,0,GSE185381,GSM5613760_2019-11-19-count-1
observation.observation_s12,236,236,28,0.11864406779661,FALSE,0.00975949808295573,4,0,4,11p:g;11q:g;17p:g;20p:g,4,gain,FALSE,0,GSE185381,GSM5613760_2019-11-19-count-1
observation.observation_s6,234,234,119,0.508547008547009,FALSE,0.0414778668525619,6,2,4,11q:g;16p:l;18q:l;1q:g;20p:g;7p:g,3,neutral,FALSE,0,GSE185381,GSM5613760_2019-11-19-count-1
observation.observation_s13,213,213,164,0.769953051643193,FALSE,0.0571627744858836,8,2,6,10p:g;11q:g;12p:g;16p:l;19q:l;1q:g;20p:g;7p:g,3,neutral,FALSE,0,GSE185381,GSM5613760_2019-11-19-count-1
observation.observation_s4,202,202,39,0.193069306930693,FALSE,0.0135935866155455,6,2,4,11q:g;18q:l;19p:g;19q:g;20p:g;4q:l,4,gain,FALSE,0,GSE185381,GSM5613760_2019-11-19-count-1
observation.observation_s10,195,195,150,0.769230769230769,FALSE,0.0522830254444057,13,6,7,11q:g;12p:g;17p:g;18q:l;19p:g;20p:g;20q:g;2q:l;4q:l;5p:l;6p:l;6q:l;8p:g,4,gain,FALSE,0,GSE185381,GSM5613760_2019-11-19-count-1
observation.observation_s24,186,186,154,0.827956989247312,FALSE,0.0536772394562565,9,2,7,10p:g;12p:g;17p:g;18q:l;1q:g;20p:g;20q:g;6p:l;8p:g,3,neutral,FALSE,0,GSE185381,GSM5613760_2019-11-19-count-1
observation.observation_s8,173,173,135,0.780346820809249,FALSE,0.0470547228999651,11,4,7,11q:g;12p:g;17p:g;18q:l;19p:g;20p:g;20q:g;22q:g;2q:l;4q:l;6q:l,4,gain,FALSE,0,GSE185381,GSM5613760_2019-11-19-count-1
observation.observation_s9,167,167,139,0.832335329341317,FALSE,0.048448936911816,11,5,6,11q:g;12p:g;17p:g;18q:l;1q:g;20p:g;20q:g;2q:l;4q:l;6p:l;6q:l,4,gain,FALSE,0,GSE185381,GSM5613760_2019-11-19-count-1
observation.observation_s34,159,159,101,0.635220125786164,FALSE,0.0352039037992332,10,5,5,11q:g;12p:g;18q:l;19p:g;20p:g;20q:g;2q:l;5p:l;6q:l;8q:l,4,gain,FALSE,0,GSE185381,GSM5613760_2019-11-19-count-1
observation.observation_s33,141,141,96,0.680851063829787,FALSE,0.0334611362844197,5,2,3,11q:g;18q:l;20p:g;5q:l;7p:g,3,neutral,FALSE,0,GSE185381,GSM5613760_2019-11-19-count-1
observation.observation_s28,131,131,108,0.824427480916031,FALSE,0.0376437783199721,13,4,9,10p:g;11q:g;12p:g;17p:g;18q:l;19p:g;1q:g;20p:g;20q:g;4q:l;5p:l;6p:l;8p:g,4,gain,FALSE,0,GSE185381,GSM5613760_2019-11-19-count-1
observation.observation_s7,129,129,77,0.596899224806202,FALSE,0.0268386197281283,12,4,8,11q:g;12p:g;17p:g;18q:l;19p:g;19q:g;20p:g;20q:g;22q:g;2q:l;5p:l;6q:l,4,gain,FALSE,0,GSE185381,GSM5613760_2019-11-19-count-1
observation.observation_s25,124,124,89,0.717741935483871,FALSE,0.0310212617636807,9,3,6,10p:g;11q:g;12p:g;18q:l;20p:g;20q:g;2q:l;5p:l;8p:g,4,gain,FALSE,0,GSE185381,GSM5613760_2019-11-19-count-1
observation.observation_s35,123,123,6,0.0487804878048781,FALSE,0.00209132101777623,2,1,1,20p:g;6p:l,4,gain,FALSE,0,GSE185381,GSM5613760_2019-11-19-count-1
observation.observation_s19,119,119,60,0.504201680672269,FALSE,0.0209132101777623,10,4,6,11q:g;12p:g;17p:g;18q:l;20p:g;20q:g;22q:g;2q:l;4q:l;6q:l,4,gain,FALSE,0,GSE185381,GSM5613760_2019-11-19-count-1
observation.observation_s30,116,116,73,0.629310344827586,FALSE,0.0254444057162774,12,5,7,11q:g;12p:g;17p:g;18q:l;19p:g;19q:g;20p:g;22q:g;2q:l;4q:l;5p:l;6q:l,4,gain,FALSE,0,GSE185381,GSM5613760_2019-11-19-count-1
observation.observation_s3,110,110,49,0.445454545454545,FALSE,0.0170791216451725,1,0,1,20p:g,3,neutral,FALSE,0,GSE185381,GSM5613760_2019-11-19-count-1
observation.observation_s14,108,108,59,0.546296296296296,FALSE,0.0205646566747996,5,2,3,11q:g;18q:l;20p:g;5q:l;7p:g,3,neutral,FALSE,0,GSE185381,GSM5613760_2019-11-19-count-1
observation.observation_s31,105,105,27,0.257142857142857,FALSE,0.00941094457999303,5,2,3,11q:g;12p:g;18q:l;20p:g;2q:l,3,neutral,FALSE,0,GSE185381,GSM5613760_2019-11-19-count-1
observation.observation_s17,87,87,48,0.551724137931035,FALSE,0.0167305681422098,4,2,2,11q:g;18q:l;19q:l;20p:g,3,neutral,FALSE,0,GSE185381,GSM5613760_2019-11-19-count-1
observation.observation_s22,86,86,46,0.534883720930233,FALSE,0.0160334611362844,10,5,5,12p:g;18q:l;19p:g;1q:g;20p:g;22q:g;2q:l;4q:l;5p:l;6q:l,4,gain,FALSE,0,GSE185381,GSM5613760_2019-11-19-count-1
observation.observation_s47,86,86,49,0.569767441860465,FALSE,0.0170791216451725,7,2,5,11q:g;12p:g;18q:l;1q:g;20p:g;7p:g;8q:l,4,gain,FALSE,0,GSE185381,GSM5613760_2019-11-19-count-1
observation.observation_s46,77,77,45,0.584415584415584,FALSE,0.0156849076333217,7,2,5,11q:g;12p:g;18q:l;20p:g;20q:g;4q:l;7p:g,4,gain,FALSE,0,GSE185381,GSM5613760_2019-11-19-count-1
observation.observation_s39,75,75,56,0.746666666666667,FALSE,0.0195189961659115,11,3,8,11q:g;12p:g;17p:g;18q:l;19p:g;20p:g;20q:g;22q:g;2q:l;6q:l;8p:g,4,gain,FALSE,0,GSE185381,GSM5613760_2019-11-19-count-1
observation.observation_s20,71,71,67,0.943661971830986,FALSE,0.0233530846985012,13,5,8,11q:g;12p:g;17p:g;18q:l;19p:g;19q:g;1q:g;20p:g;20q:g;2q:l;5p:l;6q:l;8q:l,4,gain,FALSE,0,GSE185381,GSM5613760_2019-11-19-count-1
observation.observation_s11,65,65,8,0.123076923076923,FALSE,0.00278842802370164,4,1,3,17p:g;19p:g;20p:g;6q:l,4,gain,FALSE,0,GSE185381,GSM5613760_2019-11-19-count-1
observation.observation_s43,58,58,31,0.53448275862069,FALSE,0.0108051585918438,7,2,5,11q:g;12p:g;18q:l;19q:g;1q:g;20p:g;2q:l,4,gain,FALSE,0,GSE185381,GSM5613760_2019-11-19-count-1
observation.observation_s29,56,56,5,0.0892857142857143,FALSE,0.00174276751481352,1,0,1,8q:g,3,neutral,FALSE,0,GSE185381,GSM5613760_2019-11-19-count-1
observation.observation_s32,54,54,34,0.62962962962963,FALSE,0.011850819100732,9,2,7,11q:g;12p:g;17p:g;18q:l;19p:g;20p:g;20q:g;6q:l;8p:g,4,gain,FALSE,0,GSE185381,GSM5613760_2019-11-19-count-1
observation.observation_s18,45,45,24,0.533333333333333,FALSE,0.00836528407110492,4,1,3,11q:g;18q:l;20p:g;7p:g,4,gain,FALSE,0,GSE185381,GSM5613760_2019-11-19-count-1
observation.observation_s38,38,38,26,0.68421052631579,FALSE,0.00906239107703033,5,1,4,11q:g;18q:l;1q:g;20p:g;7p:g,3,neutral,FALSE,0,GSE185381,GSM5613760_2019-11-19-count-1
observation.observation_s42,27,27,3,0.111111111111111,FALSE,0.00104566050888811,0,0,0,"",3,neutral,FALSE,0,GSE185381,GSM5613760_2019-11-19-count-1
observation.observation_s40,26,26,25,0.961538461538461,FALSE,0.00871383757406762,7,1,6,10p:g;12p:g;18q:l;19p:g;1q:g;20p:g;20q:g,4,gain,FALSE,0,GSE185381,GSM5613760_2019-11-19-count-1
observation.observation_s41,24,24,13,0.541666666666667,FALSE,0.00453119553851516,7,3,4,11p:g;11q:g;14q:l;17p:g;20p:g;4q:l;6q:l,4,gain,FALSE,0,GSE185381,GSM5613760_2019-11-19-count-1
observation.observation_s48,15,15,9,0.6,FALSE,0.00313698152666434,7,2,5,11q:g;12p:g;16p:l;1q:g;20p:g;4q:l;7p:g,3,neutral,FALSE,0,GSE185381,GSM5613760_2019-11-19-count-1
observation.observation_s5,13,13,8,0.615384615384615,FALSE,0.00278842802370164,7,1,6,11q:g;17p:g;19p:g;19q:g;20p:g;5q:l;7p:g,4,gain,FALSE,0,GSE185381,GSM5613760_2019-11-19-count-1
observation.observation_s45,13,13,9,0.692307692307692,FALSE,0.00313698152666434,9,2,7,12p:g;18q:l;19q:g;1q:g;20p:g;20q:g;22q:g;2q:l;5q:g,4,gain,FALSE,0,GSE185381,GSM5613760_2019-11-19-count-1
observation.observation_s53,8,8,4,0.5,FALSE,0.00139421401185082,4,1,3,12q:g;1q:g;20p:g;4q:l,3,neutral,FALSE,0,GSE185381,GSM5613760_2019-11-19-count-1
observation.observation_s44,6,6,3,0.5,FALSE,0.00104566050888811,6,3,3,14q:l;18q:l;4q:l;5p:g;5q:g;7p:g,3,neutral,FALSE,0,GSE185381,GSM5613760_2019-11-19-count-1
observation.observation_s36,4,4,2,0.5,FALSE,0.00069710700592541,4,1,3,11q:g;13q:g;22q:g;8p:l,3,neutral,FALSE,0,GSE185381,GSM5613760_2019-11-19-count-1
observation.observation_s56,3,3,0,0,FALSE,0,5,3,2,16p:l;18p:l;18q:l;1q:g;20p:g,3,neutral,FALSE,0,GSE185381,GSM5613760_2019-11-19-count-1
observation.observation_s51,2,2,0,0,FALSE,0,4,0,4,18p:g;18q:g;20p:g;7p:g,3,neutral,FALSE,0,GSE185381,GSM5613760_2019-11-19-count-1
observation.observation_s55,2,2,1,0.5,FALSE,0.000348553502962705,10,3,7,12p:g;17p:g;18q:l;20p:g;2q:l;7p:g;7q:g;8q:l;9p:g;9q:g,4,gain,FALSE,0,GSE185381,GSM5613760_2019-11-19-count-1
observation.observation_s61,2,2,1,0.5,FALSE,0.000348553502962705,7,4,3,16p:l;20p:g;20q:g;2q:l;3q:l;4q:l;7p:g,3,neutral,FALSE,0,GSE185381,GSM5613760_2019-11-19-count-1
observation.observation_s21,1,1,1,1,FALSE,0.000348553502962705,18,6,12,10p:g;11p:l;12p:g;16p:l;16q:g;17p:g;18p:g;18q:l;19p:g;19q:g;1q:g;20p:g;20q:g;4q:l;7p:g;7q:g;8q:l;9p:l,4,gain,FALSE,0,GSE185381,GSM5613760_2019-11-19-count-1
observation.observation_s49,1,1,1,1,FALSE,0.000348553502962705,13,7,6,11p:l;14q:l;15q:g;16p:g;17p:g;1q:g;22q:g;3p:l;3q:l;4q:l;5p:l;6q:l;8p:g,5,gain,FALSE,0,GSE185381,GSM5613760_2019-11-19-count-1
observation.observation_s50,1,1,1,1,FALSE,0.000348553502962705,16,5,11,10p:g;11p:g;11q:g;12p:g;14q:l;16p:l;17q:g;18p:g;19p:g;1q:g;21q:l;2p:l;5p:g;7p:g;7q:l;8q:g,4,gain,FALSE,0,GSE185381,GSM5613760_2019-11-19-count-1
observation.observation_s52,1,1,0,0,FALSE,0,13,5,8,15q:g;16p:g;20p:g;22q:g;3q:l;4p:l;5p:g;6p:l;6q:l;7p:g;8p:l;8q:g;9q:g,3,neutral,FALSE,0,GSE185381,GSM5613760_2019-11-19-count-1
observation.observation_s54,1,1,0,0,FALSE,0,9,5,4,11p:g;12p:l;17p:g;18p:l;18q:l;20p:g;3p:l;6p:l;7p:g,4,gain,FALSE,0,GSE185381,GSM5613760_2019-11-19-count-1
observation.observation_s57,1,1,1,1,FALSE,0.000348553502962705,13,3,10,10p:g;11p:g;12p:g;12q:g;18q:l;1q:g;20p:g;20q:g;21q:g;4p:g;4q:g;5p:l;9p:l,2,loss,TRUE,0.439655172413793,GSE185381,GSM5613760_2019-11-19-count-1
observation.observation_s58,1,1,1,1,FALSE,0.000348553502962705,15,6,9,11q:g;12p:g;15q:g;16q:g;17p:g;18p:l;18q:l;20q:g;22q:g;2q:l;5p:l;5q:g;6p:l;6q:l;8q:g,4,gain,FALSE,0,GSE185381,GSM5613760_2019-11-19-count-1
observation.observation_s59,1,1,1,1,FALSE,0.000348553502962705,14,7,7,12p:g;12q:g;14q:l;16q:g;17q:g;18q:l;19q:g;1p:l;1q:g;21q:g;2q:l;3p:l;5p:l;6p:l,3,neutral,FALSE,0,GSE185381,GSM5613760_2019-11-19-count-1
observation.observation_s60,1,1,1,1,FALSE,0.000348553502962705,9,4,5,16p:l;16q:l;1q:g;20p:g;20q:g;3q:l;5p:l;8p:g;9q:g,4,gain,FALSE,0,GSE185381,GSM5613760_2019-11-19-count-1
observation.observation_s62,1,1,1,1,FALSE,0.000348553502962705,11,4,7,12q:g;14q:l;16p:l;17q:g;1p:l;1q:g;20p:g;3q:g;6p:l;7p:g;9p:g,3,neutral,FALSE,0,GSE185381,GSM5613760_2019-11-19-count-1
observation.observation_s63,1,1,1,1,FALSE,0.000348553502962705,15,8,7,11p:l;11q:g;12p:g;15q:l;16q:l;17p:g;18p:l;18q:l;19p:g;19q:g;20p:g;22q:g;2q:l;6p:l;8q:l,5,gain,FALSE,0,GSE185381,GSM5613760_2019-11-19-count-1
reference_normal.reference_normal_s11,78,78,0,0,TRUE,0,0,0,0,"",3,neutral,FALSE,0,GSE185381,GSM5613760_2019-11-19-count-1
reference_normal.reference_normal_s15,72,72,0,0,TRUE,0,0,0,0,"",3,neutral,FALSE,0,GSE185381,GSM5613760_2019-11-19-count-1
reference_normal.reference_normal_s7,71,71,0,0,TRUE,0,0,0,0,"",3,neutral,FALSE,0,GSE185381,GSM5613760_2019-11-19-count-1
reference_normal.reference_normal_s13,61,61,0,0,TRUE,0,0,0,0,"",4,gain,FALSE,0,GSE185381,GSM5613760_2019-11-19-count-1
reference_normal.reference_normal_s17,60,60,0,0,TRUE,0,0,0,0,"",3,neutral,FALSE,0,GSE185381,GSM5613760_2019-11-19-count-1
reference_normal.reference_normal_s22,54,54,0,0,TRUE,0,0,0,0,"",3,neutral,FALSE,0,GSE185381,GSM5613760_2019-11-19-count-1
reference_normal.reference_normal_s24,50,50,0,0,TRUE,0,0,0,0,"",3,neutral,FALSE,0,GSE185381,GSM5613760_2019-11-19-count-1
reference_normal.reference_normal_s5,48,48,0,0,TRUE,0,1,0,1,12p:g,3,neutral,FALSE,0,GSE185381,GSM5613760_2019-11-19-count-1
reference_normal.reference_normal_s12,48,48,0,0,TRUE,0,1,0,1,9p:g,3,neutral,FALSE,0,GSE185381,GSM5613760_2019-11-19-count-1
reference_normal.reference_normal_s6,46,46,0,0,TRUE,0,0,0,0,"",3,neutral,FALSE,0,GSE185381,GSM5613760_2019-11-19-count-1
reference_normal.reference_normal_s8,40,40,0,0,TRUE,0,0,0,0,"",3,neutral,FALSE,0,GSE185381,GSM5613760_2019-11-19-count-1
reference_normal.reference_normal_s9,40,40,0,0,TRUE,0,0,0,0,"",3,neutral,FALSE,0,GSE185381,GSM5613760_2019-11-19-count-1
reference_normal.reference_normal_s2,36,36,0,0,TRUE,0,0,0,0,"",3,neutral,FALSE,0,GSE185381,GSM5613760_2019-11-19-count-1
reference_normal.reference_normal_s18,36,36,0,0,TRUE,0,0,0,0,"",3,neutral,FALSE,0,GSE185381,GSM5613760_2019-11-19-count-1
reference_normal.reference_normal_s14,31,31,0,0,TRUE,0,0,0,0,"",3,neutral,FALSE,0,GSE185381,GSM5613760_2019-11-19-count-1
reference_normal.reference_normal_s1,29,29,0,0,TRUE,0,0,0,0,"",3,neutral,FALSE,0,GSE185381,GSM5613760_2019-11-19-count-1
reference_normal.reference_normal_s20,29,29,0,0,TRUE,0,0,0,0,"",3,neutral,FALSE,0,GSE185381,GSM5613760_2019-11-19-count-1
reference_normal.reference_normal_s4,27,27,0,0,TRUE,0,1,0,1,12p:g,3,neutral,FALSE,0,GSE185381,GSM5613760_2019-11-19-count-1
reference_normal.reference_normal_s16,27,27,0,0,TRUE,0,0,0,0,"",3,neutral,FALSE,0,GSE185381,GSM5613760_2019-11-19-count-1
reference_normal.reference_normal_s23,25,25,0,0,TRUE,0,1,0,1,20p:g,3,neutral,FALSE,0,GSE185381,GSM5613760_2019-11-19-count-1
reference_normal.reference_normal_s21,21,21,0,0,TRUE,0,0,0,0,"",3,neutral,FALSE,0,GSE185381,GSM5613760_2019-11-19-count-1
reference_normal.reference_normal_s3,15,15,0,0,TRUE,0,0,0,0,"",3,neutral,FALSE,0,GSE185381,GSM5613760_2019-11-19-count-1
reference_normal.reference_normal_s10,15,15,0,0,TRUE,0,0,0,0,"",3,neutral,FALSE,0,GSE185381,GSM5613760_2019-11-19-count-1
reference_normal.reference_normal_s25,15,15,0,0,TRUE,0,1,0,1,7q:g,3,neutral,FALSE,0,GSE185381,GSM5613760_2019-11-19-count-1
reference_normal.reference_normal_s19,14,14,0,0,TRUE,0,0,0,0,"",3,neutral,FALSE,0,GSE185381,GSM5613760_2019-11-19-count-1
reference_normal.reference_normal_s26,6,6,0,0,TRUE,0,3,1,2,13q:l;16p:g;7q:g,3,neutral,FALSE,0,GSE185381,GSM5613760_2019-11-19-count-1
reference_normal.reference_normal_s27,5,5,0,0,TRUE,0,2,1,1,12p:l;16q:g,3,neutral,FALSE,0,GSE185381,GSM5613760_2019-11-19-count-1
reference_normal.reference_normal_s28,2,2,0,0,TRUE,0,2,0,2,10p:g;10q:g,3,neutral,FALSE,0,GSE185381,GSM5613760_2019-11-19-count-1
reference_normal.reference_normal_s29,1,1,0,0,TRUE,0,12,4,8,10q:l;12p:l;17p:g;18p:g;19p:g;19q:l;21q:g;2p:l;3q:g;4p:g;6q:g;9p:g,3,neutral,FALSE,0,GSE185381,GSM5613760_2019-11-19-count-1
