dataset	sample_id	gsm	pipeline_sample_id	join_rule
Chen2023	Chen2023__NBM1	not_applicable	NBM1	exact
Chen2023	Chen2023__NBM2	not_applicable	NBM2	exact
Chen2023	Chen2023__NBM3	not_applicable	NBM3	exact
Chen2023	Chen2023__NBM4	not_applicable	NBM4	exact
Chen2023	Chen2023__AML103	not_applicable	AML103	exact
Chen2023	Chen2023__AML24	not_applicable	AML24	exact
Chen2023	Chen2023__AML162	not_applicable	AML162	exact
Chen2023	Chen2023__AML304	not_applicable	AML304	exact
Chen2023	Chen2023__AML320	not_applicable	AML320	exact
Chen2023	Chen2023__AML469	not_applicable	AML469	exact
E-MTAB-11536	E-MTAB-11536__A29-BMA-1	ERS10978748	A29-BMA	suffix_strip
E-MTAB-11536	E-MTAB-11536__A31-BMA-1	ERS10978759	A31-BMA	suffix_strip
E-MTAB-11536	E-MTAB-11536__A35-BMA-1	ERS10978781	A35-BMA	suffix_strip
E-MTAB-11536	E-MTAB-11536__A36-BMA-1	ERS10978766	A36-BMA	suffix_strip
E-MTAB-11536	E-MTAB-11536__A37-BMA-1	ERS10978794	A37-BMA	suffix_strip
E-MTAB-11536	E-MTAB-11536__621B-BMA-90	not_applicable	621B-BMA	suffix_strip
E-MTAB-11536	E-MTAB-11536__637C-BMA-104	not_applicable	637C-BMA	suffix_strip
E-MTAB-11536	E-MTAB-11536__640C-BMA-121	not_applicable	640C-BMA	suffix_strip
E-MTAB-11536	E-MTAB-11536__D496-BMA-80	not_applicable		UNRESOLVED
E-MTAB-11536	E-MTAB-11536__D503-BMA-72	not_applicable		UNRESOLVED
GSE116256	GSE116256__BM1	GSM3587996	BM1	exact
GSE116256	GSE116256__BM2	GSM3587997	BM2	exact
GSE116256	GSE116256__BM3	GSM3587998	BM3	exact
GSE116256	GSE116256__BM4	GSM3588000	BM4	exact
GSE116256	GSE116256__BM5-34p	GSM3588002	BM5-34p	exact
GSE116256	GSE116256__BM5-34p38n	GSM3588003	BM5-34p38n	exact
GSE116256	GSE116256__AML1012-D0	GSM3587923	AML1012-D0	exact
GSE116256	GSE116256__AML210A-D0	GSM3587925	AML210A-D0	exact
GSE116256	GSE116256__AML314-D0	GSM3587927	AML314-D0	exact
GSE116256	GSE116256__AML314-D31	GSM3587929	AML314-D31	exact
GSE116256	GSE116256__AML328-D0	GSM3587931	AML328-D0	exact
GSE116256	GSE116256__AML328-D29	GSM3587937	AML328-D29	exact
GSE116256	GSE116256__AML328-D113	GSM3587933	AML328-D113	exact
GSE116256	GSE116256__AML328-D171	GSM3587935	AML328-D171	exact
GSE116256	GSE116256__AML329-D0	GSM3587940	AML329-D0	exact
GSE116256	GSE116256__AML329-D20	GSM3587942	AML329-D20	exact
GSE116256	GSE116256__AML329-D37	GSM3587944	AML329-D37	exact
GSE116256	GSE116256__AML371-D0	GSM3587946	AML371-D0	exact
GSE116256	GSE116256__AML371-D34	GSM3587948	AML371-D34	exact
GSE116256	GSE116256__AML419A-D0	GSM3587950	AML419A-D0	exact
GSE116256	GSE116256__AML420B-D0	GSM3587953	AML420B-D0	exact
GSE116256	GSE116256__AML420B-D14	GSM3587955	AML420B-D14	exact
GSE116256	GSE116256__AML420B-D35	GSM3587957	AML420B-D35	exact
GSE116256	GSE116256__AML475-D0	GSM3587959	AML475-D0	exact
GSE116256	GSE116256__AML475-D29	GSM3587961	AML475-D29	exact
GSE116256	GSE116256__AML556-D0	GSM3587963	AML556-D0	exact
GSE116256	GSE116256__AML556-D15	GSM3587965	AML556-D15	exact
GSE116256	GSE116256__AML556-D31	GSM3587967	AML556-D31	exact
GSE116256	GSE116256__AML707B-D0	GSM3587969	AML707B-D0	exact
GSE116256	GSE116256__AML707B-D18	GSM3587973	AML707B-D18	exact
GSE116256	GSE116256__AML707B-D41	GSM3587975	AML707B-D41	exact
GSE116256	GSE116256__AML707B-D97	GSM3587977	AML707B-D97	exact
GSE116256	GSE116256__AML707B-D113	GSM3587971	AML707B-D113	exact
GSE116256	GSE116256__AML722B-D0	GSM3587980	AML722B-D0	exact
GSE116256	GSE116256__AML722B-D49	GSM3587982	AML722B-D49	exact
GSE116256	GSE116256__AML870-D0	GSM3587984	AML870-D0	exact
GSE116256	GSE116256__AML870-D14	GSM3587986	AML870-D14	exact
GSE116256	GSE116256__AML916-D0	GSM3587988	AML916-D0	exact
GSE116256	GSE116256__AML921A-D0	GSM3587990	AML921A-D0	exact
GSE116256	GSE116256__AML997-D0	GSM3587992	AML997-D0	exact
GSE116256	GSE116256__AML997-D35	GSM3587994	AML997-D35	exact
GSE147989	GSE147989__007SCRBL	GSM4451501	007SCRBL	exact
GSE147989	GSE147989__007C1D1BL	GSM4451502	007C1D1BL	exact
GSE147989	GSE147989__009SCRBL	GSM4451499	009SCRBL	exact
GSE147989	GSE147989__009C1D1BL	GSM4451500	009C1D1BL	exact
GSE185381	GSE185381__AML001	GSM5613783	AML001	exact
GSE185381	GSE185381__AML0024	GSM5613779	AML0024	exact
GSE185381	GSE185381__AML003	GSM5613762	AML003	exact
GSE185381	GSE185381__AML0048	GSM5613766	AML0048	exact
GSE185381	GSE185381__AML005	GSM5613764	AML005	exact
GSE185381	GSE185381__AML006	GSM5613762	AML006	exact
GSE185381	GSE185381__AML008	GSM5613760	AML008	exact
GSE185381	GSE185381__AML009	GSM5613781	AML009	exact
GSE185381	GSE185381__AML0114	GSM5613788	AML0114	exact
GSE185381	GSE185381__AML012	GSM5613764	AML012	exact
GSE185381	GSE185381__AML0160	GSM5613744	AML0160	exact
GSE185381	GSE185381__AML022	GSM5613769	AML022	exact
GSE185381	GSE185381__AML025	GSM5613762	AML025	exact
GSE185381	GSE185381__AML026	GSM5613782	AML026	exact
GSE185381	GSE185381__AML028	GSM5613760	AML028	exact
GSE185381	GSE185381__AML0310	GSM5613744	AML0310	exact
GSE185381	GSE185381__AML0361	GSM5613751	AML0361	exact
GSE185381	GSE185381__AML038	GSM5613760	AML038	exact
GSE185381	GSE185381__AML043	GSM5613760	AML043	exact
GSE185381	GSE185381__AML048	GSM5613764	AML048	exact
GSE185381	GSE185381__AML051	GSM5613782	AML051	exact
GSE185381	GSE185381__AML052	GSM5613769	AML052	exact
GSE185381	GSE185381__AML055	GSM5613764	AML055	exact
GSE185381	GSE185381__AML056	GSM5613760	AML056	exact
GSE185381	GSE185381__AML0612	GSM5613744	AML0612	exact
GSE185381	GSE185381__AML0693	GSM5613784	AML0693	exact
GSE185381	GSE185381__AML073	GSM5613762	AML073	exact
GSE185381	GSE185381__AML1371	GSM5613777	AML1371	exact
GSE185381	GSE185381__AML2123	GSM5613772	AML2123	exact
GSE185381	GSE185381__AML2451	GSM5613756	AML2451	exact
GSE185381	GSE185381__AML2910	GSM5613751	AML2910	exact
GSE185381	GSE185381__AML3050	GSM5613751	AML3050	exact
GSE185381	GSE185381__AML3133	GSM5613744	AML3133	exact
GSE185381	GSE185381__AML3266	GSM5613768	AML3266	exact
GSE185381	GSE185381__AML3730	GSM5613786	AML3730	exact
GSE185381	GSE185381__AML3762	GSM5613744	AML3762	exact
GSE185381	GSE185381__AML3948	GSM5613785	AML3948	exact
GSE185381	GSE185381__AML4340	GSM5613777	AML4340	exact
GSE185381	GSE185381__AML4897	GSM5613780	AML4897	exact
GSE185381	GSE185381__Control0004	GSM5613756	Control0004	exact
GSE185381	GSE185381__Control0005	GSM5613781	Control0005	exact
GSE185381	GSE185381__Control0058	GSM5613757	Control0058	exact
GSE185381	GSE185381__Control0082	GSM5613769	Control0082	exact
GSE185381	GSE185381__Control1	GSM5613747	Control1	exact
GSE185381	GSE185381__Control2	GSM5613747	Control2	exact
GSE185381	GSE185381__Control3	GSM5613747	Control3	exact
GSE185381	GSE185381__Control4	GSM5613747	Control4	exact
GSE185381	GSE185381__Control4003	GSM5613774	Control4003	exact
GSE185381	GSE185381__Control5	GSM5613751	Control5	exact
GSE185381	GSE185381__PAUMTZ	GSM5613757	PAUMTZ	exact
GSE185381	GSE185381__PAWWEE	GSM5613753	PAWWEE	exact
GSE185381	GSE185381__PAXMIJ	GSM5613757	PAXMIJ	exact
GSE185991	GSE185991__PT01_DX	GSM5628163;GSM5628164	GSM5628163_M03;GSM5628164_M04	gsm_multi_2
GSE185991	GSE185991__PT01_D14	GSM5628165;GSM5628166	GSM5628165_M05;GSM5628166_M06	gsm_multi_2
GSE185991	GSE185991__PT01_D30	GSM5628177;GSM5628190	GSM5628177_M27;GSM5628190_M43	gsm_multi_2
GSE185991	GSE185991__PT01_D30_RI	GSM5628177;GSM5628190	GSM5628177_M27;GSM5628190_M43	gsm_multi_2
GSE185991	GSE185991__PT02_DX	GSM5628175	GSM5628175_M25	gsm_prefix
GSE185991	GSE185991__PT02_D30	GSM5628176	GSM5628176_M26	gsm_prefix
GSE185991	GSE185991__PT06_DX	GSM5628167;GSM5628168	GSM5628167_M07;GSM5628168_M08	gsm_multi_2
GSE185991	GSE185991__PT06_D14	GSM5628169;GSM5628170	GSM5628169_M09;GSM5628170_M10	gsm_multi_2
GSE185991	GSE185991__PT07_DX	GSM5628171;GSM5628172	GSM5628171_M21;GSM5628172_M22	gsm_multi_2
GSE185991	GSE185991__PT07_D14	GSM5628173;GSM5628174	GSM5628173_M23;GSM5628174_M24	gsm_multi_2
GSE185991	GSE185991__PT08_DX	GSM5628178	GSM5628178_M28	gsm_prefix
GSE185991	GSE185991__PT08_D14	GSM5628179	GSM5628179_M29	gsm_prefix
GSE185991	GSE185991__PT08_D30	GSM5628186	GSM5628186_M39	gsm_prefix
GSE185991	GSE185991__PT08_REL	GSM5628180;GSM5628181	GSM5628180_M30;GSM5628181_M31	gsm_multi_2
GSE185991	GSE185991__PT08_REL_NR	GSM5628180;GSM5628181	GSM5628180_M30;GSM5628181_M31	gsm_multi_2
GSE185991	GSE185991__PT09_DX	GSM5628182	GSM5628182_M32	gsm_prefix
GSE185991	GSE185991__PT09_D14	GSM5628184	GSM5628184_M34	gsm_prefix
GSE185991	GSE185991__PT09_D30	GSM5628197	GSM5628197_M50	gsm_prefix
GSE185991	GSE185991__PT10_DX	GSM5628183	GSM5628183_M33	gsm_prefix
GSE185991	GSE185991__PT10_D14	GSM5628185	GSM5628185_M35	gsm_prefix
GSE185991	GSE185991__PT10_D30	GSM5628190	GSM5628190_M43	gsm_prefix
GSE185991	GSE185991__PT10_REL	GSM5628189	GSM5628189_M42	gsm_prefix
GSE185991	GSE185991__PT11_DX	GSM6412447	GSM6412447_M36	gsm_prefix
GSE185991	GSE185991__PT11_D30	GSM6412448	GSM6412448_M38	gsm_prefix
GSE185991	GSE185991__PT12_DX	GSM5628187	GSM5628187_M40	gsm_prefix
GSE185991	GSE185991__PT12_D14	GSM5628191	GSM5628191_M44	gsm_prefix
GSE185991	GSE185991__PT12_D30	GSM5628192	GSM5628192_M45	gsm_prefix
GSE185991	GSE185991__PT13_DX	GSM5628188	GSM5628188_M41	gsm_prefix
GSE185991	GSE185991__PT13_D14	GSM5628191	GSM5628191_M44	gsm_prefix
GSE185991	GSE185991__PT13_D30	GSM5628197	GSM5628197_M50	gsm_prefix
GSE185991	GSE185991__PT15_DX	GSM5628195	GSM5628195_M48	gsm_prefix
GSE185991	GSE185991__PT15_REL	GSM5628196	GSM5628196_M49	gsm_prefix
GSE185991	GSE185991__PT17_DX	GSM6412449	GSM6412449_M84	gsm_prefix
GSE185991	GSE185991__PT17_D14	GSM6412453	GSM6412453_M92	gsm_prefix
GSE185991	GSE185991__PT17_D30	GSM6412450	GSM6412450_M85	gsm_prefix
GSE185991	GSE185991__PT18_DX	GSM6412451	GSM6412451_M88	gsm_prefix
GSE185991	GSE185991__PT18_D14	GSM6412452	GSM6412452_M89	gsm_prefix
GSE185991	GSE185991__PT18_D30	unknown		UNRESOLVED
GSE185991	GSE185991__PT19_REL	GSM6412454	GSM6412454_M93	gsm_prefix
GSE185991	GSE185991__PT20_REL	GSM6412455	GSM6412455_M95	gsm_prefix
GSE201966	GSE201966__AML01M4_P	GSM6085177	GSM6085177_AML01M4_P	gsm_prefix
GSE201966	GSE201966__AML01M4_CR	GSM6085176	GSM6085176_AML01M4_CR	gsm_prefix
GSE201966	GSE201966__AML01M4_RE	GSM6085178	GSM6085178_AML01M4_RE	gsm_prefix
GSE201966	GSE201966__AML02M5_P	GSM6085179	GSM6085179_AML02M5_P	gsm_prefix
GSE201966	GSE201966__AML02M5_RE	GSM6085180	GSM6085180_AML02M5_RE	gsm_prefix
GSE201966	GSE201966__AML03M5_P	GSM6085181	GSM6085181_AML03M5_P	gsm_prefix
GSE201966	GSE201966__AML03M5_RE	GSM6085182	GSM6085182_AML03M5_RE	gsm_prefix
GSE207356	GSE207356__TS173_04_Sample_D_screening_pretreatment	GSM6284912	GSM6284912_TS173_04_Sample_D	gsm_prefix
GSE207356	GSE207356__TS173_05_Sample_E_treatment_timepoint2_Cycle2_Day3	GSM6284913	GSM6284913_TS173_05_Sample_E	gsm_prefix
GSE207356	GSE207356__TS173_06_Sample_F_treatment_timepoint4_Cycle4_Day1	GSM6284914	GSM6284914_TS173_06_Sample_F	gsm_prefix
GSE227903	GSE227903__1216_Dg	GSM7110543	1216_Dg	exact
GSE227903	GSE227903__1216_MRD	GSM7110544	1216_MRD	exact
GSE227903	GSE227903__1216_R	GSM7110545	1216_R	exact
GSE227903	GSE227903__1886_Dg	GSM7110546	1886_Dg	exact
GSE227903	GSE227903__1886_MRD	GSM7110547	1886_MRD	exact
GSE227903	GSE227903__1886_R	GSM7110548	1886_R	exact
GSE227903	GSE227903__3822_Dg	GSM7110549	3822_Dg	exact
GSE227903	GSE227903__3822_R	GSM7110550	3822_R	exact
GSE227903	GSE227903__3853_Dg	GSM7110551	3853_Dg	exact
GSE227903	GSE227903__3853_R	GSM7110552	3853_R	exact
GSE227903	GSE227903__3904_Dg	GSM7110553	3904_Dg	exact
GSE227903	GSE227903__3904_MRD	GSM7110554	3904_MRD	exact
GSE227903	GSE227903__3904_R	GSM7110555	3904_R	exact
GSE227903	GSE227903__40389_Dg	GSM7110556	40389_Dg	exact
GSE227903	GSE227903__40389_MRD	GSM7110557	40389_MRD	exact
GSE227903	GSE227903__40389_R	GSM7110558	40389_R	exact
GSE227903	GSE227903__4978_Dg	GSM7110559	4978_Dg	exact
GSE227903	GSE227903__4978_MRD	GSM7110560	4978_MRD	exact
GSE227903	GSE227903__4978_R	GSM7110561	4978_R	exact
GSE227903	GSE227903__5143_Dg	GSM7110562	5143_Dg	exact
GSE227903	GSE227903__5143_R	GSM7110563	5143_R	exact
GSE227903	GSE227903__5750_Dg	GSM7110564	5750_Dg	exact
GSE227903	GSE227903__5750_MRD	GSM7110565	5750_MRD	exact
GSE227903	GSE227903__5750_R	GSM7110566	5750_R	exact
GSE227903	GSE227903__6323_Dg	GSM7110567	6323_Dg	exact
GSE227903	GSE227903__6323_MRD	GSM7110568	6323_MRD	exact
GSE227903	GSE227903__6323_R	GSM7110569	6323_R	exact
GSE227903	GSE227903__6323_R2	GSM7110570	6323_R2	exact
GSE239721	GSE239721__Patient1	GSM7670474	PT10A;PT12A;PT13A;PT14A;PT15A;PT16A;PT17A;PT19A;PT20A;PT21A;PT22A;PT23A;PT25A;PT26A;PT27A;PT28A;PT29A;PT30A;PT32A;PT9A	broadcast
GSE239721	GSE239721__Patient2	GSM7670475	PT10A;PT12A;PT13A;PT14A;PT15A;PT16A;PT17A;PT19A;PT20A;PT21A;PT22A;PT23A;PT25A;PT26A;PT27A;PT28A;PT29A;PT30A;PT32A;PT9A	broadcast
GSE239721	GSE239721__Patient3	GSM7670476	PT10A;PT12A;PT13A;PT14A;PT15A;PT16A;PT17A;PT19A;PT20A;PT21A;PT22A;PT23A;PT25A;PT26A;PT27A;PT28A;PT29A;PT30A;PT32A;PT9A	broadcast
GSE239721	GSE239721__Patient4	GSM7670477	PT10A;PT12A;PT13A;PT14A;PT15A;PT16A;PT17A;PT19A;PT20A;PT21A;PT22A;PT23A;PT25A;PT26A;PT27A;PT28A;PT29A;PT30A;PT32A;PT9A	broadcast
GSE239721	GSE239721__Patient5	GSM7670478	PT10A;PT12A;PT13A;PT14A;PT15A;PT16A;PT17A;PT19A;PT20A;PT21A;PT22A;PT23A;PT25A;PT26A;PT27A;PT28A;PT29A;PT30A;PT32A;PT9A	broadcast
GSE239721	GSE239721__Patient6	GSM7670479	PT10A;PT12A;PT13A;PT14A;PT15A;PT16A;PT17A;PT19A;PT20A;PT21A;PT22A;PT23A;PT25A;PT26A;PT27A;PT28A;PT29A;PT30A;PT32A;PT9A	broadcast
GSE239721	GSE239721__Patient7	GSM7670480	PT10A;PT12A;PT13A;PT14A;PT15A;PT16A;PT17A;PT19A;PT20A;PT21A;PT22A;PT23A;PT25A;PT26A;PT27A;PT28A;PT29A;PT30A;PT32A;PT9A	broadcast
GSE239721	GSE239721__Patient8	GSM7670481	PT10A;PT12A;PT13A;PT14A;PT15A;PT16A;PT17A;PT19A;PT20A;PT21A;PT22A;PT23A;PT25A;PT26A;PT27A;PT28A;PT29A;PT30A;PT32A;PT9A	broadcast
GSE239721	GSE239721__Patient9	GSM7670482	PT10A;PT12A;PT13A;PT14A;PT15A;PT16A;PT17A;PT19A;PT20A;PT21A;PT22A;PT23A;PT25A;PT26A;PT27A;PT28A;PT29A;PT30A;PT32A;PT9A	broadcast
GSE239721	GSE239721__Patient10	GSM7670483	PT10A;PT12A;PT13A;PT14A;PT15A;PT16A;PT17A;PT19A;PT20A;PT21A;PT22A;PT23A;PT25A;PT26A;PT27A;PT28A;PT29A;PT30A;PT32A;PT9A	broadcast
GSE239721	GSE239721__Patient11	GSM7670484	PT10A;PT12A;PT13A;PT14A;PT15A;PT16A;PT17A;PT19A;PT20A;PT21A;PT22A;PT23A;PT25A;PT26A;PT27A;PT28A;PT29A;PT30A;PT32A;PT9A	broadcast
GSE239721	GSE239721__Patient12	GSM7670485	PT10A;PT12A;PT13A;PT14A;PT15A;PT16A;PT17A;PT19A;PT20A;PT21A;PT22A;PT23A;PT25A;PT26A;PT27A;PT28A;PT29A;PT30A;PT32A;PT9A	broadcast
GSE239721	GSE239721__Patient13	GSM7670486	PT10A;PT12A;PT13A;PT14A;PT15A;PT16A;PT17A;PT19A;PT20A;PT21A;PT22A;PT23A;PT25A;PT26A;PT27A;PT28A;PT29A;PT30A;PT32A;PT9A	broadcast
GSE239721	GSE239721__Patient14	GSM7670487	PT10A;PT12A;PT13A;PT14A;PT15A;PT16A;PT17A;PT19A;PT20A;PT21A;PT22A;PT23A;PT25A;PT26A;PT27A;PT28A;PT29A;PT30A;PT32A;PT9A	broadcast
GSE239721	GSE239721__Patient15	GSM7670488	PT10A;PT12A;PT13A;PT14A;PT15A;PT16A;PT17A;PT19A;PT20A;PT21A;PT22A;PT23A;PT25A;PT26A;PT27A;PT28A;PT29A;PT30A;PT32A;PT9A	broadcast
GSE239721	GSE239721__Patient16	GSM7670489	PT10A;PT12A;PT13A;PT14A;PT15A;PT16A;PT17A;PT19A;PT20A;PT21A;PT22A;PT23A;PT25A;PT26A;PT27A;PT28A;PT29A;PT30A;PT32A;PT9A	broadcast
GSE239721	GSE239721__Patient17	GSM7670490	PT10A;PT12A;PT13A;PT14A;PT15A;PT16A;PT17A;PT19A;PT20A;PT21A;PT22A;PT23A;PT25A;PT26A;PT27A;PT28A;PT29A;PT30A;PT32A;PT9A	broadcast
GSE239721	GSE239721__Patient18	GSM7670491	PT10A;PT12A;PT13A;PT14A;PT15A;PT16A;PT17A;PT19A;PT20A;PT21A;PT22A;PT23A;PT25A;PT26A;PT27A;PT28A;PT29A;PT30A;PT32A;PT9A	broadcast
GSE239721	GSE239721__Patient19	GSM7670492	PT10A;PT12A;PT13A;PT14A;PT15A;PT16A;PT17A;PT19A;PT20A;PT21A;PT22A;PT23A;PT25A;PT26A;PT27A;PT28A;PT29A;PT30A;PT32A;PT9A	broadcast
GSE239721	GSE239721__Patient20	GSM7670493	PT10A;PT12A;PT13A;PT14A;PT15A;PT16A;PT17A;PT19A;PT20A;PT21A;PT22A;PT23A;PT25A;PT26A;PT27A;PT28A;PT29A;PT30A;PT32A;PT9A	broadcast
GSE253355	GSE253355__H14_MACS	GSM8019212	GSM8019212_H14_MACS	gsm_prefix
GSE253355	GSE253355__H21	GSM8019213	GSM8019213_H21	gsm_prefix
GSE253355	GSE253355__H23	GSM8019214	GSM8019214_H23	gsm_prefix
GSE253355	GSE253355__H24	GSM8019215	GSM8019215_H24	gsm_prefix
GSE253355	GSE253355__H32	GSM8019216	GSM8019216_H32	gsm_prefix
GSE253355	GSE253355__H33	GSM8019217	GSM8019217_H33	gsm_prefix
GSE253355	GSE253355__H34	GSM8019218	GSM8019218_H34	gsm_prefix
GSE253355	GSE253355__H35	GSM8019219	GSM8019219_H35	gsm_prefix
GSE253355	GSE253355__H36	GSM8019220	GSM8019220_H36	gsm_prefix
GSE253355	GSE253355__H38	GSM8019221	GSM8019221_H38	gsm_prefix
GSE253355	GSE253355__H39	GSM8019222	GSM8019222_H39	gsm_prefix
GSE253355	GSE253355__H41	GSM8019223	GSM8019223_H41	gsm_prefix
GSE289435	GSE289435__MLL_14666	GSM8791432	GSM8791432_MLL_14666	gsm_prefix
GSE289435	GSE289435__MLL_16703	GSM8791433	GSM8791433_MLL_16703	gsm_prefix
GSE289435	GSE289435__MLL_17746	GSM8791434	GSM8791434_MLL_17746	gsm_prefix
GSE289435	GSE289435__MLL_17843	GSM8791435	GSM8791435_MLL_17843	gsm_prefix
GSE289435	GSE289435__MLL_17844	GSM8791436	GSM8791436_MLL_17844	gsm_prefix
GSE289435	GSE289435__MLL_28824	GSM8791437	GSM8791437_MLL_28824	gsm_prefix
GSE289435	GSE289435__MLL_28830	GSM8791438	GSM8791438_MLL_28830	gsm_prefix
GSE289435	GSE289435__MLL_28855	GSM8791439	GSM8791439_MLL_28855	gsm_prefix
GSE289435	GSE289435__MLL_29512	GSM8791440		UNRESOLVED
GSE289435	GSE289435__MLL_29532	GSM8791441	GSM8791441_MLL_29532	gsm_prefix
GSE289435	GSE289435__MLL_29538	GSM8791442	GSM8791442_MLL_29538	gsm_prefix
GSE289435	GSE289435__MLL_30862	GSM8791443	GSM8791443_MLL_30862	gsm_prefix
GSE289435	GSE289435__MLL_30886	GSM8791444	GSM8791444_MLL_30886	gsm_prefix
Petti2019	Petti2019__508084	not_applicable	508084	exact
Petti2019	Petti2019__548327	not_applicable	548327	exact
Petti2019	Petti2019__721214	not_applicable	721214	exact
Petti2019	Petti2019__782328	not_applicable	782328	exact
Petti2019	Petti2019__809653	not_applicable	809653	exact
