dataset,sample,hierarchy_bin,mal_status,n_cells,n_high_error
Chen2023,AML103_CD34,Mono_DC,no_consensus,703,13
Chen2023,AML103_CD34,LMPP_GMP,no_consensus,33,3
Chen2023,AML103_CD34,HSC_MPP,no_consensus,8,0
Chen2023,AML103_CD34,Erythroid,no_consensus,4,1
Chen2023,AML103_CD34,B_Plasma,no_consensus,3,0
Chen2023,AML103_CD34,T_NK,no_consensus,1,1
Chen2023,AML103_Niche_Immune,B_Plasma,normal,413,0
Chen2023,AML103_Niche_Immune,B_Plasma,malignant,80,0
Chen2023,AML103_Niche_Immune,T_NK,normal,218,7
Chen2023,AML103_Niche_Immune,Mono_DC,malignant,3,1
Chen2023,AML103_Niche_Immune,Erythroid,normal,4,0
Chen2023,AML103_Niche_Immune,Mono_DC,normal,3,0
Chen2023,AML103_Niche_Immune,Erythroid,malignant,3,1
Chen2023,AML103_Niche_Immune,LMPP_GMP,normal,2,0
Chen2023,AML103_Niche_Immune,T_NK,malignant,15,0
Chen2023,AML103_Niche_Immune,HSC_MPP,malignant,4,3
Chen2023,AML103_Niche_Immune,Megakaryocyte,normal,2,0
Chen2023,AML103_Niche_Immune,Megakaryocyte,malignant,1,0
Chen2023,AML162_CD34,LMPP_GMP,no_consensus,574,52
Chen2023,AML162_CD34,Mono_DC,no_consensus,1355,52
Chen2023,AML162_CD34,Erythroid,no_consensus,53,6
Chen2023,AML162_CD34,Megakaryocyte,no_consensus,35,0
Chen2023,AML162_CD34,HSC_MPP,no_consensus,87,7
Chen2023,AML162_CD34,T_NK,no_consensus,1,0
Chen2023,AML162_niche_immune,Mono_DC,normal,79,4
Chen2023,AML162_niche_immune,B_Plasma,normal,605,1
Chen2023,AML162_niche_immune,T_NK,normal,944,86
Chen2023,AML162_niche_immune,B_Plasma,malignant,130,1
Chen2023,AML162_niche_immune,T_NK,malignant,22,9
Chen2023,AML162_niche_immune,LMPP_GMP,normal,73,12
Chen2023,AML162_niche_immune,Erythroid,normal,2,0
Chen2023,AML162_niche_immune,LMPP_GMP,malignant,14,1
Chen2023,AML162_niche_immune,HSC_MPP,normal,10,7
Chen2023,AML162_niche_immune,HSC_MPP,malignant,6,2
Chen2023,AML162_niche_immune,Mono_DC,malignant,6,1
Chen2023,AML24_CD34,Mono_DC,no_consensus,9197,70
Chen2023,AML24_CD34,HSC_MPP,no_consensus,23,1
Chen2023,AML24_CD34,LMPP_GMP,no_consensus,15,0
Chen2023,AML24_CD34,T_NK,no_consensus,3,1
Chen2023,AML24_CD34,B_Plasma,no_consensus,1,0
Chen2023,AML24_CD34,Megakaryocyte,no_consensus,3,0
Chen2023,AML24_CD34,Erythroid,no_consensus,3,0
Chen2023,AML24_Niche_Immune,Erythroid,normal,26,0
Chen2023,AML24_Niche_Immune,T_NK,normal,1220,185
Chen2023,AML24_Niche_Immune,B_Plasma,normal,532,0
Chen2023,AML24_Niche_Immune,Erythroid,malignant,17,0
Chen2023,AML24_Niche_Immune,T_NK,malignant,19,0
Chen2023,AML24_Niche_Immune,B_Plasma,malignant,3,0
Chen2023,AML24_Niche_Immune,Megakaryocyte,malignant,9,0
Chen2023,AML24_Niche_Immune,Megakaryocyte,normal,4,0
Chen2023,AML24_Niche_Immune,Mono_DC,normal,4,0
Chen2023,AML24_Niche_Immune,LMPP_GMP,normal,2,0
Chen2023,AML24_Niche_Immune,Mono_DC,malignant,1,0
Chen2023,AML304_CD34,Mono_DC,no_consensus,1572,41
Chen2023,AML304_CD34,HSC_MPP,no_consensus,654,66
Chen2023,AML304_CD34,LMPP_GMP,no_consensus,297,9
Chen2023,AML304_CD34,T_NK,no_consensus,39,0
Chen2023,AML304_CD34,Erythroid,no_consensus,2,0
Chen2023,AML304_CD34,Megakaryocyte,no_consensus,1,0
Chen2023,AML304_Niche_Immune,T_NK,normal,1838,136
Chen2023,AML304_Niche_Immune,B_Plasma,malignant,296,1
Chen2023,AML304_Niche_Immune,B_Plasma,normal,794,0
Chen2023,AML304_Niche_Immune,Mono_DC,normal,212,14
Chen2023,AML304_Niche_Immune,HSC_MPP,malignant,85,51
Chen2023,AML304_Niche_Immune,Erythroid,normal,31,0
Chen2023,AML304_Niche_Immune,LMPP_GMP,normal,50,3
Chen2023,AML304_Niche_Immune,HSC_MPP,normal,26,11
Chen2023,AML304_Niche_Immune,T_NK,malignant,57,9
Chen2023,AML304_Niche_Immune,Megakaryocyte,malignant,23,0
Chen2023,AML304_Niche_Immune,Megakaryocyte,normal,7,0
Chen2023,AML304_Niche_Immune,Mono_DC,malignant,24,8
Chen2023,AML304_Niche_Immune,Erythroid,malignant,4,2
Chen2023,AML304_Niche_Immune,LMPP_GMP,malignant,7,5
Chen2023,AML320_CD34,T_NK,no_consensus,130,12
Chen2023,AML320_CD34,LMPP_GMP,no_consensus,2657,213
Chen2023,AML320_CD34,B_Plasma,no_consensus,21,0
Chen2023,AML320_CD34,HSC_MPP,no_consensus,74,10
Chen2023,AML320_CD34,Erythroid,no_consensus,32,3
Chen2023,AML320_CD34,Mono_DC,no_consensus,24,0
Chen2023,AML320_CD34,Megakaryocyte,no_consensus,3,0
Chen2023,AML320_NICHE_IMMUNE,B_Plasma,normal,2315,0
Chen2023,AML320_NICHE_IMMUNE,B_Plasma,malignant,437,0
Chen2023,AML320_NICHE_IMMUNE,T_NK,normal,1742,123
Chen2023,AML320_NICHE_IMMUNE,Erythroid,normal,133,3
Chen2023,AML320_NICHE_IMMUNE,LMPP_GMP,malignant,46,0
Chen2023,AML320_NICHE_IMMUNE,LMPP_GMP,normal,246,16
Chen2023,AML320_NICHE_IMMUNE,Megakaryocyte,malignant,18,0
Chen2023,AML320_NICHE_IMMUNE,HSC_MPP,normal,40,11
Chen2023,AML320_NICHE_IMMUNE,HSC_MPP,malignant,12,8
Chen2023,AML320_NICHE_IMMUNE,Megakaryocyte,normal,34,2
Chen2023,AML320_NICHE_IMMUNE,Mono_DC,malignant,16,2
Chen2023,AML320_NICHE_IMMUNE,T_NK,malignant,24,2
Chen2023,AML320_NICHE_IMMUNE,Erythroid,malignant,1,1
Chen2023,AML469_CD34,LMPP_GMP,no_consensus,3037,204
Chen2023,AML469_CD34,HSC_MPP,no_consensus,117,18
Chen2023,AML469_CD34,Erythroid,no_consensus,34,6
Chen2023,AML469_CD34,Mono_DC,no_consensus,1,0
Chen2023,AML469_CD34,B_Plasma,no_consensus,5,0
Chen2023,NBM1_CD34,T_NK,no_consensus,341,28
Chen2023,NBM1_CD34,Mono_DC,no_consensus,3920,40
Chen2023,NBM1_CD34,LMPP_GMP,no_consensus,1531,65
Chen2023,NBM1_CD34,HSC_MPP,no_consensus,929,91
Chen2023,NBM1_CD34,Erythroid,no_consensus,467,15
Chen2023,NBM1_CD34,B_Plasma,no_consensus,545,10
Chen2023,NBM1_CD34,Megakaryocyte,no_consensus,124,2
Chen2023,NBM1_Niche_Immune,Megakaryocyte,malignant,2,0
Chen2023,NBM1_Niche_Immune,T_NK,normal,2558,177
Chen2023,NBM1_Niche_Immune,B_Plasma,normal,1263,4
Chen2023,NBM1_Niche_Immune,B_Plasma,malignant,208,0
Chen2023,NBM1_Niche_Immune,Erythroid,malignant,1,0
Chen2023,NBM1_Niche_Immune,T_NK,malignant,81,2
Chen2023,NBM1_Niche_Immune,Mono_DC,normal,31,0
Chen2023,NBM1_Niche_Immune,LMPP_GMP,normal,5,1
Chen2023,NBM1_Niche_Immune,Mono_DC,malignant,8,0
Chen2023,NBM1_Niche_Immune,HSC_MPP,normal,3,3
Chen2023,NBM1_Niche_Immune,Erythroid,normal,1,0
Chen2023,NBM1_Niche_Immune,HSC_MPP,malignant,2,2
Chen2023,NBM1_Niche_Immune,LMPP_GMP,malignant,1,0
Chen2023,NBM1_Niche_Immune,Megakaryocyte,normal,1,0
Chen2023,NBM2_CD34,HSC_MPP,no_consensus,385,20
Chen2023,NBM2_CD34,LMPP_GMP,no_consensus,413,14
Chen2023,NBM2_CD34,Mono_DC,no_consensus,1421,11
Chen2023,NBM2_CD34,T_NK,no_consensus,101,2
Chen2023,NBM2_CD34,Erythroid,no_consensus,158,1
Chen2023,NBM2_CD34,B_Plasma,no_consensus,41,0
Chen2023,NBM2_CD34,Megakaryocyte,no_consensus,7,0
Chen2023,NBM2_Niche_Immune,T_NK,normal,1243,32
Chen2023,NBM2_Niche_Immune,B_Plasma,normal,334,0
Chen2023,NBM2_Niche_Immune,T_NK,malignant,54,1
Chen2023,NBM2_Niche_Immune,B_Plasma,malignant,56,0
Chen2023,NBM2_Niche_Immune,Mono_DC,malignant,10,0
Chen2023,NBM2_Niche_Immune,Mono_DC,normal,8,0
Chen2023,NBM2_Niche_Immune,Megakaryocyte,malignant,8,0
Chen2023,NBM2_Niche_Immune,Erythroid,malignant,2,1
Chen2023,NBM2_Niche_Immune,HSC_MPP,malignant,2,2
Chen2023,NBM3_CD34,B_Plasma,no_consensus,879,8
Chen2023,NBM3_CD34,Mono_DC,no_consensus,2974,32
Chen2023,NBM3_CD34,LMPP_GMP,no_consensus,1292,65
Chen2023,NBM3_CD34,HSC_MPP,no_consensus,1350,145
Chen2023,NBM3_CD34,Erythroid,no_consensus,833,12
Chen2023,NBM3_CD34,T_NK,no_consensus,601,52
Chen2023,NBM3_CD34,Megakaryocyte,no_consensus,97,0
Chen2023,NBM3_Niche_immune,T_NK,normal,2153,129
Chen2023,NBM3_Niche_immune,B_Plasma,normal,744,0
Chen2023,NBM3_Niche_immune,T_NK,malignant,68,2
Chen2023,NBM3_Niche_immune,B_Plasma,malignant,85,0
Chen2023,NBM3_Niche_immune,Mono_DC,normal,14,0
Chen2023,NBM3_Niche_immune,Megakaryocyte,malignant,4,0
Chen2023,NBM3_Niche_immune,Mono_DC,malignant,1,0
Chen2023,NBM3_Niche_immune,Megakaryocyte,normal,1,0
Chen2023,NBM3_Niche_immune,Erythroid,normal,2,0
Chen2023,NBM3_Niche_immune,LMPP_GMP,normal,4,0
Chen2023,NBM3_Niche_immune,Erythroid,malignant,1,0
Chen2023,NBM3_Niche_immune,HSC_MPP,normal,1,1
Chen2023,NBM4_CD34,B_Plasma,no_consensus,514,10
Chen2023,NBM4_CD34,Mono_DC,no_consensus,1878,23
Chen2023,NBM4_CD34,Erythroid,no_consensus,354,4
Chen2023,NBM4_CD34,T_NK,no_consensus,429,32
Chen2023,NBM4_CD34,LMPP_GMP,no_consensus,716,34
Chen2023,NBM4_CD34,HSC_MPP,no_consensus,820,86
Chen2023,NBM4_CD34,Megakaryocyte,no_consensus,73,0
Chen2023,NBM4_Niche_Immune,T_NK,normal,2079,103
Chen2023,NBM4_Niche_Immune,B_Plasma,normal,708,1
Chen2023,NBM4_Niche_Immune,T_NK,malignant,74,1
Chen2023,NBM4_Niche_Immune,B_Plasma,malignant,41,1
Chen2023,NBM4_Niche_Immune,Erythroid,malignant,2,0
Chen2023,NBM4_Niche_Immune,Mono_DC,normal,18,0
Chen2023,NBM4_Niche_Immune,Mono_DC,malignant,3,0
Chen2023,NBM4_Niche_Immune,Megakaryocyte,malignant,2,0
Chen2023,NBM4_Niche_Immune,LMPP_GMP,normal,1,0
E-MTAB-11536,621B-BMA,T_NK,no_consensus,500,45
E-MTAB-11536,621B-BMA,B_Plasma,no_consensus,60,0
E-MTAB-11536,621B-BMA,Mono_DC,no_consensus,20,0
E-MTAB-11536,621B-BMA,LMPP_GMP,no_consensus,1,0
E-MTAB-11536,637C-BLD,T_NK,no_consensus,611,31
E-MTAB-11536,637C-BLD,Mono_DC,no_consensus,30,0
E-MTAB-11536,637C-BLD,Megakaryocyte,no_consensus,1,0
E-MTAB-11536,637C-BLD,B_Plasma,no_consensus,18,0
E-MTAB-11536,637C-BMA,T_NK,no_consensus,1114,43
E-MTAB-11536,637C-BMA,Mono_DC,no_consensus,101,0
E-MTAB-11536,637C-BMA,B_Plasma,no_consensus,95,0
E-MTAB-11536,637C-BMA,LMPP_GMP,no_consensus,5,0
E-MTAB-11536,637C-BMA,Megakaryocyte,no_consensus,1,0
E-MTAB-11536,640C-BMA,T_NK,no_consensus,1105,62
E-MTAB-11536,640C-BMA,B_Plasma,no_consensus,234,1
E-MTAB-11536,640C-BMA,Mono_DC,no_consensus,260,3
E-MTAB-11536,640C-BMA,LMPP_GMP,no_consensus,27,2
E-MTAB-11536,640C-BMA,HSC_MPP,no_consensus,20,1
E-MTAB-11536,640C-BMA,Erythroid,no_consensus,3,1
E-MTAB-11536,A29-BMA,T_NK,no_consensus,829,39
E-MTAB-11536,A29-BMA,Mono_DC,no_consensus,109,0
E-MTAB-11536,A29-BMA,B_Plasma,no_consensus,180,1
E-MTAB-11536,A29-BMA,LMPP_GMP,no_consensus,25,2
E-MTAB-11536,A29-BMA,Erythroid,no_consensus,1,0
E-MTAB-11536,A35-BLD,T_NK,no_consensus,764,49
E-MTAB-11536,A35-BLD,Mono_DC,no_consensus,423,0
E-MTAB-11536,A35-BLD,B_Plasma,no_consensus,24,0
E-MTAB-11536,A35-BLD,Megakaryocyte,no_consensus,3,0
E-MTAB-11536,A35-BLD,Erythroid,no_consensus,1,0
E-MTAB-11536,A35-BMA,T_NK,no_consensus,736,30
E-MTAB-11536,A35-BMA,Mono_DC,no_consensus,215,1
E-MTAB-11536,A35-BMA,B_Plasma,no_consensus,132,0
E-MTAB-11536,A35-BMA,LMPP_GMP,no_consensus,15,0
E-MTAB-11536,A35-BMA,Megakaryocyte,no_consensus,5,0
E-MTAB-11536,A35-BMA,HSC_MPP,no_consensus,5,0
E-MTAB-11536,A36-BLD,Mono_DC,no_consensus,570,0
E-MTAB-11536,A36-BLD,T_NK,no_consensus,1758,80
E-MTAB-11536,A36-BLD,B_Plasma,no_consensus,151,0
E-MTAB-11536,A36-BLD,Megakaryocyte,no_consensus,18,0
E-MTAB-11536,A36-BLD,LMPP_GMP,no_consensus,2,0
E-MTAB-11536,A36-BMA,T_NK,no_consensus,564,28
E-MTAB-11536,A36-BMA,Mono_DC,no_consensus,375,3
E-MTAB-11536,A36-BMA,B_Plasma,no_consensus,76,0
E-MTAB-11536,A36-BMA,Megakaryocyte,no_consensus,12,0
E-MTAB-11536,A36-BMA,Erythroid,no_consensus,4,0
E-MTAB-11536,A36-BMA,LMPP_GMP,no_consensus,12,1
E-MTAB-11536,A37-BMA,B_Plasma,no_consensus,122,1
E-MTAB-11536,A37-BMA,T_NK,no_consensus,408,17
E-MTAB-11536,A37-BMA,Mono_DC,no_consensus,62,0
E-MTAB-11536,A37-BMA,LMPP_GMP,no_consensus,23,1
E-MTAB-11536,A37-BMA,Erythroid,no_consensus,1,0
E-MTAB-11536,A37-BMA,Megakaryocyte,no_consensus,1,0
GSE116256,AML1012-D0,Erythroid,no_consensus,282,13
GSE116256,AML1012-D0,LMPP_GMP,no_consensus,243,22
GSE116256,AML1012-D0,Mono_DC,no_consensus,336,16
GSE116256,AML1012-D0,T_NK,no_consensus,6,1
GSE116256,AML1012-D0,HSC_MPP,no_consensus,34,10
GSE116256,AML1012-D0,Megakaryocyte,no_consensus,5,0
GSE116256,AML1012-D0,B_Plasma,no_consensus,2,0
GSE116256,AML210A-D0,T_NK,no_consensus,161,6
GSE116256,AML210A-D0,B_Plasma,no_consensus,21,0
GSE116256,AML210A-D0,Mono_DC,no_consensus,265,7
GSE116256,AML210A-D0,LMPP_GMP,no_consensus,38,5
GSE116256,AML210A-D0,Erythroid,no_consensus,29,2
GSE116256,AML210A-D0,HSC_MPP,no_consensus,13,3
GSE116256,AML210A-D0,Megakaryocyte,no_consensus,3,0
GSE116256,AML328-D0,T_NK,no_consensus,135,13
GSE116256,AML328-D0,HSC_MPP,no_consensus,139,49
GSE116256,AML328-D0,Mono_DC,no_consensus,211,2
GSE116256,AML328-D0,LMPP_GMP,no_consensus,31,9
GSE116256,AML328-D0,Erythroid,no_consensus,30,3
GSE116256,AML328-D0,B_Plasma,no_consensus,11,0
GSE116256,AML328-D0,Megakaryocyte,no_consensus,2,0
GSE116256,AML328-D113,T_NK,no_consensus,1469,91
GSE116256,AML328-D113,Mono_DC,no_consensus,48,0
GSE116256,AML328-D113,HSC_MPP,no_consensus,12,2
GSE116256,AML328-D113,Megakaryocyte,no_consensus,2,0
GSE116256,AML328-D113,B_Plasma,no_consensus,18,0
GSE116256,AML328-D113,Erythroid,no_consensus,2,0
GSE116256,AML328-D171,T_NK,no_consensus,814,52
GSE116256,AML328-D171,HSC_MPP,no_consensus,30,7
GSE116256,AML328-D171,Erythroid,no_consensus,14,0
GSE116256,AML328-D171,LMPP_GMP,no_consensus,14,4
GSE116256,AML328-D171,B_Plasma,no_consensus,4,0
GSE116256,AML328-D171,Mono_DC,no_consensus,6,0
GSE116256,AML328-D171,Megakaryocyte,no_consensus,2,0
GSE116256,AML328-D29,HSC_MPP,no_consensus,504,130
GSE116256,AML328-D29,T_NK,no_consensus,285,21
GSE116256,AML328-D29,LMPP_GMP,no_consensus,208,33
GSE116256,AML328-D29,Erythroid,no_consensus,93,5
GSE116256,AML328-D29,Megakaryocyte,no_consensus,13,0
GSE116256,AML328-D29,Mono_DC,no_consensus,16,0
GSE116256,AML328-D29,B_Plasma,no_consensus,18,1
GSE116256,AML329-D20,T_NK,no_consensus,103,9
GSE116256,AML329-D20,Mono_DC,no_consensus,357,14
GSE116256,AML329-D20,B_Plasma,no_consensus,19,0
GSE116256,AML329-D20,LMPP_GMP,no_consensus,54,4
GSE116256,AML329-D20,Erythroid,no_consensus,16,0
GSE116256,AML329-D20,HSC_MPP,no_consensus,5,1
GSE116256,AML371-D0,LMPP_GMP,no_consensus,97,15
GSE116256,AML371-D0,Mono_DC,no_consensus,306,3
GSE116256,AML371-D0,HSC_MPP,no_consensus,19,3
GSE116256,AML371-D0,Erythroid,no_consensus,19,3
GSE116256,AML371-D0,T_NK,no_consensus,4,1
GSE116256,AML419A-D0,Mono_DC,no_consensus,566,3
GSE116256,AML419A-D0,B_Plasma,no_consensus,22,0
GSE116256,AML419A-D0,HSC_MPP,no_consensus,62,13
GSE116256,AML419A-D0,LMPP_GMP,no_consensus,75,11
GSE116256,AML419A-D0,Erythroid,no_consensus,42,4
GSE116256,AML419A-D0,T_NK,no_consensus,29,5
GSE116256,AML419A-D0,Megakaryocyte,no_consensus,3,0
GSE116256,AML420B-D14,B_Plasma,normal,92,0
GSE116256,AML420B-D14,T_NK,normal,628,62
GSE116256,AML420B-D14,B_Plasma,malignant,126,0
GSE116256,AML420B-D14,T_NK,malignant,3,0
GSE116256,AML556-D0,Mono_DC,malignant,964,23
GSE116256,AML556-D0,LMPP_GMP,malignant,80,1
GSE116256,AML556-D0,Mono_DC,normal,290,6
GSE116256,AML556-D0,HSC_MPP,malignant,3,1
GSE116256,AML556-D0,T_NK,malignant,25,2
GSE116256,AML556-D0,B_Plasma,malignant,101,0
GSE116256,AML556-D0,LMPP_GMP,normal,51,2
GSE116256,AML556-D0,Megakaryocyte,normal,1,0
GSE116256,AML556-D0,T_NK,normal,3,1
GSE116256,AML556-D0,Erythroid,malignant,1,1
GSE116256,AML556-D0,B_Plasma,normal,1,0
GSE116256,AML556-D15,T_NK,normal,824,80
GSE116256,AML556-D15,B_Plasma,malignant,35,0
GSE116256,AML556-D15,B_Plasma,normal,25,0
GSE116256,AML556-D15,HSC_MPP,normal,5,1
GSE116256,AML556-D15,Erythroid,normal,1,0
GSE116256,AML556-D15,T_NK,malignant,3,0
GSE116256,AML556-D31,Mono_DC,normal,464,5
GSE116256,AML556-D31,B_Plasma,malignant,171,0
GSE116256,AML556-D31,B_Plasma,normal,73,1
GSE116256,AML556-D31,Mono_DC,malignant,97,2
GSE116256,AML556-D31,T_NK,normal,76,9
GSE116256,AML556-D31,LMPP_GMP,normal,73,3
GSE116256,AML556-D31,Megakaryocyte,normal,19,0
GSE116256,AML556-D31,Erythroid,normal,14,0
GSE116256,AML556-D31,HSC_MPP,normal,9,2
GSE116256,AML556-D31,Megakaryocyte,malignant,5,0
GSE116256,AML556-D31,LMPP_GMP,malignant,4,1
GSE116256,AML556-D31,Erythroid,malignant,1,1
GSE116256,AML556-D31,T_NK,malignant,1,0
GSE116256,AML707B-D0,HSC_MPP,normal,123,20
GSE116256,AML707B-D0,LMPP_GMP,normal,385,43
GSE116256,AML707B-D0,Erythroid,normal,349,18
GSE116256,AML707B-D0,B_Plasma,malignant,9,2
GSE116256,AML707B-D0,HSC_MPP,malignant,38,14
GSE116256,AML707B-D0,Erythroid,malignant,189,6
GSE116256,AML707B-D0,LMPP_GMP,malignant,62,12
GSE116256,AML707B-D0,B_Plasma,normal,12,1
GSE116256,AML707B-D0,Mono_DC,normal,18,1
GSE116256,AML707B-D0,Megakaryocyte,malignant,2,0
GSE116256,AML707B-D0,T_NK,malignant,9,3
GSE116256,AML707B-D0,Mono_DC,malignant,2,1
GSE116256,AML707B-D0,T_NK,normal,16,2
GSE116256,AML707B-D113,Mono_DC,normal,86,3
GSE116256,AML707B-D113,T_NK,normal,340,27
GSE116256,AML707B-D113,Mono_DC,malignant,13,0
GSE116256,AML707B-D113,LMPP_GMP,normal,14,0
GSE116256,AML707B-D113,B_Plasma,normal,43,0
GSE116256,AML707B-D113,B_Plasma,malignant,8,0
GSE116256,AML707B-D113,Erythroid,normal,7,0
GSE116256,AML707B-D113,T_NK,malignant,15,0
GSE116256,AML707B-D113,Erythroid,malignant,1,0
GSE116256,AML707B-D113,HSC_MPP,normal,4,0
GSE116256,AML707B-D18,T_NK,normal,1256,87
GSE116256,AML707B-D18,LMPP_GMP,normal,23,0
GSE116256,AML707B-D18,Erythroid,normal,2,1
GSE116256,AML707B-D18,B_Plasma,normal,11,0
GSE116256,AML707B-D18,LMPP_GMP,malignant,11,0
GSE116256,AML707B-D18,T_NK,malignant,16,0
GSE116256,AML707B-D18,Mono_DC,malignant,1,0
GSE116256,AML707B-D18,HSC_MPP,normal,2,1
GSE116256,AML707B-D18,Megakaryocyte,normal,1,0
GSE116256,AML916-D0,Megakaryocyte,malignant,5,0
GSE116256,AML916-D0,LMPP_GMP,malignant,114,21
GSE116256,AML916-D0,Mono_DC,malignant,16,3
GSE116256,AML916-D0,Erythroid,malignant,295,15
GSE116256,AML916-D0,B_Plasma,malignant,37,8
GSE116256,AML916-D0,Erythroid,normal,20,3
GSE116256,AML916-D0,T_NK,malignant,63,13
GSE116256,AML916-D0,HSC_MPP,malignant,98,28
GSE116256,AML916-D0,B_Plasma,normal,2,0
GSE116256,AML916-D0,Mono_DC,normal,1,0
GSE116256,AML916-D0,HSC_MPP,normal,1,0
GSE116256,AML916-D0,LMPP_GMP,normal,5,0
GSE116256,AML916-D0,Megakaryocyte,normal,1,1
GSE116256,AML921A-D0,LMPP_GMP,normal,661,89
GSE116256,AML921A-D0,Mono_DC,normal,1168,76
GSE116256,AML921A-D0,HSC_MPP,normal,207,52
GSE116256,AML921A-D0,T_NK,normal,268,47
GSE116256,AML921A-D0,B_Plasma,malignant,12,1
GSE116256,AML921A-D0,Mono_DC,malignant,76,3
GSE116256,AML921A-D0,LMPP_GMP,malignant,15,5
GSE116256,AML921A-D0,HSC_MPP,malignant,12,5
GSE116256,AML921A-D0,T_NK,malignant,19,3
GSE116256,AML921A-D0,Erythroid,normal,140,14
GSE116256,AML921A-D0,B_Plasma,normal,129,5
GSE116256,AML921A-D0,Erythroid,malignant,4,2
GSE116256,AML921A-D0,Megakaryocyte,normal,3,1
GSE116256,BM4,Megakaryocyte,normal,7,0
GSE116256,BM4,LMPP_GMP,normal,422,19
GSE116256,BM4,Erythroid,normal,106,1
GSE116256,BM4,T_NK,normal,850,65
GSE116256,BM4,HSC_MPP,malignant,6,0
GSE116256,BM4,HSC_MPP,normal,232,42
GSE116256,BM4,Mono_DC,normal,779,26
GSE116256,BM4,B_Plasma,normal,178,3
GSE116256,BM4,Mono_DC,malignant,153,6
GSE116256,BM4,LMPP_GMP,malignant,13,2
GSE116256,BM4,B_Plasma,malignant,15,0
GSE116256,BM4,T_NK,malignant,29,1
GSE116256,BM4,Megakaryocyte,malignant,4,0
GSE116256,BM4,Erythroid,malignant,1,0
GSE116256,BM5-34p,Erythroid,malignant,148,9
GSE116256,BM5-34p,HSC_MPP,malignant,221,36
GSE116256,BM5-34p,Erythroid,normal,121,12
GSE116256,BM5-34p,HSC_MPP,normal,97,20
GSE116256,BM5-34p,LMPP_GMP,malignant,129,12
GSE116256,BM5-34p,B_Plasma,malignant,50,4
GSE116256,BM5-34p,Mono_DC,malignant,9,2
GSE116256,BM5-34p,LMPP_GMP,normal,80,10
GSE116256,BM5-34p,T_NK,malignant,25,7
GSE116256,BM5-34p,T_NK,normal,11,4
GSE116256,BM5-34p,B_Plasma,normal,7,1
GSE116256,BM5-34p,Mono_DC,normal,2,0
GSE116256,BM5-34p,Megakaryocyte,malignant,1,0
GSE116256,BM5-34p38n,Erythroid,malignant,36,1
GSE116256,BM5-34p38n,HSC_MPP,malignant,725,108
GSE116256,BM5-34p38n,HSC_MPP,normal,232,40
GSE116256,BM5-34p38n,T_NK,normal,6,2
GSE116256,BM5-34p38n,LMPP_GMP,malignant,30,7
GSE116256,BM5-34p38n,T_NK,malignant,22,3
GSE116256,BM5-34p38n,Erythroid,normal,10,0
GSE116256,BM5-34p38n,LMPP_GMP,normal,10,1
GSE116256,BM5-34p38n,Mono_DC,malignant,2,0
GSE116256,BM5-34p38n,B_Plasma,malignant,1,0
GSE147989,007C1D1BL,HSC_MPP,no_consensus,332,87
GSE147989,007C1D1BL,LMPP_GMP,no_consensus,1897,180
GSE147989,007C1D1BL,Mono_DC,no_consensus,59,5
GSE147989,007C1D1BL,Erythroid,no_consensus,38,1
GSE147989,007C1D1BL,T_NK,no_consensus,7,2
GSE147989,007SCRBL,LMPP_GMP,no_consensus,1128,109
GSE147989,007SCRBL,HSC_MPP,no_consensus,115,20
GSE147989,007SCRBL,Mono_DC,no_consensus,21,0
GSE147989,007SCRBL,Erythroid,no_consensus,33,1
GSE147989,007SCRBL,T_NK,no_consensus,5,1
GSE147989,009C1D1BL,LMPP_GMP,no_consensus,209,26
GSE147989,009C1D1BL,HSC_MPP,no_consensus,495,114
GSE147989,009C1D1BL,Erythroid,no_consensus,23,0
GSE147989,009SCRBL,HSC_MPP,no_consensus,640,165
GSE147989,009SCRBL,LMPP_GMP,no_consensus,325,50
GSE147989,009SCRBL,Erythroid,no_consensus,27,0
GSE147989,009SCRBL,T_NK,no_consensus,1,0
GSE185381,GSM5613744_2019-07-01-count-1,HSC_MPP,malignant,106,25
GSE185381,GSM5613744_2019-07-01-count-1,HSC_MPP,normal,1659,420
GSE185381,GSM5613744_2019-07-01-count-1,LMPP_GMP,normal,1606,125
GSE185381,GSM5613744_2019-07-01-count-1,Mono_DC,malignant,409,2
GSE185381,GSM5613744_2019-07-01-count-1,Mono_DC,normal,1630,8
GSE185381,GSM5613744_2019-07-01-count-1,T_NK,normal,1262,110
GSE185381,GSM5613744_2019-07-01-count-1,Erythroid,normal,248,2
GSE185381,GSM5613744_2019-07-01-count-1,LMPP_GMP,malignant,67,7
GSE185381,GSM5613744_2019-07-01-count-1,B_Plasma,normal,121,0
GSE185381,GSM5613744_2019-07-01-count-1,Erythroid,malignant,20,2
GSE185381,GSM5613744_2019-07-01-count-1,T_NK,malignant,59,4
GSE185381,GSM5613744_2019-07-01-count-1,B_Plasma,malignant,3,0
GSE185381,GSM5613744_2019-07-01-count-1,Megakaryocyte,normal,15,0
GSE185381,GSM5613744_2019-07-01-count-1,Megakaryocyte,malignant,5,0
GSE185381,GSM5613745_2019-07-01-count-2,Erythroid,normal,289,16
GSE185381,GSM5613745_2019-07-01-count-2,HSC_MPP,normal,1893,450
GSE185381,GSM5613745_2019-07-01-count-2,T_NK,normal,1264,110
GSE185381,GSM5613745_2019-07-01-count-2,Mono_DC,normal,1645,8
GSE185381,GSM5613745_2019-07-01-count-2,LMPP_GMP,normal,1791,155
GSE185381,GSM5613745_2019-07-01-count-2,Mono_DC,malignant,524,3
GSE185381,GSM5613745_2019-07-01-count-2,T_NK,malignant,88,7
GSE185381,GSM5613745_2019-07-01-count-2,LMPP_GMP,malignant,116,16
GSE185381,GSM5613745_2019-07-01-count-2,B_Plasma,normal,117,0
GSE185381,GSM5613745_2019-07-01-count-2,HSC_MPP,malignant,120,24
GSE185381,GSM5613745_2019-07-01-count-2,Megakaryocyte,normal,17,0
GSE185381,GSM5613745_2019-07-01-count-2,Erythroid,malignant,21,0
GSE185381,GSM5613745_2019-07-01-count-2,Megakaryocyte,malignant,3,0
GSE185381,GSM5613745_2019-07-01-count-2,B_Plasma,malignant,3,0
GSE185381,GSM5613746_2019-07-01-count-3,Mono_DC,normal,1771,11
GSE185381,GSM5613746_2019-07-01-count-3,LMPP_GMP,normal,1851,179
GSE185381,GSM5613746_2019-07-01-count-3,HSC_MPP,normal,2081,467
GSE185381,GSM5613746_2019-07-01-count-3,T_NK,normal,1130,97
GSE185381,GSM5613746_2019-07-01-count-3,T_NK,malignant,80,8
GSE185381,GSM5613746_2019-07-01-count-3,Erythroid,normal,314,12
GSE185381,GSM5613746_2019-07-01-count-3,B_Plasma,normal,122,0
GSE185381,GSM5613746_2019-07-01-count-3,Mono_DC,malignant,428,1
GSE185381,GSM5613746_2019-07-01-count-3,LMPP_GMP,malignant,77,9
GSE185381,GSM5613746_2019-07-01-count-3,Erythroid,malignant,11,0
GSE185381,GSM5613746_2019-07-01-count-3,HSC_MPP,malignant,100,17
GSE185381,GSM5613746_2019-07-01-count-3,Megakaryocyte,normal,15,0
GSE185381,GSM5613746_2019-07-01-count-3,B_Plasma,malignant,4,1
GSE185381,GSM5613746_2019-07-01-count-3,Megakaryocyte,malignant,5,0
GSE185381,GSM5613748_2019-08-01-count-2,T_NK,normal,1548,128
GSE185381,GSM5613748_2019-08-01-count-2,Mono_DC,malignant,225,0
GSE185381,GSM5613748_2019-08-01-count-2,Mono_DC,normal,1928,13
GSE185381,GSM5613748_2019-08-01-count-2,B_Plasma,normal,1004,7
GSE185381,GSM5613748_2019-08-01-count-2,LMPP_GMP,normal,68,2
GSE185381,GSM5613748_2019-08-01-count-2,B_Plasma,malignant,75,5
GSE185381,GSM5613748_2019-08-01-count-2,T_NK,malignant,77,4
GSE185381,GSM5613748_2019-08-01-count-2,HSC_MPP,normal,61,5
GSE185381,GSM5613748_2019-08-01-count-2,Megakaryocyte,normal,2,0
GSE185381,GSM5613748_2019-08-01-count-2,Erythroid,normal,30,0
GSE185381,GSM5613749_2019-08-01-count-3,Mono_DC,normal,1779,11
GSE185381,GSM5613749_2019-08-01-count-3,T_NK,normal,1236,104
GSE185381,GSM5613749_2019-08-01-count-3,B_Plasma,normal,858,8
GSE185381,GSM5613749_2019-08-01-count-3,Mono_DC,malignant,176,0
GSE185381,GSM5613749_2019-08-01-count-3,B_Plasma,malignant,44,2
GSE185381,GSM5613749_2019-08-01-count-3,T_NK,malignant,75,5
GSE185381,GSM5613749_2019-08-01-count-3,LMPP_GMP,normal,61,4
GSE185381,GSM5613749_2019-08-01-count-3,Erythroid,normal,34,0
GSE185381,GSM5613749_2019-08-01-count-3,HSC_MPP,normal,50,2
GSE185381,GSM5613749_2019-08-01-count-3,Megakaryocyte,normal,5,0
GSE185381,GSM5613749_2019-08-01-count-3,Megakaryocyte,malignant,2,0
GSE185381,GSM5613750_2019-08-01-count-4,Mono_DC,normal,2033,12
GSE185381,GSM5613750_2019-08-01-count-4,HSC_MPP,normal,45,4
GSE185381,GSM5613750_2019-08-01-count-4,B_Plasma,normal,782,7
GSE185381,GSM5613750_2019-08-01-count-4,T_NK,malignant,77,1
GSE185381,GSM5613750_2019-08-01-count-4,T_NK,normal,1183,85
GSE185381,GSM5613750_2019-08-01-count-4,B_Plasma,malignant,59,1
GSE185381,GSM5613750_2019-08-01-count-4,LMPP_GMP,normal,28,1
GSE185381,GSM5613750_2019-08-01-count-4,Mono_DC,malignant,155,0
GSE185381,GSM5613750_2019-08-01-count-4,Erythroid,normal,31,0
GSE185381,GSM5613750_2019-08-01-count-4,Megakaryocyte,normal,3,0
GSE185381,GSM5613751_2019-08-29-count-1,Mono_DC,normal,2618,31
GSE185381,GSM5613751_2019-08-29-count-1,T_NK,normal,559,46
GSE185381,GSM5613751_2019-08-29-count-1,HSC_MPP,normal,225,39
GSE185381,GSM5613751_2019-08-29-count-1,LMPP_GMP,normal,361,20
GSE185381,GSM5613751_2019-08-29-count-1,Mono_DC,malignant,474,1
GSE185381,GSM5613751_2019-08-29-count-1,B_Plasma,normal,226,0
GSE185381,GSM5613751_2019-08-29-count-1,Erythroid,normal,16,0
GSE185381,GSM5613751_2019-08-29-count-1,LMPP_GMP,malignant,67,0
GSE185381,GSM5613751_2019-08-29-count-1,T_NK,malignant,29,1
GSE185381,GSM5613751_2019-08-29-count-1,Megakaryocyte,normal,1,0
GSE185381,GSM5613751_2019-08-29-count-1,B_Plasma,malignant,7,0
GSE185381,GSM5613751_2019-08-29-count-1,HSC_MPP,malignant,3,0
GSE185381,GSM5613752_2019-08-29-count-2,Mono_DC,normal,2780,30
GSE185381,GSM5613752_2019-08-29-count-2,LMPP_GMP,normal,363,21
GSE185381,GSM5613752_2019-08-29-count-2,HSC_MPP,normal,201,40
GSE185381,GSM5613752_2019-08-29-count-2,Mono_DC,malignant,352,3
GSE185381,GSM5613752_2019-08-29-count-2,T_NK,normal,574,48
GSE185381,GSM5613752_2019-08-29-count-2,B_Plasma,normal,217,2
GSE185381,GSM5613752_2019-08-29-count-2,LMPP_GMP,malignant,60,3
GSE185381,GSM5613752_2019-08-29-count-2,Megakaryocyte,malignant,2,0
GSE185381,GSM5613752_2019-08-29-count-2,Erythroid,normal,20,3
GSE185381,GSM5613752_2019-08-29-count-2,T_NK,malignant,23,1
GSE185381,GSM5613752_2019-08-29-count-2,B_Plasma,malignant,6,0
GSE185381,GSM5613752_2019-08-29-count-2,Megakaryocyte,normal,2,0
GSE185381,GSM5613756_2019-10-25-count-5,Mono_DC,normal,2455,30
GSE185381,GSM5613756_2019-10-25-count-5,T_NK,normal,889,95
GSE185381,GSM5613756_2019-10-25-count-5,Mono_DC,malignant,554,1
GSE185381,GSM5613756_2019-10-25-count-5,LMPP_GMP,normal,188,26
GSE185381,GSM5613756_2019-10-25-count-5,T_NK,malignant,381,13
GSE185381,GSM5613756_2019-10-25-count-5,B_Plasma,normal,167,0
GSE185381,GSM5613756_2019-10-25-count-5,Erythroid,normal,33,2
GSE185381,GSM5613756_2019-10-25-count-5,HSC_MPP,normal,70,17
GSE185381,GSM5613756_2019-10-25-count-5,LMPP_GMP,malignant,9,0
GSE185381,GSM5613756_2019-10-25-count-5,B_Plasma,malignant,2,0
GSE185381,GSM5613756_2019-10-25-count-5,Megakaryocyte,normal,1,0
GSE185381,GSM5613757_2019-11-04-count-1,T_NK,normal,1169,129
GSE185381,GSM5613757_2019-11-04-count-1,Mono_DC,malignant,393,9
GSE185381,GSM5613757_2019-11-04-count-1,B_Plasma,normal,736,3
GSE185381,GSM5613757_2019-11-04-count-1,LMPP_GMP,normal,837,78
GSE185381,GSM5613757_2019-11-04-count-1,T_NK,malignant,128,13
GSE185381,GSM5613757_2019-11-04-count-1,Mono_DC,normal,521,22
GSE185381,GSM5613757_2019-11-04-count-1,HSC_MPP,normal,129,34
GSE185381,GSM5613757_2019-11-04-count-1,LMPP_GMP,malignant,46,4
GSE185381,GSM5613757_2019-11-04-count-1,HSC_MPP,malignant,21,7
GSE185381,GSM5613757_2019-11-04-count-1,Erythroid,normal,23,1
GSE185381,GSM5613757_2019-11-04-count-1,Erythroid,malignant,3,0
GSE185381,GSM5613757_2019-11-04-count-1,B_Plasma,malignant,2,0
GSE185381,GSM5613758_2019-11-04-count-2,T_NK,normal,783,75
GSE185381,GSM5613758_2019-11-04-count-2,LMPP_GMP,normal,651,46
GSE185381,GSM5613758_2019-11-04-count-2,Mono_DC,malignant,282,2
GSE185381,GSM5613758_2019-11-04-count-2,B_Plasma,normal,374,1
GSE185381,GSM5613758_2019-11-04-count-2,Mono_DC,normal,393,14
GSE185381,GSM5613758_2019-11-04-count-2,T_NK,malignant,181,7
GSE185381,GSM5613758_2019-11-04-count-2,LMPP_GMP,malignant,72,10
GSE185381,GSM5613758_2019-11-04-count-2,HSC_MPP,normal,79,15
GSE185381,GSM5613758_2019-11-04-count-2,Erythroid,normal,13,1
GSE185381,GSM5613758_2019-11-04-count-2,HSC_MPP,malignant,26,9
GSE185381,GSM5613758_2019-11-04-count-2,B_Plasma,malignant,3,0
GSE185381,GSM5613758_2019-11-04-count-2,Erythroid,malignant,2,0
GSE185381,GSM5613758_2019-11-04-count-2,Megakaryocyte,malignant,1,0
GSE185381,GSM5613759_2019-11-04-count-3,LMPP_GMP,normal,965,98
GSE185381,GSM5613759_2019-11-04-count-3,T_NK,normal,658,87
GSE185381,GSM5613759_2019-11-04-count-3,Mono_DC,normal,748,16
GSE185381,GSM5613759_2019-11-04-count-3,T_NK,malignant,79,2
GSE185381,GSM5613759_2019-11-04-count-3,B_Plasma,normal,378,1
GSE185381,GSM5613759_2019-11-04-count-3,Mono_DC,malignant,361,3
GSE185381,GSM5613759_2019-11-04-count-3,HSC_MPP,normal,144,46
GSE185381,GSM5613759_2019-11-04-count-3,Erythroid,normal,33,5
GSE185381,GSM5613759_2019-11-04-count-3,HSC_MPP,malignant,14,3
GSE185381,GSM5613759_2019-11-04-count-3,LMPP_GMP,malignant,29,4
GSE185381,GSM5613759_2019-11-04-count-3,B_Plasma,malignant,3,0
GSE185381,GSM5613759_2019-11-04-count-3,Erythroid,malignant,5,0
GSE185381,GSM5613760_2019-11-19-count-1,Mono_DC,normal,2732,153
GSE185381,GSM5613760_2019-11-19-count-1,B_Plasma,normal,876,3
GSE185381,GSM5613760_2019-11-19-count-1,Mono_DC,malignant,2736,24
GSE185381,GSM5613760_2019-11-19-count-1,LMPP_GMP,normal,315,23
GSE185381,GSM5613760_2019-11-19-count-1,HSC_MPP,normal,75,9
GSE185381,GSM5613760_2019-11-19-count-1,T_NK,normal,290,26
GSE185381,GSM5613760_2019-11-19-count-1,T_NK,malignant,66,4
GSE185381,GSM5613760_2019-11-19-count-1,Erythroid,normal,33,3
GSE185381,GSM5613760_2019-11-19-count-1,B_Plasma,malignant,5,0
GSE185381,GSM5613760_2019-11-19-count-1,LMPP_GMP,malignant,9,1
GSE185381,GSM5613760_2019-11-19-count-1,Megakaryocyte,malignant,2,0
GSE185381,GSM5613760_2019-11-19-count-1,Megakaryocyte,normal,2,0
GSE185381,GSM5613760_2019-11-19-count-1,Erythroid,malignant,2,0
GSE185381,GSM5613761_2019-11-19-count-2,Mono_DC,normal,4142,156
GSE185381,GSM5613761_2019-11-19-count-2,Mono_DC,malignant,1221,4
GSE185381,GSM5613761_2019-11-19-count-2,B_Plasma,normal,786,5
GSE185381,GSM5613761_2019-11-19-count-2,LMPP_GMP,normal,298,18
GSE185381,GSM5613761_2019-11-19-count-2,Erythroid,malignant,1,0
GSE185381,GSM5613761_2019-11-19-count-2,Erythroid,normal,62,3
GSE185381,GSM5613761_2019-11-19-count-2,HSC_MPP,normal,92,20
GSE185381,GSM5613761_2019-11-19-count-2,T_NK,normal,352,30
GSE185381,GSM5613761_2019-11-19-count-2,T_NK,malignant,46,3
GSE185381,GSM5613761_2019-11-19-count-2,Megakaryocyte,normal,3,0
GSE185381,GSM5613761_2019-11-19-count-2,B_Plasma,malignant,11,0
GSE185381,GSM5613761_2019-11-19-count-2,LMPP_GMP,malignant,3,1
GSE185381,GSM5613761_2019-11-19-count-2,HSC_MPP,malignant,2,1
GSE185381,GSM5613762_2019-11-26-count-1,T_NK,normal,1039,100
GSE185381,GSM5613762_2019-11-26-count-1,B_Plasma,normal,1448,0
GSE185381,GSM5613762_2019-11-26-count-1,LMPP_GMP,normal,1500,77
GSE185381,GSM5613762_2019-11-26-count-1,Mono_DC,normal,2790,83
GSE185381,GSM5613762_2019-11-26-count-1,Erythroid,normal,195,7
GSE185381,GSM5613762_2019-11-26-count-1,Mono_DC,malignant,577,3
GSE185381,GSM5613762_2019-11-26-count-1,HSC_MPP,normal,327,51
GSE185381,GSM5613762_2019-11-26-count-1,T_NK,malignant,112,13
GSE185381,GSM5613762_2019-11-26-count-1,LMPP_GMP,malignant,78,6
GSE185381,GSM5613762_2019-11-26-count-1,HSC_MPP,malignant,22,2
GSE185381,GSM5613762_2019-11-26-count-1,Megakaryocyte,malignant,12,0
GSE185381,GSM5613762_2019-11-26-count-1,B_Plasma,malignant,12,0
GSE185381,GSM5613762_2019-11-26-count-1,Erythroid,malignant,11,1
GSE185381,GSM5613762_2019-11-26-count-1,Megakaryocyte,normal,4,0
GSE185381,GSM5613763_2019-11-26-count-2,B_Plasma,normal,1417,2
GSE185381,GSM5613763_2019-11-26-count-2,T_NK,normal,886,80
GSE185381,GSM5613763_2019-11-26-count-2,LMPP_GMP,normal,1413,90
GSE185381,GSM5613763_2019-11-26-count-2,Mono_DC,normal,2691,67
GSE185381,GSM5613763_2019-11-26-count-2,Mono_DC,malignant,593,1
GSE185381,GSM5613763_2019-11-26-count-2,Erythroid,normal,199,11
GSE185381,GSM5613763_2019-11-26-count-2,HSC_MPP,normal,274,48
GSE185381,GSM5613763_2019-11-26-count-2,LMPP_GMP,malignant,54,4
GSE185381,GSM5613763_2019-11-26-count-2,T_NK,malignant,60,10
GSE185381,GSM5613763_2019-11-26-count-2,Erythroid,malignant,8,0
GSE185381,GSM5613763_2019-11-26-count-2,HSC_MPP,malignant,11,2
GSE185381,GSM5613763_2019-11-26-count-2,Megakaryocyte,normal,2,0
GSE185381,GSM5613763_2019-11-26-count-2,B_Plasma,malignant,7,1
GSE185381,GSM5613763_2019-11-26-count-2,Megakaryocyte,malignant,1,0
GSE185381,GSM5613764_2020-01-03-count-1,Mono_DC,normal,1685,43
GSE185381,GSM5613764_2020-01-03-count-1,HSC_MPP,normal,258,54
GSE185381,GSM5613764_2020-01-03-count-1,Mono_DC,malignant,535,6
GSE185381,GSM5613764_2020-01-03-count-1,LMPP_GMP,normal,2430,139
GSE185381,GSM5613764_2020-01-03-count-1,B_Plasma,normal,524,13
GSE185381,GSM5613764_2020-01-03-count-1,Erythroid,normal,504,26
GSE185381,GSM5613764_2020-01-03-count-1,T_NK,normal,792,61
GSE185381,GSM5613764_2020-01-03-count-1,LMPP_GMP,malignant,145,5
GSE185381,GSM5613764_2020-01-03-count-1,HSC_MPP,malignant,11,2
GSE185381,GSM5613764_2020-01-03-count-1,T_NK,malignant,39,2
GSE185381,GSM5613764_2020-01-03-count-1,B_Plasma,malignant,13,0
GSE185381,GSM5613764_2020-01-03-count-1,Erythroid,malignant,7,1
GSE185381,GSM5613764_2020-01-03-count-1,Megakaryocyte,normal,1,0
GSE185381,GSM5613765_2020-01-03-count-2,T_NK,normal,827,68
GSE185381,GSM5613765_2020-01-03-count-2,LMPP_GMP,normal,2622,140
GSE185381,GSM5613765_2020-01-03-count-2,Mono_DC,normal,1809,45
GSE185381,GSM5613765_2020-01-03-count-2,B_Plasma,normal,591,11
GSE185381,GSM5613765_2020-01-03-count-2,Mono_DC,malignant,685,2
GSE185381,GSM5613765_2020-01-03-count-2,LMPP_GMP,malignant,200,1
GSE185381,GSM5613765_2020-01-03-count-2,Erythroid,normal,548,27
GSE185381,GSM5613765_2020-01-03-count-2,T_NK,malignant,41,1
GSE185381,GSM5613765_2020-01-03-count-2,HSC_MPP,normal,210,49
GSE185381,GSM5613765_2020-01-03-count-2,Erythroid,malignant,11,1
GSE185381,GSM5613765_2020-01-03-count-2,B_Plasma,malignant,12,1
GSE185381,GSM5613765_2020-01-03-count-2,HSC_MPP,malignant,11,5
GSE185381,GSM5613765_2020-01-03-count-2,Megakaryocyte,normal,3,0
GSE185381,GSM5613766_2020-03-18-AML0048-c1,Mono_DC,malignant,952,1
GSE185381,GSM5613766_2020-03-18-AML0048-c1,Erythroid,normal,177,5
GSE185381,GSM5613766_2020-03-18-AML0048-c1,Mono_DC,normal,314,5
GSE185381,GSM5613766_2020-03-18-AML0048-c1,T_NK,normal,203,24
GSE185381,GSM5613766_2020-03-18-AML0048-c1,LMPP_GMP,normal,68,8
GSE185381,GSM5613766_2020-03-18-AML0048-c1,B_Plasma,normal,14,0
GSE185381,GSM5613766_2020-03-18-AML0048-c1,Megakaryocyte,normal,6,0
GSE185381,GSM5613766_2020-03-18-AML0048-c1,HSC_MPP,normal,40,11
GSE185381,GSM5613766_2020-03-18-AML0048-c1,T_NK,malignant,25,1
GSE185381,GSM5613766_2020-03-18-AML0048-c1,Megakaryocyte,malignant,5,0
GSE185381,GSM5613766_2020-03-18-AML0048-c1,LMPP_GMP,malignant,3,0
GSE185381,GSM5613767_2020-03-18-AML0048-c2,Mono_DC,malignant,1156,7
GSE185381,GSM5613767_2020-03-18-AML0048-c2,Mono_DC,normal,146,5
GSE185381,GSM5613767_2020-03-18-AML0048-c2,T_NK,normal,207,28
GSE185381,GSM5613767_2020-03-18-AML0048-c2,Erythroid,normal,221,9
GSE185381,GSM5613767_2020-03-18-AML0048-c2,B_Plasma,normal,32,0
GSE185381,GSM5613767_2020-03-18-AML0048-c2,LMPP_GMP,normal,85,9
GSE185381,GSM5613767_2020-03-18-AML0048-c2,T_NK,malignant,20,2
GSE185381,GSM5613767_2020-03-18-AML0048-c2,HSC_MPP,normal,45,17
GSE185381,GSM5613767_2020-03-18-AML0048-c2,Erythroid,malignant,4,1
GSE185381,GSM5613767_2020-03-18-AML0048-c2,Megakaryocyte,normal,11,0
GSE185381,GSM5613767_2020-03-18-AML0048-c2,LMPP_GMP,malignant,1,0
GSE185381,GSM5613767_2020-03-18-AML0048-c2,Megakaryocyte,malignant,1,0
GSE185381,GSM5613768_2020-03-18-AML3266,Mono_DC,normal,470,24
GSE185381,GSM5613768_2020-03-18-AML3266,T_NK,normal,348,11
GSE185381,GSM5613768_2020-03-18-AML3266,LMPP_GMP,normal,244,9
GSE185381,GSM5613768_2020-03-18-AML3266,Mono_DC,malignant,67,8
GSE185381,GSM5613768_2020-03-18-AML3266,LMPP_GMP,malignant,32,4
GSE185381,GSM5613768_2020-03-18-AML3266,T_NK,malignant,31,6
GSE185381,GSM5613768_2020-03-18-AML3266,B_Plasma,malignant,11,1
GSE185381,GSM5613768_2020-03-18-AML3266,B_Plasma,normal,65,0
GSE185381,GSM5613768_2020-03-18-AML3266,HSC_MPP,malignant,3,2
GSE185381,GSM5613769_2020-03-18-count-1,LMPP_GMP,normal,85,4
GSE185381,GSM5613769_2020-03-18-count-1,Mono_DC,malignant,899,2
GSE185381,GSM5613769_2020-03-18-count-1,Megakaryocyte,malignant,507,1
GSE185381,GSM5613769_2020-03-18-count-1,Megakaryocyte,normal,1435,3
GSE185381,GSM5613769_2020-03-18-count-1,T_NK,normal,420,34
GSE185381,GSM5613769_2020-03-18-count-1,B_Plasma,normal,1193,4
GSE185381,GSM5613769_2020-03-18-count-1,Mono_DC,normal,526,7
GSE185381,GSM5613769_2020-03-18-count-1,Erythroid,normal,139,7
GSE185381,GSM5613769_2020-03-18-count-1,T_NK,malignant,114,4
GSE185381,GSM5613769_2020-03-18-count-1,HSC_MPP,normal,9,0
GSE185381,GSM5613769_2020-03-18-count-1,Erythroid,malignant,31,2
GSE185381,GSM5613769_2020-03-18-count-1,B_Plasma,malignant,1,0
GSE185381,GSM5613769_2020-03-18-count-1,LMPP_GMP,malignant,2,0
GSE185381,GSM5613770_2020-03-18-count-2,B_Plasma,normal,1020,7
GSE185381,GSM5613770_2020-03-18-count-2,Megakaryocyte,malignant,422,1
GSE185381,GSM5613770_2020-03-18-count-2,Mono_DC,normal,570,6
GSE185381,GSM5613770_2020-03-18-count-2,Megakaryocyte,normal,1378,3
GSE185381,GSM5613770_2020-03-18-count-2,Mono_DC,malignant,844,1
GSE185381,GSM5613770_2020-03-18-count-2,T_NK,normal,383,51
GSE185381,GSM5613770_2020-03-18-count-2,Erythroid,malignant,35,2
GSE185381,GSM5613770_2020-03-18-count-2,Erythroid,normal,146,10
GSE185381,GSM5613770_2020-03-18-count-2,T_NK,malignant,86,2
GSE185381,GSM5613770_2020-03-18-count-2,LMPP_GMP,normal,103,7
GSE185381,GSM5613770_2020-03-18-count-2,LMPP_GMP,malignant,4,0
GSE185381,GSM5613770_2020-03-18-count-2,HSC_MPP,normal,7,2
GSE185381,GSM5613770_2020-03-18-count-2,B_Plasma,malignant,5,0
GSE185381,GSM5613771_2020-03-18-count-3,Megakaryocyte,malignant,308,0
GSE185381,GSM5613771_2020-03-18-count-3,Mono_DC,normal,681,3
GSE185381,GSM5613771_2020-03-18-count-3,Megakaryocyte,normal,1262,4
GSE185381,GSM5613771_2020-03-18-count-3,B_Plasma,normal,1099,8
GSE185381,GSM5613771_2020-03-18-count-3,Mono_DC,malignant,702,3
GSE185381,GSM5613771_2020-03-18-count-3,T_NK,normal,448,43
GSE185381,GSM5613771_2020-03-18-count-3,Erythroid,malignant,20,4
GSE185381,GSM5613771_2020-03-18-count-3,HSC_MPP,normal,5,1
GSE185381,GSM5613771_2020-03-18-count-3,Erythroid,normal,136,5
GSE185381,GSM5613771_2020-03-18-count-3,T_NK,malignant,91,8
GSE185381,GSM5613771_2020-03-18-count-3,LMPP_GMP,normal,71,7
GSE185381,GSM5613771_2020-03-18-count-3,B_Plasma,malignant,4,0
GSE185381,GSM5613774_2020-08-26-Control4003-c1,T_NK,normal,522,37
GSE185381,GSM5613774_2020-08-26-Control4003-c1,Mono_DC,malignant,89,0
GSE185381,GSM5613774_2020-08-26-Control4003-c1,Mono_DC,normal,225,0
GSE185381,GSM5613774_2020-08-26-Control4003-c1,B_Plasma,normal,74,0
GSE185381,GSM5613774_2020-08-26-Control4003-c1,HSC_MPP,normal,11,2
GSE185381,GSM5613774_2020-08-26-Control4003-c1,T_NK,malignant,51,2
GSE185381,GSM5613774_2020-08-26-Control4003-c1,Erythroid,normal,3,0
GSE185381,GSM5613774_2020-08-26-Control4003-c1,LMPP_GMP,normal,8,0
GSE185381,GSM5613775_2020-08-26-Control4003-c2,T_NK,normal,859,59
GSE185381,GSM5613775_2020-08-26-Control4003-c2,Mono_DC,malignant,286,0
GSE185381,GSM5613775_2020-08-26-Control4003-c2,B_Plasma,normal,122,0
GSE185381,GSM5613775_2020-08-26-Control4003-c2,Mono_DC,normal,783,3
GSE185381,GSM5613775_2020-08-26-Control4003-c2,T_NK,malignant,63,2
GSE185381,GSM5613775_2020-08-26-Control4003-c2,HSC_MPP,normal,10,0
GSE185381,GSM5613775_2020-08-26-Control4003-c2,LMPP_GMP,normal,13,1
GSE185381,GSM5613775_2020-08-26-Control4003-c2,B_Plasma,malignant,1,0
GSE185381,GSM5613775_2020-08-26-Control4003-c2,Erythroid,normal,5,0
GSE185381,GSM5613775_2020-08-26-Control4003-c2,Megakaryocyte,normal,1,0
GSE185381,GSM5613776_2020-08-26-Control4003-c3,Mono_DC,normal,736,1
GSE185381,GSM5613776_2020-08-26-Control4003-c3,T_NK,normal,757,56
GSE185381,GSM5613776_2020-08-26-Control4003-c3,B_Plasma,normal,125,0
GSE185381,GSM5613776_2020-08-26-Control4003-c3,T_NK,malignant,42,0
GSE185381,GSM5613776_2020-08-26-Control4003-c3,Mono_DC,malignant,217,0
GSE185381,GSM5613776_2020-08-26-Control4003-c3,HSC_MPP,normal,8,0
GSE185381,GSM5613776_2020-08-26-Control4003-c3,Erythroid,normal,5,0
GSE185381,GSM5613776_2020-08-26-Control4003-c3,LMPP_GMP,normal,9,0
GSE185381,GSM5613776_2020-08-26-Control4003-c3,B_Plasma,malignant,2,0
GSE185381,GSM5613777_2020-09-11-AML4340_AML1371-c1,T_NK,normal,1941,203
GSE185381,GSM5613777_2020-09-11-AML4340_AML1371-c1,Mono_DC,normal,140,4
GSE185381,GSM5613777_2020-09-11-AML4340_AML1371-c1,Mono_DC,malignant,156,4
GSE185381,GSM5613777_2020-09-11-AML4340_AML1371-c1,LMPP_GMP,normal,47,11
GSE185381,GSM5613777_2020-09-11-AML4340_AML1371-c1,T_NK,malignant,70,2
GSE185381,GSM5613777_2020-09-11-AML4340_AML1371-c1,B_Plasma,normal,134,0
GSE185381,GSM5613777_2020-09-11-AML4340_AML1371-c1,HSC_MPP,normal,54,12
GSE185381,GSM5613777_2020-09-11-AML4340_AML1371-c1,LMPP_GMP,malignant,8,2
GSE185381,GSM5613777_2020-09-11-AML4340_AML1371-c1,Erythroid,normal,2,0
GSE185381,GSM5613778_2020-09-11-AML4340_AML1371-c2,T_NK,normal,1984,148
GSE185381,GSM5613778_2020-09-11-AML4340_AML1371-c2,B_Plasma,normal,125,0
GSE185381,GSM5613778_2020-09-11-AML4340_AML1371-c2,Mono_DC,malignant,190,2
GSE185381,GSM5613778_2020-09-11-AML4340_AML1371-c2,Mono_DC,normal,134,5
GSE185381,GSM5613778_2020-09-11-AML4340_AML1371-c2,LMPP_GMP,normal,31,5
GSE185381,GSM5613778_2020-09-11-AML4340_AML1371-c2,HSC_MPP,normal,29,11
GSE185381,GSM5613778_2020-09-11-AML4340_AML1371-c2,T_NK,malignant,74,3
GSE185381,GSM5613778_2020-09-11-AML4340_AML1371-c2,LMPP_GMP,malignant,4,1
GSE185381,GSM5613779_2020-09-15-AML0024,Mono_DC,normal,4335,7
GSE185381,GSM5613779_2020-09-15-AML0024,Mono_DC,malignant,499,1
GSE185381,GSM5613779_2020-09-15-AML0024,LMPP_GMP,normal,9,0
GSE185381,GSM5613779_2020-09-15-AML0024,T_NK,normal,6,0
GSE185381,GSM5613779_2020-09-15-AML0024,B_Plasma,normal,6,0
GSE185381,GSM5613780_2020-10-06-AML4897,B_Plasma,normal,473,0
GSE185381,GSM5613780_2020-10-06-AML4897,T_NK,malignant,83,11
GSE185381,GSM5613780_2020-10-06-AML4897,T_NK,normal,1598,163
GSE185381,GSM5613780_2020-10-06-AML4897,Mono_DC,normal,166,0
GSE185381,GSM5613780_2020-10-06-AML4897,Mono_DC,malignant,51,1
GSE185381,GSM5613780_2020-10-06-AML4897,HSC_MPP,normal,9,4
GSE185381,GSM5613780_2020-10-06-AML4897,Erythroid,normal,12,0
GSE185381,GSM5613780_2020-10-06-AML4897,Erythroid,malignant,1,0
GSE185381,GSM5613780_2020-10-06-AML4897,LMPP_GMP,normal,16,3
GSE185381,GSM5613780_2020-10-06-AML4897,Megakaryocyte,normal,4,0
GSE185381,GSM5613781_2020-10-06-count2,T_NK,normal,1438,152
GSE185381,GSM5613781_2020-10-06-count2,LMPP_GMP,malignant,84,21
GSE185381,GSM5613781_2020-10-06-count2,Mono_DC,normal,604,7
GSE185381,GSM5613781_2020-10-06-count2,LMPP_GMP,normal,291,60
GSE185381,GSM5613781_2020-10-06-count2,T_NK,malignant,395,36
GSE185381,GSM5613781_2020-10-06-count2,B_Plasma,normal,482,4
GSE185381,GSM5613781_2020-10-06-count2,Mono_DC,malignant,176,2
GSE185381,GSM5613781_2020-10-06-count2,HSC_MPP,malignant,96,37
GSE185381,GSM5613781_2020-10-06-count2,HSC_MPP,normal,147,50
GSE185381,GSM5613781_2020-10-06-count2,B_Plasma,malignant,32,10
GSE185381,GSM5613781_2020-10-06-count2,Erythroid,normal,21,2
GSE185381,GSM5613781_2020-10-06-count2,Megakaryocyte,normal,1,0
GSE185381,GSM5613781_2020-10-06-count2,Erythroid,malignant,5,2
GSE185381,GSM5613782_2020-10-06-count4_0.95,B_Plasma,normal,420,4
GSE185381,GSM5613782_2020-10-06-count4_0.95,Mono_DC,normal,699,57
GSE185381,GSM5613782_2020-10-06-count4_0.95,T_NK,normal,878,46
GSE185381,GSM5613782_2020-10-06-count4_0.95,LMPP_GMP,malignant,32,1
GSE185381,GSM5613782_2020-10-06-count4_0.95,Erythroid,malignant,22,2
GSE185381,GSM5613782_2020-10-06-count4_0.95,Mono_DC,malignant,132,12
GSE185381,GSM5613782_2020-10-06-count4_0.95,T_NK,malignant,27,0
GSE185381,GSM5613782_2020-10-06-count4_0.95,HSC_MPP,normal,36,5
GSE185381,GSM5613782_2020-10-06-count4_0.95,Erythroid,normal,94,8
GSE185381,GSM5613782_2020-10-06-count4_0.95,LMPP_GMP,normal,86,19
GSE185381,GSM5613782_2020-10-06-count4_0.95,HSC_MPP,malignant,13,3
GSE185381,GSM5613782_2020-10-06-count4_0.95,B_Plasma,malignant,5,1
GSE185381,GSM5613782_2020-10-06-count4_0.95,Megakaryocyte,normal,1,0
GSE185381,GSM5613784_2021-03-09-AML0693,B_Plasma,normal,826,0
GSE185381,GSM5613784_2021-03-09-AML0693,HSC_MPP,normal,366,45
GSE185381,GSM5613784_2021-03-09-AML0693,T_NK,normal,374,34
GSE185381,GSM5613784_2021-03-09-AML0693,LMPP_GMP,normal,361,31
GSE185381,GSM5613784_2021-03-09-AML0693,LMPP_GMP,malignant,109,14
GSE185381,GSM5613784_2021-03-09-AML0693,Mono_DC,malignant,78,6
GSE185381,GSM5613784_2021-03-09-AML0693,Erythroid,normal,36,4
GSE185381,GSM5613784_2021-03-09-AML0693,Mono_DC,normal,305,13
GSE185381,GSM5613784_2021-03-09-AML0693,HSC_MPP,malignant,23,2
GSE185381,GSM5613784_2021-03-09-AML0693,B_Plasma,malignant,18,0
GSE185381,GSM5613784_2021-03-09-AML0693,Megakaryocyte,normal,15,0
GSE185381,GSM5613784_2021-03-09-AML0693,T_NK,malignant,9,1
GSE185381,GSM5613784_2021-03-09-AML0693,Erythroid,malignant,5,1
GSE185381,GSM5613785_2021-03-09-AML3948,LMPP_GMP,normal,4105,266
GSE185381,GSM5613785_2021-03-09-AML3948,Mono_DC,malignant,524,5
GSE185381,GSM5613785_2021-03-09-AML3948,Mono_DC,normal,489,24
GSE185381,GSM5613785_2021-03-09-AML3948,LMPP_GMP,malignant,531,35
GSE185381,GSM5613785_2021-03-09-AML3948,T_NK,normal,249,26
GSE185381,GSM5613785_2021-03-09-AML3948,HSC_MPP,normal,376,35
GSE185381,GSM5613785_2021-03-09-AML3948,B_Plasma,normal,161,0
GSE185381,GSM5613785_2021-03-09-AML3948,Erythroid,normal,124,21
GSE185381,GSM5613785_2021-03-09-AML3948,Erythroid,malignant,13,3
GSE185381,GSM5613785_2021-03-09-AML3948,HSC_MPP,malignant,21,2
GSE185381,GSM5613785_2021-03-09-AML3948,T_NK,malignant,3,0
GSE185381,GSM5613786_2021-03-09-AMLMS3730,Mono_DC,normal,2469,52
GSE185381,GSM5613786_2021-03-09-AMLMS3730,Mono_DC,malignant,1065,2
GSE185381,GSM5613786_2021-03-09-AMLMS3730,LMPP_GMP,normal,276,40
GSE185381,GSM5613786_2021-03-09-AMLMS3730,HSC_MPP,normal,178,9
GSE185381,GSM5613786_2021-03-09-AMLMS3730,T_NK,normal,243,25
GSE185381,GSM5613786_2021-03-09-AMLMS3730,T_NK,malignant,13,3
GSE185381,GSM5613786_2021-03-09-AMLMS3730,B_Plasma,normal,136,2
GSE185381,GSM5613786_2021-03-09-AMLMS3730,LMPP_GMP,malignant,16,0
GSE185381,GSM5613786_2021-03-09-AMLMS3730,B_Plasma,malignant,5,0
GSE185381,GSM5613786_2021-03-09-AMLMS3730,HSC_MPP,malignant,18,0
GSE185381,GSM5613786_2021-03-09-AMLMS3730,Erythroid,normal,4,0
GSE185381,GSM5613786_2021-03-09-AMLMS3730,Megakaryocyte,normal,1,0
GSE185381,GSM5613786_2021-03-09-AMLMS3730,Megakaryocyte,malignant,1,0
GSE185381,GSM5613787_2021-03-09-count1_0.95,T_NK,normal,823,66
GSE185381,GSM5613787_2021-03-09-count1_0.95,B_Plasma,normal,297,1
GSE185381,GSM5613787_2021-03-09-count1_0.95,Mono_DC,normal,611,7
GSE185381,GSM5613787_2021-03-09-count1_0.95,Mono_DC,malignant,268,1
GSE185381,GSM5613787_2021-03-09-count1_0.95,HSC_MPP,normal,50,13
GSE185381,GSM5613787_2021-03-09-count1_0.95,T_NK,malignant,118,11
GSE185381,GSM5613787_2021-03-09-count1_0.95,LMPP_GMP,normal,94,11
GSE185381,GSM5613787_2021-03-09-count1_0.95,HSC_MPP,malignant,22,11
GSE185381,GSM5613787_2021-03-09-count1_0.95,LMPP_GMP,malignant,16,4
GSE185381,GSM5613787_2021-03-09-count1_0.95,Erythroid,normal,7,0
GSE185381,GSM5613787_2021-03-09-count1_0.95,B_Plasma,malignant,4,0
GSE185381,GSM5613788_2021-03-09-Z-1-1,Erythroid,normal,85,2
GSE185381,GSM5613788_2021-03-09-Z-1-1,T_NK,normal,275,32
GSE185381,GSM5613788_2021-03-09-Z-1-1,LMPP_GMP,normal,97,8
GSE185381,GSM5613788_2021-03-09-Z-1-1,T_NK,malignant,52,3
GSE185381,GSM5613788_2021-03-09-Z-1-1,B_Plasma,normal,108,1
GSE185381,GSM5613788_2021-03-09-Z-1-1,Megakaryocyte,normal,9,0
GSE185381,GSM5613788_2021-03-09-Z-1-1,HSC_MPP,normal,54,3
GSE185381,GSM5613788_2021-03-09-Z-1-1,Mono_DC,normal,26,0
GSE185381,GSM5613788_2021-03-09-Z-1-1,Mono_DC,malignant,52,0
GSE185381,GSM5613788_2021-03-09-Z-1-1,Erythroid,malignant,2,0
GSE185381,GSM5613788_2021-03-09-Z-1-1,Megakaryocyte,malignant,2,0
GSE185381,GSM5613788_2021-03-09-Z-1-1,LMPP_GMP,malignant,2,0
GSE185381,GSM5613788_2021-03-09-Z-1-1,B_Plasma,malignant,1,0
GSE185381,GSM5613789_2021-03-09-Z-1-2,HSC_MPP,normal,71,12
GSE185381,GSM5613789_2021-03-09-Z-1-2,T_NK,normal,338,33
GSE185381,GSM5613789_2021-03-09-Z-1-2,B_Plasma,normal,117,0
GSE185381,GSM5613789_2021-03-09-Z-1-2,LMPP_GMP,normal,120,9
GSE185381,GSM5613789_2021-03-09-Z-1-2,Erythroid,normal,101,1
GSE185381,GSM5613789_2021-03-09-Z-1-2,Mono_DC,malignant,45,0
GSE185381,GSM5613789_2021-03-09-Z-1-2,Megakaryocyte,normal,15,0
GSE185381,GSM5613789_2021-03-09-Z-1-2,Mono_DC,normal,27,1
GSE185381,GSM5613789_2021-03-09-Z-1-2,T_NK,malignant,40,1
GSE185381,GSM5613789_2021-03-09-Z-1-2,B_Plasma,malignant,1,0
GSE185381,GSM5613789_2021-03-09-Z-1-2,Megakaryocyte,malignant,2,0
GSE185381,GSM5613790_2021-03-09-Z-1-3,T_NK,normal,414,39
GSE185381,GSM5613790_2021-03-09-Z-1-3,HSC_MPP,normal,202,13
GSE185381,GSM5613790_2021-03-09-Z-1-3,B_Plasma,normal,135,0
GSE185381,GSM5613790_2021-03-09-Z-1-3,LMPP_GMP,normal,325,27
GSE185381,GSM5613790_2021-03-09-Z-1-3,Megakaryocyte,normal,24,0
GSE185381,GSM5613790_2021-03-09-Z-1-3,Erythroid,normal,273,8
GSE185381,GSM5613790_2021-03-09-Z-1-3,Mono_DC,normal,42,1
GSE185381,GSM5613790_2021-03-09-Z-1-3,Erythroid,malignant,7,0
GSE185381,GSM5613790_2021-03-09-Z-1-3,T_NK,malignant,52,4
GSE185381,GSM5613790_2021-03-09-Z-1-3,Mono_DC,malignant,63,1
GSE185381,GSM5613790_2021-03-09-Z-1-3,Megakaryocyte,malignant,7,0
GSE185381,GSM5613790_2021-03-09-Z-1-3,LMPP_GMP,malignant,5,1
GSE185381,GSM5613790_2021-03-09-Z-1-3,HSC_MPP,malignant,1,0
GSE185381,GSM5613791_2019-10-21-1-Control0004,T_NK,normal,11840,1171
GSE185381,GSM5613791_2019-10-21-1-Control0004,T_NK,malignant,22,1
GSE185381,GSM5613793_2020-03-18-82,T_NK,normal,1055,120
GSE185381,GSM5613793_2020-03-18-82,T_NK,malignant,8,1
GSE185381,GSM5613795_2020-05-22-5prime_2,T_NK,normal,1297,134
GSE185381,GSM5613795_2020-05-22-5prime_2,T_NK,malignant,2,0
GSE185381,GSM5613796_2020-08-07-MDS-AML_cDNA1,T_NK,normal,1388,97
GSE185381,GSM5613796_2020-08-07-MDS-AML_cDNA1,T_NK,malignant,1,0
GSE185381,GSM5613797_2020-08-07-MDS-AML_cDNA2,T_NK,normal,1059,72
GSE185381,GSM5613797_2020-08-07-MDS-AML_cDNA2,T_NK,malignant,1,0
GSE185381,GSM5613800_2021-04-29-0102_cDNA,T_NK,normal,1451,59
GSE185381,GSM5613800_2021-04-29-0102_cDNA,T_NK,malignant,2,0
GSE185381,GSM5613801_2021-04-29-0134_cDNA,T_NK,normal,1400,205
GSE185381,GSM5613801_2021-04-29-0134_cDNA,T_NK,malignant,2,0
GSE185381,GSM5613804_2021-04-29-2910_cDNA,T_NK,normal,2084,79
GSE185381,GSM5613804_2021-04-29-2910_cDNA,T_NK,malignant,4,0
GSE185381,GSM5613805_2021-04-29-2975_cDNA,T_NK,normal,766,40
GSE185381,GSM5613806_2021-04-29-3948_cDNA,T_NK,no_consensus,2251,232
GSE185991,GSM5628163_M03,Mono_DC,no_consensus,232,7
GSE185991,GSM5628163_M03,LMPP_GMP,no_consensus,583,57
GSE185991,GSM5628163_M03,HSC_MPP,no_consensus,249,71
GSE185991,GSM5628163_M03,Erythroid,no_consensus,85,5
GSE185991,GSM5628163_M03,T_NK,no_consensus,13,0
GSE185991,GSM5628163_M03,B_Plasma,no_consensus,2,0
GSE185991,GSM5628164_M04,LMPP_GMP,no_consensus,419,67
GSE185991,GSM5628164_M04,HSC_MPP,no_consensus,591,164
GSE185991,GSM5628164_M04,T_NK,no_consensus,200,32
GSE185991,GSM5628164_M04,Mono_DC,no_consensus,33,9
GSE185991,GSM5628164_M04,Erythroid,no_consensus,3,0
GSE185991,GSM5628164_M04,B_Plasma,no_consensus,6,0
GSE185991,GSM5628164_M04,Megakaryocyte,no_consensus,1,0
GSE185991,GSM5628167_M07,LMPP_GMP,no_consensus,951,79
GSE185991,GSM5628167_M07,Erythroid,no_consensus,200,21
GSE185991,GSM5628167_M07,Mono_DC,no_consensus,20,0
GSE185991,GSM5628167_M07,HSC_MPP,no_consensus,6,1
GSE185991,GSM5628167_M07,T_NK,no_consensus,11,1
GSE185991,GSM5628168_M08,HSC_MPP,no_consensus,1249,164
GSE185991,GSM5628168_M08,T_NK,no_consensus,4,0
GSE185991,GSM5628168_M08,Erythroid,no_consensus,21,1
GSE185991,GSM5628168_M08,LMPP_GMP,no_consensus,29,2
GSE185991,GSM5628172_M22,Mono_DC,no_consensus,3594,39
GSE185991,GSM5628172_M22,B_Plasma,no_consensus,232,0
GSE185991,GSM5628172_M22,LMPP_GMP,no_consensus,213,11
GSE185991,GSM5628172_M22,T_NK,no_consensus,30,2
GSE185991,GSM5628174_M24,T_NK,no_consensus,4930,65
GSE185991,GSM5628174_M24,B_Plasma,no_consensus,32,0
GSE185991,GSM5628175_M25,Erythroid,no_consensus,50,3
GSE185991,GSM5628175_M25,Mono_DC,no_consensus,71,4
GSE185991,GSM5628175_M25,LMPP_GMP,no_consensus,512,35
GSE185991,GSM5628175_M25,HSC_MPP,no_consensus,147,31
GSE185991,GSM5628175_M25,T_NK,no_consensus,94,10
GSE185991,GSM5628175_M25,B_Plasma,no_consensus,12,0
GSE185991,GSM5628175_M25,Megakaryocyte,no_consensus,1,0
GSE185991,GSM5628176_M26,Mono_DC,no_consensus,510,16
GSE185991,GSM5628176_M26,LMPP_GMP,no_consensus,637,31
GSE185991,GSM5628176_M26,HSC_MPP,no_consensus,171,22
GSE185991,GSM5628176_M26,Erythroid,no_consensus,46,0
GSE185991,GSM5628176_M26,T_NK,no_consensus,88,6
GSE185991,GSM5628176_M26,Megakaryocyte,no_consensus,8,0
GSE185991,GSM5628176_M26,B_Plasma,no_consensus,2,0
GSE185991,GSM5628177_M27,HSC_MPP,no_consensus,82,8
GSE185991,GSM5628177_M27,T_NK,no_consensus,854,39
GSE185991,GSM5628177_M27,LMPP_GMP,no_consensus,11,3
GSE185991,GSM5628177_M27,Erythroid,no_consensus,1,0
GSE185991,GSM5628177_M27,B_Plasma,no_consensus,3,0
GSE185991,GSM5628178_M28,LMPP_GMP,no_consensus,2011,189
GSE185991,GSM5628178_M28,Mono_DC,no_consensus,501,28
GSE185991,GSM5628178_M28,HSC_MPP,no_consensus,276,80
GSE185991,GSM5628178_M28,Erythroid,no_consensus,373,26
GSE185991,GSM5628178_M28,T_NK,no_consensus,119,13
GSE185991,GSM5628178_M28,B_Plasma,no_consensus,13,1
GSE185991,GSM5628180_M30,T_NK,no_consensus,925,79
GSE185991,GSM5628180_M30,Mono_DC,no_consensus,494,11
GSE185991,GSM5628180_M30,LMPP_GMP,no_consensus,1163,61
GSE185991,GSM5628180_M30,HSC_MPP,no_consensus,141,10
GSE185991,GSM5628180_M30,B_Plasma,no_consensus,58,1
GSE185991,GSM5628180_M30,Erythroid,no_consensus,11,0
GSE185991,GSM5628181_M31,LMPP_GMP,no_consensus,2070,174
GSE185991,GSM5628181_M31,T_NK,no_consensus,394,38
GSE185991,GSM5628181_M31,HSC_MPP,no_consensus,651,198
GSE185991,GSM5628181_M31,Erythroid,no_consensus,55,6
GSE185991,GSM5628181_M31,Mono_DC,no_consensus,19,4
GSE185991,GSM5628181_M31,B_Plasma,no_consensus,8,1
GSE185991,GSM5628182_M32,Mono_DC,no_consensus,1491,49
GSE185991,GSM5628182_M32,HSC_MPP,no_consensus,560,122
GSE185991,GSM5628182_M32,T_NK,no_consensus,319,44
GSE185991,GSM5628182_M32,LMPP_GMP,no_consensus,1511,158
GSE185991,GSM5628182_M32,Erythroid,no_consensus,319,16
GSE185991,GSM5628182_M32,Megakaryocyte,no_consensus,3,0
GSE185991,GSM5628182_M32,B_Plasma,no_consensus,12,1
GSE185991,GSM5628183_M33,Mono_DC,no_consensus,901,11
GSE185991,GSM5628183_M33,LMPP_GMP,no_consensus,1107,75
GSE185991,GSM5628183_M33,HSC_MPP,no_consensus,255,59
GSE185991,GSM5628183_M33,T_NK,no_consensus,105,20
GSE185991,GSM5628183_M33,Erythroid,no_consensus,22,2
GSE185991,GSM5628183_M33,B_Plasma,no_consensus,11,0
GSE185991,GSM5628183_M33,Megakaryocyte,no_consensus,2,0
GSE185991,GSM5628186_M39,T_NK,no_consensus,1118,67
GSE185991,GSM5628186_M39,Erythroid,no_consensus,16,0
GSE185991,GSM5628186_M39,Mono_DC,no_consensus,103,1
GSE185991,GSM5628186_M39,LMPP_GMP,no_consensus,22,3
GSE185991,GSM5628186_M39,HSC_MPP,no_consensus,29,9
GSE185991,GSM5628186_M39,Megakaryocyte,no_consensus,3,0
GSE185991,GSM5628187_M40,Mono_DC,no_consensus,607,17
GSE185991,GSM5628187_M40,LMPP_GMP,no_consensus,1090,43
GSE185991,GSM5628187_M40,Erythroid,no_consensus,64,3
GSE185991,GSM5628187_M40,HSC_MPP,no_consensus,148,25
GSE185991,GSM5628187_M40,T_NK,no_consensus,2,1
GSE185991,GSM5628188_M41,LMPP_GMP,no_consensus,1476,59
GSE185991,GSM5628188_M41,HSC_MPP,no_consensus,284,63
GSE185991,GSM5628188_M41,T_NK,no_consensus,56,4
GSE185991,GSM5628188_M41,Mono_DC,no_consensus,64,2
GSE185991,GSM5628188_M41,Erythroid,no_consensus,107,3
GSE185991,GSM5628188_M41,Megakaryocyte,no_consensus,1,0
GSE185991,GSM5628189_M42,Erythroid,no_consensus,2682,21
GSE185991,GSM5628189_M42,T_NK,no_consensus,415,49
GSE185991,GSM5628189_M42,Mono_DC,no_consensus,255,7
GSE185991,GSM5628189_M42,B_Plasma,no_consensus,16,1
GSE185991,GSM5628190_M43,T_NK,no_consensus,94,10
GSE185991,GSM5628190_M43,HSC_MPP,no_consensus,111,19
GSE185991,GSM5628190_M43,LMPP_GMP,no_consensus,120,16
GSE185991,GSM5628190_M43,Mono_DC,no_consensus,133,6
GSE185991,GSM5628190_M43,Erythroid,no_consensus,13,1
GSE185991,GSM5628190_M43,B_Plasma,no_consensus,16,1
GSE185991,GSM5628190_M43,Megakaryocyte,no_consensus,2,0
GSE185991,GSM5628191_M44,Erythroid,no_consensus,277,11
GSE185991,GSM5628191_M44,Mono_DC,no_consensus,21,0
GSE185991,GSM5628191_M44,T_NK,no_consensus,186,19
GSE185991,GSM5628191_M44,B_Plasma,no_consensus,10,0
GSE185991,GSM5628191_M44,LMPP_GMP,no_consensus,32,0
GSE185991,GSM5628191_M44,HSC_MPP,no_consensus,21,1
GSE185991,GSM5628191_M44,Megakaryocyte,no_consensus,11,1
GSE185991,GSM5628192_M45,LMPP_GMP,no_consensus,200,11
GSE185991,GSM5628192_M45,B_Plasma,no_consensus,172,6
GSE185991,GSM5628192_M45,HSC_MPP,no_consensus,222,22
GSE185991,GSM5628192_M45,T_NK,no_consensus,216,9
GSE185991,GSM5628192_M45,Erythroid,no_consensus,87,2
GSE185991,GSM5628192_M45,Megakaryocyte,no_consensus,11,0
GSE185991,GSM5628192_M45,Mono_DC,no_consensus,123,5
GSE185991,GSM5628195_M48,Mono_DC,no_consensus,1472,35
GSE185991,GSM5628195_M48,LMPP_GMP,no_consensus,845,50
GSE185991,GSM5628195_M48,HSC_MPP,no_consensus,277,24
GSE185991,GSM5628195_M48,Erythroid,no_consensus,53,5
GSE185991,GSM5628195_M48,T_NK,no_consensus,47,9
GSE185991,GSM5628195_M48,B_Plasma,no_consensus,8,1
GSE185991,GSM5628196_M49,LMPP_GMP,no_consensus,1712,136
GSE185991,GSM5628196_M49,HSC_MPP,no_consensus,715,54
GSE185991,GSM5628196_M49,Erythroid,no_consensus,175,25
GSE185991,GSM5628196_M49,Mono_DC,no_consensus,36,0
GSE185991,GSM5628196_M49,B_Plasma,no_consensus,10,0
GSE185991,GSM5628196_M49,T_NK,no_consensus,45,4
GSE185991,GSM5628196_M49,Megakaryocyte,no_consensus,2,0
GSE185991,GSM6412447_M36,HSC_MPP,no_consensus,2750,762
GSE185991,GSM6412447_M36,LMPP_GMP,no_consensus,513,97
GSE185991,GSM6412447_M36,Erythroid,no_consensus,7,0
GSE185991,GSM6412447_M36,T_NK,no_consensus,36,5
GSE185991,GSM6412447_M36,B_Plasma,no_consensus,1,0
GSE185991,GSM6412447_M36,Mono_DC,no_consensus,8,0
GSE185991,GSM6412448_M38,LMPP_GMP,no_consensus,939,93
GSE185991,GSM6412448_M38,HSC_MPP,no_consensus,2150,290
GSE185991,GSM6412448_M38,Mono_DC,no_consensus,1256,32
GSE185991,GSM6412448_M38,T_NK,no_consensus,852,80
GSE185991,GSM6412448_M38,Erythroid,no_consensus,230,1
GSE185991,GSM6412448_M38,Megakaryocyte,no_consensus,48,0
GSE185991,GSM6412448_M38,B_Plasma,no_consensus,34,2
GSE185991,GSM6412449_M84,Erythroid,no_consensus,563,4
GSE185991,GSM6412449_M84,HSC_MPP,no_consensus,3818,1165
GSE185991,GSM6412449_M84,LMPP_GMP,no_consensus,1440,221
GSE185991,GSM6412449_M84,Mono_DC,no_consensus,286,9
GSE185991,GSM6412449_M84,T_NK,no_consensus,17,3
GSE185991,GSM6412449_M84,Megakaryocyte,no_consensus,8,0
GSE185991,GSM6412450_M85,LMPP_GMP,no_consensus,2682,196
GSE185991,GSM6412450_M85,HSC_MPP,no_consensus,1806,358
GSE185991,GSM6412450_M85,Erythroid,no_consensus,778,21
GSE185991,GSM6412450_M85,T_NK,no_consensus,358,51
GSE185991,GSM6412450_M85,Mono_DC,no_consensus,546,21
GSE185991,GSM6412450_M85,B_Plasma,no_consensus,57,2
GSE185991,GSM6412450_M85,Megakaryocyte,no_consensus,25,1
GSE185991,GSM6412451_M88,T_NK,no_consensus,957,95
GSE185991,GSM6412451_M88,Erythroid,no_consensus,468,6
GSE185991,GSM6412451_M88,HSC_MPP,no_consensus,982,244
GSE185991,GSM6412451_M88,LMPP_GMP,no_consensus,1027,87
GSE185991,GSM6412451_M88,Megakaryocyte,no_consensus,13,0
GSE185991,GSM6412451_M88,Mono_DC,no_consensus,9,3
GSE185991,GSM6412451_M88,B_Plasma,no_consensus,6,1
GSE185991,GSM6412452_M89,Mono_DC,no_consensus,30,2
GSE185991,GSM6412452_M89,T_NK,no_consensus,533,47
GSE185991,GSM6412452_M89,HSC_MPP,no_consensus,1023,156
GSE185991,GSM6412452_M89,LMPP_GMP,no_consensus,1074,88
GSE185991,GSM6412452_M89,Erythroid,no_consensus,427,8
GSE185991,GSM6412452_M89,B_Plasma,no_consensus,8,1
GSE185991,GSM6412452_M89,Megakaryocyte,no_consensus,42,0
GSE185991,GSM6412453_M92,Mono_DC,no_consensus,2074,11
GSE185991,GSM6412453_M92,HSC_MPP,no_consensus,113,35
GSE185991,GSM6412453_M92,LMPP_GMP,no_consensus,103,11
GSE185991,GSM6412453_M92,T_NK,no_consensus,18,0
GSE185991,GSM6412453_M92,Erythroid,no_consensus,25,1
GSE185991,GSM6412454_M93,LMPP_GMP,no_consensus,1044,98
GSE185991,GSM6412454_M93,HSC_MPP,no_consensus,716,168
GSE185991,GSM6412454_M93,Erythroid,no_consensus,84,5
GSE185991,GSM6412454_M93,T_NK,no_consensus,82,12
GSE185991,GSM6412454_M93,Mono_DC,no_consensus,94,9
GSE185991,GSM6412454_M93,B_Plasma,no_consensus,1,0
GSE185991,GSM6412454_M93,Megakaryocyte,no_consensus,1,0
GSE185991,GSM6412455_M95,HSC_MPP,no_consensus,1959,664
GSE185991,GSM6412455_M95,LMPP_GMP,no_consensus,1191,221
GSE185991,GSM6412455_M95,Mono_DC,no_consensus,58,13
GSE185991,GSM6412455_M95,T_NK,no_consensus,60,14
GSE185991,GSM6412455_M95,Megakaryocyte,no_consensus,6,1
GSE185991,GSM6412455_M95,Erythroid,no_consensus,18,4
GSE185991,GSM6412455_M95,B_Plasma,no_consensus,3,0
GSE201966,GSM6085176_AML01M4_CR,T_NK,no_consensus,897,48
GSE201966,GSM6085176_AML01M4_CR,Erythroid,no_consensus,1294,13
GSE201966,GSM6085176_AML01M4_CR,Mono_DC,no_consensus,21,0
GSE201966,GSM6085176_AML01M4_CR,HSC_MPP,no_consensus,13,1
GSE201966,GSM6085176_AML01M4_CR,LMPP_GMP,no_consensus,35,2
GSE201966,GSM6085176_AML01M4_CR,B_Plasma,no_consensus,23,0
GSE201966,GSM6085176_AML01M4_CR,Megakaryocyte,no_consensus,5,0
GSE201966,GSM6085177_AML01M4_P,Mono_DC,no_consensus,1298,18
GSE201966,GSM6085177_AML01M4_P,LMPP_GMP,no_consensus,532,32
GSE201966,GSM6085177_AML01M4_P,Erythroid,no_consensus,2324,48
GSE201966,GSM6085177_AML01M4_P,HSC_MPP,no_consensus,73,20
GSE201966,GSM6085177_AML01M4_P,T_NK,no_consensus,79,11
GSE201966,GSM6085177_AML01M4_P,B_Plasma,no_consensus,20,0
GSE201966,GSM6085177_AML01M4_P,Megakaryocyte,no_consensus,2,0
GSE201966,GSM6085178_AML01M4_RE,HSC_MPP,no_consensus,514,107
GSE201966,GSM6085178_AML01M4_RE,Mono_DC,no_consensus,1980,10
GSE201966,GSM6085178_AML01M4_RE,LMPP_GMP,no_consensus,1584,102
GSE201966,GSM6085178_AML01M4_RE,T_NK,no_consensus,2169,162
GSE201966,GSM6085178_AML01M4_RE,Erythroid,no_consensus,89,5
GSE201966,GSM6085178_AML01M4_RE,B_Plasma,no_consensus,69,1
GSE201966,GSM6085178_AML01M4_RE,Megakaryocyte,no_consensus,11,1
GSE201966,GSM6085179_AML02M5_P,Mono_DC,no_consensus,2339,5
GSE201966,GSM6085179_AML02M5_P,HSC_MPP,no_consensus,18,2
GSE201966,GSM6085179_AML02M5_P,LMPP_GMP,no_consensus,200,7
GSE201966,GSM6085179_AML02M5_P,T_NK,no_consensus,28,1
GSE201966,GSM6085179_AML02M5_P,B_Plasma,no_consensus,12,0
GSE201966,GSM6085179_AML02M5_P,Erythroid,no_consensus,15,0
GSE201966,GSM6085180_AML02M5_RE,Erythroid,normal,8745,381
GSE201966,GSM6085180_AML02M5_RE,LMPP_GMP,normal,505,5
GSE201966,GSM6085180_AML02M5_RE,HSC_MPP,normal,232,2
GSE201966,GSM6085180_AML02M5_RE,Mono_DC,normal,9,1
GSE201966,GSM6085180_AML02M5_RE,B_Plasma,normal,17,0
GSE201966,GSM6085180_AML02M5_RE,T_NK,normal,16,1
GSE201966,GSM6085180_AML02M5_RE,Erythroid,malignant,2,0
GSE201966,GSM6085180_AML02M5_RE,T_NK,malignant,1,0
GSE201966,GSM6085181_AML03M5_P,Mono_DC,malignant,4328,6
GSE201966,GSM6085181_AML03M5_P,Mono_DC,normal,2417,11
GSE201966,GSM6085181_AML03M5_P,LMPP_GMP,normal,88,3
GSE201966,GSM6085181_AML03M5_P,HSC_MPP,normal,7,2
GSE201966,GSM6085181_AML03M5_P,T_NK,normal,171,8
GSE201966,GSM6085181_AML03M5_P,B_Plasma,normal,28,0
GSE201966,GSM6085181_AML03M5_P,B_Plasma,malignant,1,0
GSE201966,GSM6085181_AML03M5_P,LMPP_GMP,malignant,16,1
GSE201966,GSM6085181_AML03M5_P,T_NK,malignant,6,0
GSE201966,GSM6085182_AML03M5_RE,T_NK,normal,2244,169
GSE201966,GSM6085182_AML03M5_RE,Mono_DC,normal,51,0
GSE201966,GSM6085182_AML03M5_RE,B_Plasma,normal,49,1
GSE201966,GSM6085182_AML03M5_RE,LMPP_GMP,normal,111,6
GSE201966,GSM6085182_AML03M5_RE,T_NK,malignant,66,8
GSE201966,GSM6085182_AML03M5_RE,HSC_MPP,normal,19,1
GSE201966,GSM6085182_AML03M5_RE,Mono_DC,malignant,10,1
GSE201966,GSM6085182_AML03M5_RE,Erythroid,normal,17,0
GSE201966,GSM6085182_AML03M5_RE,B_Plasma,malignant,4,0
GSE201966,GSM6085182_AML03M5_RE,LMPP_GMP,malignant,1,1
GSE201966,GSM6085182_AML03M5_RE,Megakaryocyte,normal,1,0
GSE207356,GSM6284912_TS173_04_Sample_D,LMPP_GMP,no_consensus,1010,184
GSE207356,GSM6284912_TS173_04_Sample_D,B_Plasma,no_consensus,576,0
GSE207356,GSM6284912_TS173_04_Sample_D,HSC_MPP,no_consensus,3649,1078
GSE207356,GSM6284912_TS173_04_Sample_D,T_NK,no_consensus,3960,217
GSE207356,GSM6284912_TS173_04_Sample_D,Erythroid,no_consensus,68,2
GSE207356,GSM6284912_TS173_04_Sample_D,Mono_DC,no_consensus,49,0
GSE207356,GSM6284912_TS173_04_Sample_D,Megakaryocyte,no_consensus,1,0
GSE207356,GSM6284913_TS173_05_Sample_E,HSC_MPP,normal,2291,587
GSE207356,GSM6284913_TS173_05_Sample_E,Mono_DC,normal,596,4
GSE207356,GSM6284913_TS173_05_Sample_E,Mono_DC,malignant,1360,5
GSE207356,GSM6284913_TS173_05_Sample_E,T_NK,normal,382,38
GSE207356,GSM6284913_TS173_05_Sample_E,HSC_MPP,malignant,25,3
GSE207356,GSM6284913_TS173_05_Sample_E,LMPP_GMP,normal,533,77
GSE207356,GSM6284913_TS173_05_Sample_E,LMPP_GMP,malignant,185,9
GSE207356,GSM6284913_TS173_05_Sample_E,B_Plasma,normal,76,0
GSE207356,GSM6284913_TS173_05_Sample_E,Megakaryocyte,malignant,10,0
GSE207356,GSM6284913_TS173_05_Sample_E,Erythroid,normal,92,5
GSE207356,GSM6284913_TS173_05_Sample_E,Erythroid,malignant,18,1
GSE207356,GSM6284913_TS173_05_Sample_E,T_NK,malignant,17,4
GSE207356,GSM6284913_TS173_05_Sample_E,Megakaryocyte,normal,9,0
GSE207356,GSM6284914_TS173_06_Sample_F,Mono_DC,malignant,1318,2
GSE207356,GSM6284914_TS173_06_Sample_F,HSC_MPP,normal,1589,390
GSE207356,GSM6284914_TS173_06_Sample_F,T_NK,normal,613,42
GSE207356,GSM6284914_TS173_06_Sample_F,Mono_DC,normal,1556,23
GSE207356,GSM6284914_TS173_06_Sample_F,LMPP_GMP,normal,1151,105
GSE207356,GSM6284914_TS173_06_Sample_F,LMPP_GMP,malignant,360,14
GSE207356,GSM6284914_TS173_06_Sample_F,Megakaryocyte,malignant,5,0
GSE207356,GSM6284914_TS173_06_Sample_F,T_NK,malignant,40,5
GSE207356,GSM6284914_TS173_06_Sample_F,Erythroid,normal,74,2
GSE207356,GSM6284914_TS173_06_Sample_F,B_Plasma,normal,79,0
GSE207356,GSM6284914_TS173_06_Sample_F,HSC_MPP,malignant,28,6
GSE207356,GSM6284914_TS173_06_Sample_F,Erythroid,malignant,7,1
GSE207356,GSM6284914_TS173_06_Sample_F,B_Plasma,malignant,4,0
GSE207356,GSM6284914_TS173_06_Sample_F,Megakaryocyte,normal,5,0
GSE227903,1216_Dg,T_NK,no_consensus,384,32
GSE227903,1216_Dg,LMPP_GMP,no_consensus,788,122
GSE227903,1216_Dg,Mono_DC,no_consensus,849,84
GSE227903,1216_Dg,HSC_MPP,no_consensus,127,52
GSE227903,1216_Dg,Erythroid,no_consensus,53,15
GSE227903,1216_Dg,B_Plasma,no_consensus,34,1
GSE227903,1216_MRD,Mono_DC,no_consensus,933,8
GSE227903,1216_MRD,T_NK,no_consensus,688,66
GSE227903,1216_MRD,HSC_MPP,no_consensus,54,11
GSE227903,1216_MRD,Megakaryocyte,no_consensus,1,0
GSE227903,1216_MRD,LMPP_GMP,no_consensus,98,4
GSE227903,1216_MRD,Erythroid,no_consensus,32,1
GSE227903,1216_MRD,B_Plasma,no_consensus,11,1
GSE227903,1216_R,Erythroid,no_consensus,376,92
GSE227903,1216_R,LMPP_GMP,no_consensus,2933,411
GSE227903,1216_R,Mono_DC,no_consensus,884,51
GSE227903,1216_R,HSC_MPP,no_consensus,577,168
GSE227903,1216_R,T_NK,no_consensus,698,45
GSE227903,1216_R,B_Plasma,no_consensus,131,1
GSE227903,1886_Dg,LMPP_GMP,malignant,303,74
GSE227903,1886_Dg,Mono_DC,malignant,843,83
GSE227903,1886_Dg,HSC_MPP,normal,415,191
GSE227903,1886_Dg,Erythroid,normal,87,10
GSE227903,1886_Dg,LMPP_GMP,normal,332,78
GSE227903,1886_Dg,Mono_DC,normal,700,78
GSE227903,1886_Dg,B_Plasma,normal,33,1
GSE227903,1886_Dg,T_NK,normal,84,12
GSE227903,1886_Dg,HSC_MPP,malignant,330,166
GSE227903,1886_Dg,Erythroid,malignant,28,5
GSE227903,1886_Dg,B_Plasma,malignant,12,3
GSE227903,1886_Dg,Megakaryocyte,normal,7,0
GSE227903,1886_Dg,T_NK,malignant,39,10
GSE227903,1886_Dg,Megakaryocyte,malignant,2,0
GSE227903,1886_MRD,Mono_DC,normal,1057,20
GSE227903,1886_MRD,Mono_DC,malignant,1142,4
GSE227903,1886_MRD,LMPP_GMP,normal,131,5
GSE227903,1886_MRD,T_NK,normal,328,22
GSE227903,1886_MRD,Erythroid,normal,22,0
GSE227903,1886_MRD,LMPP_GMP,malignant,28,3
GSE227903,1886_MRD,HSC_MPP,normal,58,10
GSE227903,1886_MRD,B_Plasma,normal,22,0
GSE227903,1886_MRD,B_Plasma,malignant,6,0
GSE227903,1886_MRD,T_NK,malignant,15,0
GSE227903,1886_MRD,HSC_MPP,malignant,1,1
GSE227903,1886_MRD,Erythroid,malignant,1,1
GSE227903,1886_R,LMPP_GMP,malignant,50,8
GSE227903,1886_R,LMPP_GMP,normal,512,73
GSE227903,1886_R,Mono_DC,normal,35,9
GSE227903,1886_R,Erythroid,normal,29,6
GSE227903,1886_R,HSC_MPP,normal,277,79
GSE227903,1886_R,T_NK,malignant,74,13
GSE227903,1886_R,Mono_DC,malignant,37,1
GSE227903,1886_R,B_Plasma,normal,24,0
GSE227903,1886_R,B_Plasma,malignant,49,0
GSE227903,1886_R,T_NK,normal,61,17
GSE227903,1886_R,HSC_MPP,malignant,13,4
GSE227903,1886_R,Erythroid,malignant,4,1
GSE227903,1886_R,Megakaryocyte,normal,10,1
GSE227903,1886_R,Megakaryocyte,malignant,2,0
GSE227903,3853_Dg,LMPP_GMP,malignant,592,40
GSE227903,3853_Dg,HSC_MPP,normal,46,12
GSE227903,3853_Dg,LMPP_GMP,normal,247,14
GSE227903,3853_Dg,HSC_MPP,malignant,252,62
GSE227903,3853_Dg,Mono_DC,malignant,108,4
GSE227903,3853_Dg,T_NK,malignant,45,7
GSE227903,3853_Dg,Mono_DC,normal,9,1
GSE227903,3853_Dg,T_NK,normal,9,4
GSE227903,3853_Dg,Erythroid,malignant,3,0
GSE227903,3853_R,LMPP_GMP,normal,319,20
GSE227903,3853_R,Mono_DC,normal,55,4
GSE227903,3853_R,HSC_MPP,normal,101,25
GSE227903,3853_R,T_NK,normal,36,5
GSE227903,3853_R,Erythroid,normal,1,0
GSE227903,3904_Dg,LMPP_GMP,normal,1577,172
GSE227903,3904_Dg,HSC_MPP,normal,764,300
GSE227903,3904_Dg,T_NK,normal,143,13
GSE227903,3904_Dg,Erythroid,malignant,68,14
GSE227903,3904_Dg,HSC_MPP,malignant,122,40
GSE227903,3904_Dg,Mono_DC,normal,39,4
GSE227903,3904_Dg,T_NK,malignant,27,8
GSE227903,3904_Dg,LMPP_GMP,malignant,217,35
GSE227903,3904_Dg,Erythroid,normal,189,28
GSE227903,3904_Dg,B_Plasma,normal,19,0
GSE227903,3904_Dg,Mono_DC,malignant,21,1
GSE227903,3904_MRD,LMPP_GMP,normal,217,11
GSE227903,3904_MRD,Mono_DC,normal,805,33
GSE227903,3904_MRD,HSC_MPP,normal,44,6
GSE227903,3904_MRD,Mono_DC,malignant,953,13
GSE227903,3904_MRD,T_NK,malignant,19,3
GSE227903,3904_MRD,Erythroid,normal,20,0
GSE227903,3904_MRD,T_NK,normal,136,7
GSE227903,3904_MRD,LMPP_GMP,malignant,28,3
GSE227903,3904_MRD,B_Plasma,normal,13,0
GSE227903,3904_MRD,B_Plasma,malignant,18,0
GSE227903,3904_MRD,HSC_MPP,malignant,7,1
GSE227903,3904_MRD,Megakaryocyte,normal,2,0
GSE227903,3904_MRD,Erythroid,malignant,3,0
GSE227903,3904_R,Erythroid,normal,1417,158
GSE227903,3904_R,LMPP_GMP,normal,6266,491
GSE227903,3904_R,LMPP_GMP,malignant,223,17
GSE227903,3904_R,Erythroid,malignant,41,6
GSE227903,3904_R,T_NK,normal,182,24
GSE227903,3904_R,HSC_MPP,normal,1082,298
GSE227903,3904_R,Mono_DC,normal,33,2
GSE227903,3904_R,T_NK,malignant,36,0
GSE227903,3904_R,B_Plasma,normal,13,1
GSE227903,3904_R,HSC_MPP,malignant,30,10
GSE227903,3904_R,B_Plasma,malignant,9,0
GSE227903,3904_R,Mono_DC,malignant,7,0
GSE227903,40389_Dg,T_NK,normal,510,42
GSE227903,40389_Dg,LMPP_GMP,normal,396,39
GSE227903,40389_Dg,Mono_DC,normal,1341,44
GSE227903,40389_Dg,LMPP_GMP,malignant,5,0
GSE227903,40389_Dg,Mono_DC,malignant,258,14
GSE227903,40389_Dg,HSC_MPP,normal,95,19
GSE227903,40389_Dg,B_Plasma,normal,351,8
GSE227903,40389_Dg,Megakaryocyte,normal,7,0
GSE227903,40389_Dg,Erythroid,malignant,4,0
GSE227903,40389_Dg,Erythroid,normal,81,3
GSE227903,40389_Dg,B_Plasma,malignant,15,0
GSE227903,40389_Dg,Megakaryocyte,malignant,1,0
GSE227903,40389_Dg,T_NK,malignant,2,0
GSE227903,40389_Dg,HSC_MPP,malignant,2,1
GSE227903,40389_MRD,T_NK,normal,2310,184
GSE227903,40389_MRD,LMPP_GMP,normal,109,10
GSE227903,40389_MRD,Mono_DC,normal,963,28
GSE227903,40389_MRD,T_NK,malignant,83,13
GSE227903,40389_MRD,B_Plasma,normal,69,0
GSE227903,40389_MRD,Mono_DC,malignant,126,8
GSE227903,40389_MRD,HSC_MPP,normal,28,7
GSE227903,40389_MRD,Erythroid,normal,3,1
GSE227903,40389_MRD,B_Plasma,malignant,5,0
GSE227903,40389_MRD,LMPP_GMP,malignant,3,1
GSE227903,40389_MRD,Megakaryocyte,malignant,1,0
GSE227903,40389_R,T_NK,normal,3369,255
GSE227903,40389_R,LMPP_GMP,normal,365,41
GSE227903,40389_R,Mono_DC,malignant,363,14
GSE227903,40389_R,Mono_DC,normal,876,36
GSE227903,40389_R,HSC_MPP,normal,99,28
GSE227903,40389_R,Erythroid,normal,48,4
GSE227903,40389_R,LMPP_GMP,malignant,45,7
GSE227903,40389_R,B_Plasma,normal,31,0
GSE227903,40389_R,HSC_MPP,malignant,2,0
GSE227903,40389_R,T_NK,malignant,62,12
GSE227903,40389_R,B_Plasma,malignant,5,0
GSE227903,40389_R,Megakaryocyte,normal,7,0
GSE227903,40389_R,Erythroid,malignant,14,0
GSE227903,40389_R,Megakaryocyte,malignant,3,0
GSE227903,4978_Dg,LMPP_GMP,normal,1492,115
GSE227903,4978_Dg,LMPP_GMP,malignant,188,19
GSE227903,4978_Dg,Mono_DC,malignant,27,3
GSE227903,4978_Dg,T_NK,normal,261,15
GSE227903,4978_Dg,HSC_MPP,malignant,43,16
GSE227903,4978_Dg,HSC_MPP,normal,437,127
GSE227903,4978_Dg,Erythroid,normal,44,1
GSE227903,4978_Dg,B_Plasma,normal,12,0
GSE227903,4978_Dg,Erythroid,malignant,11,1
GSE227903,4978_Dg,Mono_DC,normal,111,15
GSE227903,4978_Dg,B_Plasma,malignant,1,1
GSE227903,4978_Dg,T_NK,malignant,2,1
GSE227903,4978_MRD,LMPP_GMP,normal,60,1
GSE227903,4978_MRD,T_NK,normal,348,26
GSE227903,4978_MRD,Mono_DC,normal,320,11
GSE227903,4978_MRD,Mono_DC,malignant,97,4
GSE227903,4978_MRD,Erythroid,normal,624,6
GSE227903,4978_MRD,Erythroid,malignant,176,3
GSE227903,4978_MRD,B_Plasma,normal,25,0
GSE227903,4978_MRD,T_NK,malignant,11,0
GSE227903,4978_MRD,LMPP_GMP,malignant,5,0
GSE227903,4978_MRD,B_Plasma,malignant,4,0
GSE227903,4978_MRD,HSC_MPP,normal,3,0
GSE227903,4978_R,LMPP_GMP,normal,601,122
GSE227903,4978_R,HSC_MPP,normal,1141,461
GSE227903,4978_R,T_NK,normal,6,1
GSE227903,4978_R,HSC_MPP,malignant,32,10
GSE227903,4978_R,Erythroid,normal,58,4
GSE227903,4978_R,Mono_DC,normal,8,3
GSE227903,4978_R,LMPP_GMP,malignant,4,1
GSE227903,4978_R,T_NK,malignant,2,0
GSE227903,4978_R,Mono_DC,malignant,1,0
GSE227903,4978_R,Megakaryocyte,normal,1,0
GSE227903,5143_Dg,Mono_DC,normal,349,13
GSE227903,5143_Dg,HSC_MPP,normal,36,4
GSE227903,5143_Dg,T_NK,normal,274,18
GSE227903,5143_Dg,LMPP_GMP,normal,277,24
GSE227903,5143_Dg,Mono_DC,malignant,100,0
GSE227903,5143_Dg,T_NK,malignant,42,1
GSE227903,5143_Dg,Erythroid,normal,1,0
GSE227903,5143_Dg,B_Plasma,normal,4,0
GSE227903,5143_Dg,LMPP_GMP,malignant,3,1
GSE227903,5143_R,Mono_DC,malignant,136,1
GSE227903,5143_R,LMPP_GMP,normal,810,33
GSE227903,5143_R,Mono_DC,normal,421,16
GSE227903,5143_R,T_NK,normal,444,33
GSE227903,5143_R,HSC_MPP,normal,137,6
GSE227903,5143_R,T_NK,malignant,43,1
GSE227903,5143_R,Erythroid,malignant,1,0
GSE227903,5143_R,LMPP_GMP,malignant,43,3
GSE227903,5143_R,Erythroid,normal,5,0
GSE227903,5143_R,HSC_MPP,malignant,10,2
GSE227903,5143_R,B_Plasma,normal,4,0
GSE227903,5143_R,B_Plasma,malignant,1,1
GSE227903,5143_R,Megakaryocyte,normal,1,0
GSE227903,5750_Dg,LMPP_GMP,normal,2830,126
GSE227903,5750_Dg,Mono_DC,normal,390,16
GSE227903,5750_Dg,T_NK,normal,37,4
GSE227903,5750_Dg,HSC_MPP,normal,361,58
GSE227903,5750_Dg,Erythroid,normal,388,13
GSE227903,5750_Dg,Erythroid,malignant,28,2
GSE227903,5750_Dg,Mono_DC,malignant,23,0
GSE227903,5750_Dg,T_NK,malignant,18,0
GSE227903,5750_Dg,B_Plasma,normal,9,0
GSE227903,5750_Dg,LMPP_GMP,malignant,41,4
GSE227903,5750_Dg,HSC_MPP,malignant,10,3
GSE227903,5750_Dg,B_Plasma,malignant,1,0
GSE227903,5750_MRD,T_NK,normal,157,15
GSE227903,5750_MRD,Mono_DC,normal,1124,34
GSE227903,5750_MRD,Mono_DC,malignant,546,14
GSE227903,5750_MRD,LMPP_GMP,normal,218,8
GSE227903,5750_MRD,HSC_MPP,normal,47,8
GSE227903,5750_MRD,Erythroid,normal,17,3
GSE227903,5750_MRD,B_Plasma,malignant,9,0
GSE227903,5750_MRD,LMPP_GMP,malignant,16,1
GSE227903,5750_MRD,B_Plasma,normal,13,0
GSE227903,5750_MRD,T_NK,malignant,6,2
GSE227903,5750_MRD,Megakaryocyte,malignant,1,0
GSE227903,5750_R,T_NK,normal,1154,97
GSE227903,5750_R,LMPP_GMP,normal,2395,49
GSE227903,5750_R,Erythroid,normal,205,4
GSE227903,5750_R,Mono_DC,normal,512,26
GSE227903,5750_R,B_Plasma,normal,376,3
GSE227903,5750_R,T_NK,malignant,30,1
GSE227903,5750_R,HSC_MPP,normal,244,27
GSE227903,5750_R,LMPP_GMP,malignant,54,2
GSE227903,5750_R,Mono_DC,malignant,65,1
GSE227903,5750_R,Erythroid,malignant,6,0
GSE227903,5750_R,B_Plasma,malignant,3,0
GSE227903,5750_R,Megakaryocyte,normal,5,0
GSE227903,5750_R,HSC_MPP,malignant,2,0
GSE227903,6323_Dg,Mono_DC,malignant,120,6
GSE227903,6323_Dg,LMPP_GMP,normal,106,10
GSE227903,6323_Dg,Mono_DC,normal,123,1
GSE227903,6323_Dg,LMPP_GMP,malignant,125,5
GSE227903,6323_Dg,T_NK,normal,32,2
GSE227903,6323_Dg,T_NK,malignant,21,2
GSE227903,6323_Dg,HSC_MPP,malignant,32,0
GSE227903,6323_Dg,HSC_MPP,normal,26,1
GSE227903,6323_Dg,B_Plasma,normal,2,0
GSE227903,6323_Dg,Erythroid,malignant,1,0
GSE227903,6323_MRD,T_NK,normal,782,74
GSE227903,6323_MRD,Mono_DC,normal,3741,87
GSE227903,6323_MRD,Mono_DC,malignant,5253,119
GSE227903,6323_MRD,LMPP_GMP,normal,215,30
GSE227903,6323_MRD,HSC_MPP,normal,23,2
GSE227903,6323_MRD,HSC_MPP,malignant,3,1
GSE227903,6323_MRD,B_Plasma,normal,117,2
GSE227903,6323_MRD,Erythroid,normal,20,0
GSE227903,6323_MRD,LMPP_GMP,malignant,30,8
GSE227903,6323_MRD,T_NK,malignant,16,4
GSE227903,6323_MRD,Erythroid,malignant,6,3
GSE227903,6323_MRD,B_Plasma,malignant,16,5
GSE227903,6323_MRD,Megakaryocyte,normal,1,0
GSE227903,6323_R,HSC_MPP,normal,100,13
GSE227903,6323_R,LMPP_GMP,normal,356,15
GSE227903,6323_R,T_NK,normal,100,8
GSE227903,6323_R,Mono_DC,normal,187,2
GSE227903,6323_R,LMPP_GMP,malignant,27,3
GSE227903,6323_R,Mono_DC,malignant,28,0
GSE227903,6323_R,Erythroid,normal,33,0
GSE227903,6323_R,T_NK,malignant,10,2
GSE227903,6323_R,HSC_MPP,malignant,4,1
GSE227903,6323_R,Megakaryocyte,normal,1,0
GSE227903,6323_R,B_Plasma,normal,4,0
GSE227903,6323_R,Erythroid,malignant,2,0
GSE227903,6323_R2,T_NK,normal,1367,84
GSE227903,6323_R2,LMPP_GMP,normal,948,79
GSE227903,6323_R2,HSC_MPP,normal,762,190
GSE227903,6323_R2,Mono_DC,normal,134,4
GSE227903,6323_R2,Erythroid,normal,297,11
GSE227903,6323_R2,B_Plasma,normal,20,0
GSE227903,6323_R2,Mono_DC,malignant,36,1
GSE227903,6323_R2,LMPP_GMP,malignant,44,3
GSE227903,6323_R2,T_NK,malignant,23,2
GSE227903,6323_R2,HSC_MPP,malignant,12,2
GSE227903,6323_R2,Erythroid,malignant,4,0
GSE227903,6323_R2,Megakaryocyte,normal,9,0
GSE239721,PT10A,HSC_MPP,no_consensus,662,121
GSE239721,PT10A,LMPP_GMP,no_consensus,466,48
GSE239721,PT10A,Erythroid,no_consensus,49,3
GSE239721,PT10A,T_NK,no_consensus,1,0
GSE239721,PT10A,Mono_DC,no_consensus,3,1
GSE239721,PT14A,LMPP_GMP,no_consensus,559,25
GSE239721,PT14A,Erythroid,no_consensus,34,2
GSE239721,PT14A,HSC_MPP,no_consensus,22,6
GSE239721,PT14A,Mono_DC,no_consensus,3,0
GSE239721,PT15A,HSC_MPP,no_consensus,2961,533
GSE239721,PT15A,Erythroid,no_consensus,447,13
GSE239721,PT15A,LMPP_GMP,no_consensus,543,108
GSE239721,PT15A,Megakaryocyte,no_consensus,1,0
GSE239721,PT16A,LMPP_GMP,no_consensus,209,41
GSE239721,PT16A,HSC_MPP,no_consensus,1094,244
GSE239721,PT16A,Erythroid,no_consensus,120,8
GSE239721,PT16A,B_Plasma,no_consensus,3,0
GSE239721,PT16A,T_NK,no_consensus,23,4
GSE239721,PT16A,Mono_DC,no_consensus,2,0
GSE239721,PT16A,Megakaryocyte,no_consensus,2,0
GSE239721,PT17A,LMPP_GMP,normal,1758,119
GSE239721,PT17A,Erythroid,normal,45,10
GSE239721,PT17A,HSC_MPP,normal,525,146
GSE239721,PT17A,HSC_MPP,malignant,14,3
GSE239721,PT17A,Mono_DC,normal,48,8
GSE239721,PT17A,T_NK,normal,2,0
GSE239721,PT17A,Mono_DC,malignant,3,1
GSE239721,PT17A,LMPP_GMP,malignant,7,0
GSE239721,PT17A,B_Plasma,normal,1,0
GSE239721,PT17A,Erythroid,malignant,1,0
GSE239721,PT20A,LMPP_GMP,normal,898,104
GSE239721,PT20A,Erythroid,normal,23,0
GSE239721,PT20A,HSC_MPP,normal,48,23
GSE239721,PT20A,Mono_DC,normal,11,0
GSE239721,PT20A,LMPP_GMP,malignant,10,2
GSE239721,PT20A,T_NK,normal,1,0
GSE239721,PT20A,B_Plasma,normal,1,0
GSE239721,PT21A,T_NK,normal,117,21
GSE239721,PT21A,HSC_MPP,normal,647,147
GSE239721,PT21A,Mono_DC,normal,493,14
GSE239721,PT21A,LMPP_GMP,normal,2015,130
GSE239721,PT21A,Erythroid,normal,55,3
GSE239721,PT21A,B_Plasma,normal,2,0
GSE239721,PT21A,T_NK,malignant,5,0
GSE239721,PT21A,Erythroid,malignant,1,0
GSE239721,PT21A,LMPP_GMP,malignant,2,2
GSE239721,PT22A,HSC_MPP,normal,702,157
GSE239721,PT22A,LMPP_GMP,normal,700,66
GSE239721,PT22A,T_NK,normal,51,10
GSE239721,PT22A,Erythroid,normal,127,10
GSE239721,PT22A,Erythroid,malignant,1,0
GSE239721,PT22A,Mono_DC,normal,26,0
GSE239721,PT22A,LMPP_GMP,malignant,5,0
GSE239721,PT22A,Mono_DC,malignant,2,0
GSE239721,PT22A,B_Plasma,normal,5,0
GSE239721,PT22A,B_Plasma,malignant,3,0
GSE239721,PT22A,HSC_MPP,malignant,2,0
GSE239721,PT23A,LMPP_GMP,normal,3563,430
GSE239721,PT23A,HSC_MPP,normal,331,158
GSE239721,PT23A,Erythroid,normal,143,25
GSE239721,PT23A,Mono_DC,normal,303,55
GSE239721,PT23A,B_Plasma,normal,6,1
GSE239721,PT23A,T_NK,normal,8,2
GSE239721,PT23A,LMPP_GMP,malignant,14,0
GSE239721,PT23A,T_NK,malignant,3,0
GSE239721,PT23A,Mono_DC,malignant,1,0
GSE239721,PT23A,HSC_MPP,malignant,3,0
GSE239721,PT23A,Erythroid,malignant,1,0
GSE239721,PT26A,HSC_MPP,normal,817,88
GSE239721,PT26A,Mono_DC,normal,39,2
GSE239721,PT26A,LMPP_GMP,normal,253,26
GSE239721,PT26A,Erythroid,normal,26,1
GSE239721,PT26A,Megakaryocyte,normal,7,0
GSE239721,PT26A,T_NK,normal,9,2
GSE239721,PT26A,HSC_MPP,malignant,2,0
GSE239721,PT26A,B_Plasma,normal,3,0
GSE239721,PT27A,HSC_MPP,normal,2344,473
GSE239721,PT27A,LMPP_GMP,normal,1283,114
GSE239721,PT27A,LMPP_GMP,malignant,267,25
GSE239721,PT27A,HSC_MPP,malignant,837,109
GSE239721,PT27A,Erythroid,normal,227,10
GSE239721,PT27A,Erythroid,malignant,75,4
GSE239721,PT27A,Mono_DC,normal,5,3
GSE239721,PT27A,Mono_DC,malignant,3,0
GSE239721,PT27A,Megakaryocyte,malignant,2,0
GSE239721,PT27A,B_Plasma,normal,1,0
GSE239721,PT28A,LMPP_GMP,normal,5088,382
GSE239721,PT28A,HSC_MPP,normal,2150,661
GSE239721,PT28A,HSC_MPP,malignant,13,3
GSE239721,PT28A,Erythroid,normal,237,6
GSE239721,PT28A,Mono_DC,normal,65,5
GSE239721,PT28A,LMPP_GMP,malignant,37,3
GSE239721,PT28A,Mono_DC,malignant,7,0
GSE239721,PT28A,T_NK,normal,6,1
GSE239721,PT28A,Megakaryocyte,normal,1,0
GSE239721,PT28A,Erythroid,malignant,2,0
GSE239721,PT28A,B_Plasma,normal,1,0
GSE239721,PT29A,HSC_MPP,malignant,275,79
GSE239721,PT29A,HSC_MPP,normal,1430,408
GSE239721,PT29A,Mono_DC,normal,5,0
GSE239721,PT29A,T_NK,malignant,14,3
GSE239721,PT29A,LMPP_GMP,normal,358,76
GSE239721,PT29A,T_NK,normal,14,0
GSE239721,PT29A,LMPP_GMP,malignant,26,5
GSE239721,PT29A,Erythroid,normal,1,0
GSE239721,PT29A,Mono_DC,malignant,1,0
GSE239721,PT29A,B_Plasma,normal,3,0
GSE239721,PT30A,LMPP_GMP,normal,285,29
GSE239721,PT30A,Mono_DC,normal,250,18
GSE239721,PT30A,LMPP_GMP,malignant,5,1
GSE239721,PT30A,HSC_MPP,normal,27,12
GSE239721,PT30A,Mono_DC,malignant,9,0
GSE239721,PT30A,Megakaryocyte,normal,5,0
GSE239721,PT30A,Erythroid,normal,3,1
GSE239721,PT30A,T_NK,normal,1,0
GSE239721,PT30A,Megakaryocyte,malignant,1,0
GSE239721,PT30A,HSC_MPP,malignant,1,1
GSE239721,PT32A,Mono_DC,normal,1260,16
GSE239721,PT32A,LMPP_GMP,normal,171,20
GSE239721,PT32A,Mono_DC,malignant,233,2
GSE239721,PT32A,LMPP_GMP,malignant,3,0
GSE239721,PT32A,HSC_MPP,normal,2,1
GSE239721,PT32A,Megakaryocyte,malignant,1,0
GSE239721,PT32A,Erythroid,normal,4,0
GSE253355,GSM8019212_H14_MACS,B_Plasma,no_consensus,1606,1
GSE253355,GSM8019212_H14_MACS,HSC_MPP,no_consensus,62,44
GSE253355,GSM8019212_H14_MACS,Erythroid,no_consensus,162,79
GSE253355,GSM8019212_H14_MACS,Mono_DC,no_consensus,156,28
GSE253355,GSM8019212_H14_MACS,T_NK,no_consensus,50,5
GSE253355,GSM8019212_H14_MACS,LMPP_GMP,no_consensus,34,12
GSE253355,GSM8019212_H14_MACS,Megakaryocyte,no_consensus,9,0
GSE253355,GSM8019213_H21,B_Plasma,no_consensus,822,5
GSE253355,GSM8019213_H21,Mono_DC,no_consensus,602,22
GSE253355,GSM8019213_H21,LMPP_GMP,no_consensus,279,23
GSE253355,GSM8019213_H21,HSC_MPP,no_consensus,152,15
GSE253355,GSM8019213_H21,T_NK,no_consensus,246,31
GSE253355,GSM8019213_H21,Megakaryocyte,no_consensus,10,0
GSE253355,GSM8019213_H21,Erythroid,no_consensus,57,9
GSE253355,GSM8019214_H23,B_Plasma,no_consensus,621,0
GSE253355,GSM8019214_H23,Mono_DC,no_consensus,386,3
GSE253355,GSM8019214_H23,T_NK,no_consensus,265,34
GSE253355,GSM8019214_H23,LMPP_GMP,no_consensus,60,8
GSE253355,GSM8019214_H23,HSC_MPP,no_consensus,35,10
GSE253355,GSM8019214_H23,Erythroid,no_consensus,16,2
GSE253355,GSM8019214_H23,Megakaryocyte,no_consensus,2,0
GSE253355,GSM8019215_H24,B_Plasma,no_consensus,1227,2
GSE253355,GSM8019215_H24,Mono_DC,no_consensus,936,25
GSE253355,GSM8019215_H24,Megakaryocyte,no_consensus,17,0
GSE253355,GSM8019215_H24,T_NK,no_consensus,404,46
GSE253355,GSM8019215_H24,HSC_MPP,no_consensus,13,3
GSE253355,GSM8019215_H24,LMPP_GMP,no_consensus,92,9
GSE253355,GSM8019215_H24,Erythroid,no_consensus,34,8
GSE253355,GSM8019216_H32,B_Plasma,no_consensus,526,1
GSE253355,GSM8019216_H32,T_NK,no_consensus,594,35
GSE253355,GSM8019216_H32,Mono_DC,no_consensus,590,29
GSE253355,GSM8019216_H32,Erythroid,no_consensus,172,11
GSE253355,GSM8019216_H32,LMPP_GMP,no_consensus,398,35
GSE253355,GSM8019216_H32,HSC_MPP,no_consensus,224,29
GSE253355,GSM8019216_H32,Megakaryocyte,no_consensus,38,0
GSE253355,GSM8019217_H33,Mono_DC,no_consensus,1664,48
GSE253355,GSM8019217_H33,LMPP_GMP,no_consensus,817,111
GSE253355,GSM8019217_H33,Erythroid,no_consensus,335,41
GSE253355,GSM8019217_H33,B_Plasma,no_consensus,1108,8
GSE253355,GSM8019217_H33,HSC_MPP,no_consensus,824,83
GSE253355,GSM8019217_H33,T_NK,no_consensus,284,37
GSE253355,GSM8019217_H33,Megakaryocyte,no_consensus,59,0
GSE253355,GSM8019218_H34,Mono_DC,no_consensus,1244,29
GSE253355,GSM8019218_H34,B_Plasma,no_consensus,629,2
GSE253355,GSM8019218_H34,LMPP_GMP,no_consensus,132,22
GSE253355,GSM8019218_H34,T_NK,no_consensus,268,37
GSE253355,GSM8019218_H34,Erythroid,no_consensus,29,4
GSE253355,GSM8019218_H34,Megakaryocyte,no_consensus,2,0
GSE253355,GSM8019218_H34,HSC_MPP,no_consensus,18,4
GSE253355,GSM8019219_H35,B_Plasma,no_consensus,1672,9
GSE253355,GSM8019219_H35,Mono_DC,no_consensus,1736,19
GSE253355,GSM8019219_H35,HSC_MPP,no_consensus,150,17
GSE253355,GSM8019219_H35,LMPP_GMP,no_consensus,263,27
GSE253355,GSM8019219_H35,T_NK,no_consensus,309,29
GSE253355,GSM8019219_H35,Erythroid,no_consensus,131,16
GSE253355,GSM8019219_H35,Megakaryocyte,no_consensus,17,1
GSE253355,GSM8019220_H36,B_Plasma,no_consensus,2431,11
GSE253355,GSM8019220_H36,Erythroid,no_consensus,186,43
GSE253355,GSM8019220_H36,Mono_DC,no_consensus,670,18
GSE253355,GSM8019220_H36,T_NK,no_consensus,347,35
GSE253355,GSM8019220_H36,LMPP_GMP,no_consensus,333,37
GSE253355,GSM8019220_H36,HSC_MPP,no_consensus,479,69
GSE253355,GSM8019220_H36,Megakaryocyte,no_consensus,26,1
GSE253355,GSM8019221_H38,LMPP_GMP,no_consensus,395,34
GSE253355,GSM8019221_H38,Erythroid,no_consensus,140,12
GSE253355,GSM8019221_H38,B_Plasma,no_consensus,2590,19
GSE253355,GSM8019221_H38,HSC_MPP,no_consensus,305,29
GSE253355,GSM8019221_H38,T_NK,no_consensus,394,38
GSE253355,GSM8019221_H38,Mono_DC,no_consensus,841,19
GSE253355,GSM8019221_H38,Megakaryocyte,no_consensus,44,0
GSE253355,GSM8019222_H39,B_Plasma,no_consensus,3063,5
GSE253355,GSM8019222_H39,Erythroid,no_consensus,163,8
GSE253355,GSM8019222_H39,HSC_MPP,no_consensus,521,58
GSE253355,GSM8019222_H39,LMPP_GMP,no_consensus,426,42
GSE253355,GSM8019222_H39,T_NK,no_consensus,420,29
GSE253355,GSM8019222_H39,Mono_DC,no_consensus,837,26
GSE253355,GSM8019222_H39,Megakaryocyte,no_consensus,25,0
GSE253355,GSM8019223_H41,T_NK,no_consensus,349,38
GSE253355,GSM8019223_H41,Mono_DC,no_consensus,444,10
GSE253355,GSM8019223_H41,B_Plasma,no_consensus,1922,8
GSE253355,GSM8019223_H41,HSC_MPP,no_consensus,407,46
GSE253355,GSM8019223_H41,Megakaryocyte,no_consensus,23,1
GSE253355,GSM8019223_H41,LMPP_GMP,no_consensus,270,30
GSE253355,GSM8019223_H41,Erythroid,no_consensus,141,14
GSE289435,GSM8791432_MLL_14666,LMPP_GMP,normal,2031,199
GSE289435,GSM8791432_MLL_14666,Mono_DC,normal,4181,214
GSE289435,GSM8791432_MLL_14666,T_NK,normal,715,112
GSE289435,GSM8791432_MLL_14666,HSC_MPP,normal,395,100
GSE289435,GSM8791432_MLL_14666,B_Plasma,malignant,92,1
GSE289435,GSM8791432_MLL_14666,Mono_DC,malignant,1014,22
GSE289435,GSM8791432_MLL_14666,B_Plasma,normal,395,20
GSE289435,GSM8791432_MLL_14666,LMPP_GMP,malignant,95,21
GSE289435,GSM8791432_MLL_14666,HSC_MPP,malignant,56,11
GSE289435,GSM8791432_MLL_14666,T_NK,malignant,30,7
GSE289435,GSM8791432_MLL_14666,Erythroid,malignant,3,0
GSE289435,GSM8791432_MLL_14666,Megakaryocyte,normal,1,0
GSE289435,GSM8791432_MLL_14666,Erythroid,normal,6,0
GSE289435,GSM8791433_MLL_16703,LMPP_GMP,normal,3847,281
GSE289435,GSM8791433_MLL_16703,Erythroid,malignant,196,6
GSE289435,GSM8791433_MLL_16703,B_Plasma,normal,301,0
GSE289435,GSM8791433_MLL_16703,T_NK,normal,601,35
GSE289435,GSM8791433_MLL_16703,HSC_MPP,normal,626,159
GSE289435,GSM8791433_MLL_16703,Erythroid,normal,1087,23
GSE289435,GSM8791433_MLL_16703,LMPP_GMP,malignant,286,24
GSE289435,GSM8791433_MLL_16703,Megakaryocyte,normal,24,0
GSE289435,GSM8791433_MLL_16703,HSC_MPP,malignant,38,14
GSE289435,GSM8791433_MLL_16703,T_NK,malignant,16,0
GSE289435,GSM8791433_MLL_16703,Megakaryocyte,malignant,10,0
GSE289435,GSM8791433_MLL_16703,B_Plasma,malignant,1,0
GSE289435,GSM8791434_MLL_17746,T_NK,normal,103,11
GSE289435,GSM8791434_MLL_17746,Mono_DC,normal,418,37
GSE289435,GSM8791434_MLL_17746,LMPP_GMP,normal,4137,501
GSE289435,GSM8791434_MLL_17746,HSC_MPP,normal,133,57
GSE289435,GSM8791434_MLL_17746,LMPP_GMP,malignant,181,24
GSE289435,GSM8791434_MLL_17746,Erythroid,normal,95,23
GSE289435,GSM8791434_MLL_17746,Erythroid,malignant,43,3
GSE289435,GSM8791434_MLL_17746,Mono_DC,malignant,12,1
GSE289435,GSM8791434_MLL_17746,HSC_MPP,malignant,49,17
GSE289435,GSM8791434_MLL_17746,B_Plasma,normal,6,0
GSE289435,GSM8791434_MLL_17746,T_NK,malignant,1,0
GSE289435,GSM8791435_MLL_17843,Erythroid,normal,2685,173
GSE289435,GSM8791435_MLL_17843,LMPP_GMP,normal,4011,448
GSE289435,GSM8791435_MLL_17843,HSC_MPP,normal,4619,1524
GSE289435,GSM8791435_MLL_17843,T_NK,normal,478,41
GSE289435,GSM8791435_MLL_17843,HSC_MPP,malignant,189,72
GSE289435,GSM8791435_MLL_17843,LMPP_GMP,malignant,129,21
GSE289435,GSM8791435_MLL_17843,Erythroid,malignant,463,26
GSE289435,GSM8791435_MLL_17843,B_Plasma,normal,67,0
GSE289435,GSM8791435_MLL_17843,B_Plasma,malignant,1,1
GSE289435,GSM8791435_MLL_17843,T_NK,malignant,2,0
GSE289435,GSM8791435_MLL_17843,Mono_DC,normal,3,3
GSE289435,GSM8791435_MLL_17843,Mono_DC,malignant,1,0
GSE289435,GSM8791436_MLL_17844,Mono_DC,normal,7789,489
GSE289435,GSM8791436_MLL_17844,Mono_DC,malignant,3466,220
GSE289435,GSM8791436_MLL_17844,LMPP_GMP,normal,847,82
GSE289435,GSM8791436_MLL_17844,B_Plasma,malignant,3,0
GSE289435,GSM8791436_MLL_17844,LMPP_GMP,malignant,595,59
GSE289435,GSM8791436_MLL_17844,Erythroid,malignant,16,3
GSE289435,GSM8791436_MLL_17844,Erythroid,normal,41,3
GSE289435,GSM8791436_MLL_17844,B_Plasma,normal,4,1
GSE289435,GSM8791436_MLL_17844,HSC_MPP,normal,3,1
GSE289435,GSM8791436_MLL_17844,T_NK,normal,4,0
GSE289435,GSM8791436_MLL_17844,HSC_MPP,malignant,1,0
GSE289435,GSM8791436_MLL_17844,Megakaryocyte,normal,1,0
GSE289435,GSM8791437_MLL_28824,LMPP_GMP,normal,2774,209
GSE289435,GSM8791437_MLL_28824,T_NK,normal,897,90
GSE289435,GSM8791437_MLL_28824,B_Plasma,normal,208,0
GSE289435,GSM8791437_MLL_28824,HSC_MPP,normal,92,15
GSE289435,GSM8791437_MLL_28824,Erythroid,normal,216,4
GSE289435,GSM8791437_MLL_28824,HSC_MPP,malignant,3,0
GSE289435,GSM8791437_MLL_28824,Mono_DC,normal,16,2
GSE289435,GSM8791437_MLL_28824,Megakaryocyte,normal,41,0
GSE289435,GSM8791437_MLL_28824,LMPP_GMP,malignant,45,2
GSE289435,GSM8791437_MLL_28824,Erythroid,malignant,6,0
GSE289435,GSM8791437_MLL_28824,Megakaryocyte,malignant,5,0
GSE289435,GSM8791437_MLL_28824,T_NK,malignant,2,0
GSE289435,GSM8791437_MLL_28824,Mono_DC,malignant,1,0
GSE289435,GSM8791438_MLL_28830,Mono_DC,normal,3235,97
GSE289435,GSM8791438_MLL_28830,HSC_MPP,normal,337,96
GSE289435,GSM8791438_MLL_28830,T_NK,normal,272,27
GSE289435,GSM8791438_MLL_28830,Mono_DC,malignant,174,5
GSE289435,GSM8791438_MLL_28830,LMPP_GMP,normal,673,62
GSE289435,GSM8791438_MLL_28830,LMPP_GMP,malignant,29,5
GSE289435,GSM8791438_MLL_28830,Erythroid,normal,126,24
GSE289435,GSM8791438_MLL_28830,HSC_MPP,malignant,18,5
GSE289435,GSM8791438_MLL_28830,B_Plasma,normal,118,0
GSE289435,GSM8791438_MLL_28830,Erythroid,malignant,9,4
GSE289435,GSM8791438_MLL_28830,Megakaryocyte,normal,1,0
GSE289435,GSM8791438_MLL_28830,T_NK,malignant,1,1
GSE289435,GSM8791438_MLL_28830,B_Plasma,malignant,2,1
GSE289435,GSM8791439_MLL_28855,Erythroid,malignant,521,8
GSE289435,GSM8791439_MLL_28855,Erythroid,normal,1832,34
GSE289435,GSM8791439_MLL_28855,Mono_DC,normal,1625,29
GSE289435,GSM8791439_MLL_28855,T_NK,normal,154,17
GSE289435,GSM8791439_MLL_28855,B_Plasma,normal,131,0
GSE289435,GSM8791439_MLL_28855,LMPP_GMP,normal,90,8
GSE289435,GSM8791439_MLL_28855,HSC_MPP,normal,156,21
GSE289435,GSM8791439_MLL_28855,B_Plasma,malignant,2,0
GSE289435,GSM8791439_MLL_28855,Mono_DC,malignant,38,0
GSE289435,GSM8791439_MLL_28855,Megakaryocyte,normal,22,0
GSE289435,GSM8791441_MLL_29532,B_Plasma,normal,4009,0
GSE289435,GSM8791441_MLL_29532,LMPP_GMP,normal,71,8
GSE289435,GSM8791441_MLL_29532,T_NK,normal,501,41
GSE289435,GSM8791441_MLL_29532,HSC_MPP,normal,121,29
GSE289435,GSM8791441_MLL_29532,Mono_DC,normal,4,0
GSE289435,GSM8791441_MLL_29532,Erythroid,normal,16,0
GSE289435,GSM8791441_MLL_29532,Megakaryocyte,normal,1,0
GSE289435,GSM8791442_MLL_29538,Mono_DC,normal,2840,86
GSE289435,GSM8791442_MLL_29538,Mono_DC,malignant,691,44
GSE289435,GSM8791442_MLL_29538,B_Plasma,normal,336,0
GSE289435,GSM8791442_MLL_29538,LMPP_GMP,malignant,80,22
GSE289435,GSM8791442_MLL_29538,LMPP_GMP,normal,246,19
GSE289435,GSM8791442_MLL_29538,T_NK,normal,74,10
GSE289435,GSM8791442_MLL_29538,Erythroid,normal,33,1
GSE289435,GSM8791442_MLL_29538,Megakaryocyte,normal,14,0
GSE289435,GSM8791442_MLL_29538,HSC_MPP,normal,25,1
GSE289435,GSM8791442_MLL_29538,Erythroid,malignant,6,0
GSE289435,GSM8791442_MLL_29538,B_Plasma,malignant,9,1
GSE289435,GSM8791442_MLL_29538,T_NK,malignant,9,1
GSE289435,GSM8791442_MLL_29538,HSC_MPP,malignant,4,3
GSE289435,GSM8791443_MLL_30862,Mono_DC,normal,1542,29
GSE289435,GSM8791443_MLL_30862,Mono_DC,malignant,1403,27
GSE289435,GSM8791443_MLL_30862,LMPP_GMP,normal,41,9
GSE289435,GSM8791443_MLL_30862,Megakaryocyte,malignant,1,0
GSE289435,GSM8791443_MLL_30862,B_Plasma,normal,9,0
GSE289435,GSM8791443_MLL_30862,Erythroid,normal,4,1
GSE289435,GSM8791443_MLL_30862,B_Plasma,malignant,5,0
GSE289435,GSM8791443_MLL_30862,HSC_MPP,normal,10,2
GSE289435,GSM8791443_MLL_30862,T_NK,normal,2,0
GSE289435,GSM8791443_MLL_30862,Erythroid,malignant,4,1
GSE289435,GSM8791443_MLL_30862,HSC_MPP,malignant,3,0
GSE289435,GSM8791443_MLL_30862,LMPP_GMP,malignant,4,0
GSE289435,GSM8791444_MLL_30886,T_NK,normal,897,160
GSE289435,GSM8791444_MLL_30886,Erythroid,normal,6559,735
GSE289435,GSM8791444_MLL_30886,LMPP_GMP,normal,1066,98
GSE289435,GSM8791444_MLL_30886,Mono_DC,normal,1440,42
GSE289435,GSM8791444_MLL_30886,HSC_MPP,normal,850,193
GSE289435,GSM8791444_MLL_30886,B_Plasma,normal,267,15
GSE289435,GSM8791444_MLL_30886,Megakaryocyte,malignant,60,0
GSE289435,GSM8791444_MLL_30886,Erythroid,malignant,231,21
GSE289435,GSM8791444_MLL_30886,Megakaryocyte,normal,328,8
GSE289435,GSM8791444_MLL_30886,Mono_DC,malignant,94,5
GSE289435,GSM8791444_MLL_30886,HSC_MPP,malignant,34,11
GSE289435,GSM8791444_MLL_30886,LMPP_GMP,malignant,24,2
GSE289435,GSM8791444_MLL_30886,T_NK,malignant,17,7
GSE289435,GSM8791444_MLL_30886,B_Plasma,malignant,5,0
Petti2019,508084,Mono_DC,normal,3633,212
Petti2019,508084,LMPP_GMP,normal,3526,321
Petti2019,508084,T_NK,normal,440,55
Petti2019,508084,Mono_DC,malignant,613,8
Petti2019,508084,HSC_MPP,normal,871,217
Petti2019,508084,LMPP_GMP,malignant,72,8
Petti2019,508084,B_Plasma,normal,33,0
Petti2019,508084,HSC_MPP,malignant,21,5
Petti2019,508084,Erythroid,normal,15,3
Petti2019,508084,T_NK,malignant,11,1
Petti2019,548327,T_NK,normal,1080,46
Petti2019,548327,LMPP_GMP,normal,5547,496
Petti2019,548327,LMPP_GMP,malignant,673,51
Petti2019,548327,HSC_MPP,malignant,43,2
Petti2019,548327,HSC_MPP,normal,210,16
Petti2019,548327,B_Plasma,normal,260,0
Petti2019,548327,B_Plasma,malignant,92,0
Petti2019,548327,Mono_DC,normal,289,9
Petti2019,548327,Erythroid,normal,96,10
Petti2019,548327,T_NK,malignant,13,0
Petti2019,548327,Mono_DC,malignant,66,2
Petti2019,548327,Erythroid,malignant,9,2
Petti2019,721214,HSC_MPP,normal,6382,1485
Petti2019,721214,LMPP_GMP,normal,3941,437
Petti2019,721214,Erythroid,normal,1818,61
Petti2019,721214,T_NK,normal,97,9
Petti2019,721214,Mono_DC,normal,26,1
Petti2019,721214,Erythroid,malignant,55,2
Petti2019,721214,HSC_MPP,malignant,77,15
Petti2019,721214,LMPP_GMP,malignant,39,8
Petti2019,721214,B_Plasma,normal,29,0
Petti2019,721214,Megakaryocyte,normal,48,2
Petti2019,721214,Mono_DC,malignant,2,0
Petti2019,721214,T_NK,malignant,5,0
Petti2019,721214,Megakaryocyte,malignant,3,0
Petti2019,782328,Mono_DC,malignant,4721,19
Petti2019,782328,LMPP_GMP,normal,1211,93
Petti2019,782328,Mono_DC,normal,7525,169
Petti2019,782328,HSC_MPP,normal,575,88
Petti2019,782328,T_NK,normal,408,44
Petti2019,782328,T_NK,malignant,13,1
Petti2019,782328,LMPP_GMP,malignant,64,2
Petti2019,782328,B_Plasma,normal,48,1
Petti2019,782328,HSC_MPP,malignant,10,1
Petti2019,782328,Erythroid,normal,23,2
Petti2019,782328,Megakaryocyte,normal,2,0
Petti2019,809653,Mono_DC,normal,224,11
Petti2019,809653,T_NK,normal,9155,553
Petti2019,809653,HSC_MPP,normal,728,143
Petti2019,809653,HSC_MPP,malignant,367,68
Petti2019,809653,Mono_DC,malignant,1228,14
Petti2019,809653,LMPP_GMP,normal,1037,62
Petti2019,809653,B_Plasma,normal,758,0
Petti2019,809653,Megakaryocyte,malignant,11,0
Petti2019,809653,Erythroid,malignant,45,1
Petti2019,809653,LMPP_GMP,malignant,312,34
Petti2019,809653,Erythroid,normal,66,3
Petti2019,809653,B_Plasma,malignant,37,0
Petti2019,809653,Megakaryocyte,normal,4,0
Petti2019,809653,T_NK,malignant,112,6
Petti2019,ND_083017,T_NK,normal,2805,186
Petti2019,ND_083017,Mono_DC,normal,416,7
Petti2019,ND_083017,Mono_DC,malignant,346,0
Petti2019,ND_083017,LMPP_GMP,normal,80,2
Petti2019,ND_083017,T_NK,malignant,165,6
Petti2019,ND_083017,B_Plasma,normal,426,1
Petti2019,ND_083017,Erythroid,normal,47,0
Petti2019,ND_083017,HSC_MPP,normal,51,6
Petti2019,ND_083017,B_Plasma,malignant,19,1
Petti2019,ND_083017,Megakaryocyte,normal,2,0
Petti2019,ND_083017,LMPP_GMP,malignant,13,1
Petti2019,ND_083017,Erythroid,malignant,1,0
Petti2019,ND_083017,Megakaryocyte,malignant,4,0
Petti2019,ND_090617,Mono_DC,normal,648,3
Petti2019,ND_090617,T_NK,normal,2864,186
Petti2019,ND_090617,B_Plasma,normal,878,2
Petti2019,ND_090617,LMPP_GMP,normal,46,1
Petti2019,ND_090617,Mono_DC,malignant,476,0
Petti2019,ND_090617,T_NK,malignant,226,3
Petti2019,ND_090617,B_Plasma,malignant,72,2
Petti2019,ND_090617,HSC_MPP,normal,9,1
Petti2019,ND_090617,LMPP_GMP,malignant,3,0
Petti2019,ND_090617,Erythroid,normal,13,0
Petti2019,ND_090617,Erythroid,malignant,1,0
Petti2019,Normal_sorted_170531,T_NK,malignant,77,1
Petti2019,Normal_sorted_170531,B_Plasma,malignant,82,3
Petti2019,Normal_sorted_170531,T_NK,normal,1238,74
Petti2019,Normal_sorted_170531,HSC_MPP,malignant,2,0
Petti2019,Normal_sorted_170531,Mono_DC,normal,311,2
Petti2019,Normal_sorted_170531,LMPP_GMP,normal,95,3
Petti2019,Normal_sorted_170531,HSC_MPP,normal,74,10
Petti2019,Normal_sorted_170531,B_Plasma,normal,215,0
Petti2019,Normal_sorted_170531,Mono_DC,malignant,293,0
Petti2019,Normal_sorted_170531,Erythroid,normal,18,0
Petti2019,Normal_sorted_170531,LMPP_GMP,malignant,37,0
Petti2019,Normal_sorted_170531,Megakaryocyte,normal,1,0
Petti2019,Normal_sorted_170607,Mono_DC,malignant,483,1
Petti2019,Normal_sorted_170607,T_NK,normal,893,36
Petti2019,Normal_sorted_170607,Mono_DC,normal,136,1
Petti2019,Normal_sorted_170607,B_Plasma,normal,110,0
Petti2019,Normal_sorted_170607,B_Plasma,malignant,10,0
Petti2019,Normal_sorted_170607,HSC_MPP,normal,41,5
Petti2019,Normal_sorted_170607,T_NK,malignant,73,2
Petti2019,Normal_sorted_170607,LMPP_GMP,normal,42,3
Petti2019,Normal_sorted_170607,LMPP_GMP,malignant,36,2
Petti2019,Normal_sorted_170607,Erythroid,normal,2,0
