gene,stratum,level,n_cells,n_nonzero,mean_lognorm,sum_counts,pct_nonzero,dataset,sample
COL1A1,all,sample,1499,3,0.0020036607900898,3,0.2001,GSE239721,PT16A
COL1A2,all,sample,1499,0,0,0,0,GSE239721,PT16A
COL3A1,all,sample,1499,0,0,0,0,GSE239721,PT16A
COL4A1,all,sample,1499,0,0,0,0,GSE239721,PT16A
COL5A1,all,sample,1499,169,0.0979756722706491,188,11.2742,GSE239721,PT16A
COL5A2,all,sample,1499,5,0.00314936564278612,5,0.3336,GSE239721,PT16A
COL6A1,all,sample,1499,148,0.0912153364150673,172,9.8732,GSE239721,PT16A
COL6A2,all,sample,1499,520,0.347832918535736,725,34.6898,GSE239721,PT16A
COL6A3,all,sample,1499,2,0.000934352341943371,2,0.1334,GSE239721,PT16A
FN1,all,sample,1499,16,0.00828042070346262,17,1.0674,GSE239721,PT16A
LUM,all,sample,1499,0,0,0,0,GSE239721,PT16A
DCN,all,sample,1499,0,0,0,0,GSE239721,PT16A
POSTN,all,sample,1499,0,0,0,0,GSE239721,PT16A
SPARC,all,sample,1499,319,0.181821979006735,408,21.2809,GSE239721,PT16A
BGN,all,sample,1499,0,0,0,0,GSE239721,PT16A
VCAN,all,sample,1499,1,0.000637826956084634,1,0.0667,GSE239721,PT16A
ELN,all,sample,1499,196,0.122065253074235,246,13.0754,GSE239721,PT16A
FBN1,all,sample,1499,90,0.0517247836719746,100,6.004,GSE239721,PT16A
MGP,all,sample,1499,1,0.00058147875094183,1,0.0667,GSE239721,PT16A
OGN,all,sample,1499,29,0.0160834778059545,30,1.9346,GSE239721,PT16A
ASPN,all,sample,1499,3,0.00130223450151594,3,0.2001,GSE239721,PT16A
TNC,all,sample,1499,3,0.00126713515372619,3,0.2001,GSE239721,PT16A
LTBP1,all,sample,1499,34,0.018067511032136,67,2.2682,GSE239721,PT16A
LTBP2,all,sample,1499,2,0.00119887904954157,2,0.1334,GSE239721,PT16A
LOX,all,sample,1499,2,0.00107312288560307,2,0.1334,GSE239721,PT16A
LOXL1,all,sample,1499,10,0.00582735418881003,10,0.6671,GSE239721,PT16A
LOXL2,all,sample,1499,38,0.020116943008696,39,2.535,GSE239721,PT16A
PLOD1,all,sample,1499,178,0.0930176169344799,201,11.8746,GSE239721,PT16A
PLOD2,all,sample,1499,4,0.00214706415310308,4,0.2668,GSE239721,PT16A
SERPINH1,all,sample,1499,394,0.231972681196247,494,26.2842,GSE239721,PT16A
SERPINE1,all,sample,1499,135,0.104089749426797,322,9.006,GSE239721,PT16A
TIMP1,all,sample,1499,996,0.785687539543035,2066,66.4443,GSE239721,PT16A
TIMP2,all,sample,1499,156,0.0876809330944096,173,10.4069,GSE239721,PT16A
TIMP3,all,sample,1499,618,0.477861261578799,1193,41.2275,GSE239721,PT16A
MMP2,all,sample,1499,2,0.00102126098793541,2,0.1334,GSE239721,PT16A
MMP9,all,sample,1499,12,0.00828276763079155,30,0.8005,GSE239721,PT16A
MMP14,all,sample,1499,6,0.00249021497308917,6,0.4003,GSE239721,PT16A
CTSK,all,sample,1499,16,0.00913987635865618,16,1.0674,GSE239721,PT16A
ADAMTS1,all,sample,1499,1,0.000802282301094862,1,0.0667,GSE239721,PT16A
TGFB1,all,sample,1499,954,0.703662873664707,1763,63.6424,GSE239721,PT16A
TGFB2,all,sample,1499,3,0.00115537839627637,3,0.2001,GSE239721,PT16A
TGFB3,all,sample,1499,15,0.00955627258016579,16,1.0007,GSE239721,PT16A
TGFBR1,all,sample,1499,234,0.143200832640809,275,15.6104,GSE239721,PT16A
TGFBR2,all,sample,1499,321,0.196130035853902,386,21.4143,GSE239721,PT16A
PDGFA,all,sample,1499,152,0.0937970786016255,187,10.1401,GSE239721,PT16A
PDGFB,all,sample,1499,0,0,0,0,GSE239721,PT16A
PDGFRA,all,sample,1499,0,0,0,0,GSE239721,PT16A
PDGFRB,all,sample,1499,9,0.00532433707315559,9,0.6004,GSE239721,PT16A
CCN2,all,sample,1499,21,0.012529602728652,25,1.4009,GSE239721,PT16A
CCN1,all,sample,1499,230,0.143762463443628,308,15.3436,GSE239721,PT16A
IGF1,all,sample,1499,0,0,0,0,GSE239721,PT16A
IGF2,all,sample,1499,0,0,0,0,GSE239721,PT16A
VEGFA,all,sample,1499,1,0.000668183275862392,1,0.0667,GSE239721,PT16A
FGF2,all,sample,1499,0,0,0,0,GSE239721,PT16A
HGF,all,sample,1499,98,0.0586645803698859,144,6.5377,GSE239721,PT16A
OSM,all,sample,1499,20,0.0108021053691152,24,1.3342,GSE239721,PT16A
OSMR,all,sample,1499,5,0.00335324851561973,5,0.3336,GSE239721,PT16A
IL11,all,sample,1499,1,0.000516073352803843,1,0.0667,GSE239721,PT16A
SPP1,all,sample,1499,32,0.0228049182266963,66,2.1348,GSE239721,PT16A
IL1B,all,sample,1499,617,0.453459539113452,1142,41.1608,GSE239721,PT16A
IL6,all,sample,1499,14,0.00737922683029439,14,0.934,GSE239721,PT16A
TNF,all,sample,1499,534,0.502884183979928,1797,35.6237,GSE239721,PT16A
CXCL8,all,sample,1499,205,0.183250512433411,707,13.6758,GSE239721,PT16A
IL10,all,sample,1499,0,0,0,0,GSE239721,PT16A
IFNG,all,sample,1499,1,0.000559609431927688,1,0.0667,GSE239721,PT16A
CCL2,all,sample,1499,41,0.0332101752309918,148,2.7352,GSE239721,PT16A
CCL3,all,sample,1499,13,0.00835000132339976,25,0.8672,GSE239721,PT16A
CCL4,all,sample,1499,20,0.0151869409974844,60,1.3342,GSE239721,PT16A
CXCL1,all,sample,1499,48,0.0308219077658519,70,3.2021,GSE239721,PT16A
CXCL2,all,sample,1499,346,0.262573301148694,769,23.0821,GSE239721,PT16A
IL18,all,sample,1499,719,0.485078037839063,1119,47.9653,GSE239721,PT16A
NLRP3,all,sample,1499,107,0.0601020418230238,118,7.1381,GSE239721,PT16A
S100A8,all,sample,1499,72,0.0440118427348454,80,4.8032,GSE239721,PT16A
S100A9,all,sample,1499,76,0.0440488382941545,87,5.07,GSE239721,PT16A
PF4,all,sample,1499,8,0.00473170369986128,8,0.5337,GSE239721,PT16A
PPBP,all,sample,1499,14,0.0103413087700551,31,0.934,GSE239721,PT16A
VWF,all,sample,1499,18,0.00859047438493665,19,1.2008,GSE239721,PT16A
ITGA2B,all,sample,1499,116,0.0770587270663423,233,7.7385,GSE239721,PT16A
GP9,all,sample,1499,15,0.00866003297138528,25,1.0007,GSE239721,PT16A
NFE2,all,sample,1499,530,0.361547248573596,882,35.3569,GSE239721,PT16A
GATA1,all,sample,1499,63,0.0501871624515089,155,4.2028,GSE239721,PT16A
MPL,all,sample,1499,106,0.0604224426626791,123,7.0714,GSE239721,PT16A
CALR,all,sample,1499,1200,1.26567867910604,5242,80.0534,GSE239721,PT16A
JAK2,all,sample,1499,379,0.22687590709618,450,25.2835,GSE239721,PT16A
LEPR,all,sample,1499,96,0.0532367384922795,108,6.4043,GSE239721,PT16A
CXCL12,all,sample,1499,2,0.00122239731511765,2,0.1334,GSE239721,PT16A
KITLG,all,sample,1499,0,0,0,0,GSE239721,PT16A
ANGPT1,all,sample,1499,935,0.737599087615368,1930,62.3749,GSE239721,PT16A
VCAM1,all,sample,1499,12,0.00709012058362994,13,0.8005,GSE239721,PT16A
NES,all,sample,1499,3,0.00135174963814038,3,0.2001,GSE239721,PT16A
NGFR,all,sample,1499,6,0.00271808581763183,6,0.4003,GSE239721,PT16A
SFRP2,all,sample,1499,0,0,0,0,GSE239721,PT16A
SFRP4,all,sample,1499,9,0.00606131237246682,12,0.6004,GSE239721,PT16A
GREM1,all,sample,1499,0,0,0,0,GSE239721,PT16A
FAP,all,sample,1499,1,0.000474783199687295,1,0.0667,GSE239721,PT16A
BGLAP,all,sample,1499,50,0.0311666268235428,56,3.3356,GSE239721,PT16A
RUNX2,all,sample,1499,532,0.360817498518966,744,35.4903,GSE239721,PT16A
SP7,all,sample,1499,0,0,0,0,GSE239721,PT16A
ACTA2,all,sample,1499,10,0.00477545503599952,10,0.6671,GSE239721,PT16A
TAGLN,all,sample,1499,30,0.0151595565573017,31,2.0013,GSE239721,PT16A
RGS5,all,sample,1499,3,0.00170323827923823,3,0.2001,GSE239721,PT16A
MYH11,all,sample,1499,35,0.0207817345527909,38,2.3349,GSE239721,PT16A
CDH5,all,sample,1499,17,0.00957272889836799,18,1.1341,GSE239721,PT16A
PECAM1,all,sample,1499,700,0.492869946935624,1197,46.6978,GSE239721,PT16A
EMCN,all,sample,1499,40,0.0251400139542335,47,2.6684,GSE239721,PT16A
HIF1A,all,sample,1499,997,0.812943878743571,2142,66.511,GSE239721,PT16A
EPAS1,all,sample,1499,19,0.00970482889500783,19,1.2675,GSE239721,PT16A
CA9,all,sample,1499,1,0.000493151663919941,1,0.0667,GSE239721,PT16A
LDHA,all,sample,1499,1251,1.25729175124524,4294,83.4556,GSE239721,PT16A
SLC2A1,all,sample,1499,125,0.0642350015178422,139,8.3389,GSE239721,PT16A
PGK1,all,sample,1499,1211,1.08718141350744,3303,80.7872,GSE239721,PT16A
ADM,all,sample,1499,107,0.0681898375092688,158,7.1381,GSE239721,PT16A
BNIP3,all,sample,1499,324,0.189885837514696,393,21.6144,GSE239721,PT16A
NDRG1,all,sample,1499,167,0.0956998308553662,190,11.1408,GSE239721,PT16A
SNAI1,all,sample,1499,113,0.0688831930114155,133,7.5384,GSE239721,PT16A
SNAI2,all,sample,1499,0,0,0,0,GSE239721,PT16A
TWIST1,all,sample,1499,0,0,0,0,GSE239721,PT16A
ZEB1,all,sample,1499,484,0.303186268222467,623,32.2882,GSE239721,PT16A
ZEB2,all,sample,1499,815,0.630685110912342,1706,54.3696,GSE239721,PT16A
VIM,all,sample,1499,1435,3.11241521354254,41028,95.7305,GSE239721,PT16A
CDH2,all,sample,1499,5,0.0026823274105219,6,0.3336,GSE239721,PT16A
NECTIN4,all,sample,1499,0,0,0,0,GSE239721,PT16A
NECTIN1,all,sample,1499,26,0.0134468900521341,27,1.7345,GSE239721,PT16A
NECTIN2,all,sample,1499,280,0.163469559504914,333,18.6791,GSE239721,PT16A
NECTIN3,all,sample,1499,0,0,0,0,GSE239721,PT16A
PVR,all,sample,1499,148,0.0811505584828183,159,9.8732,GSE239721,PT16A
TIGIT,all,sample,1499,5,0.00282699921903591,5,0.3336,GSE239721,PT16A
CD226,all,sample,1499,5,0.00255948270296421,5,0.3336,GSE239721,PT16A
CD96,all,sample,1499,4,0.00273273038329111,5,0.2668,GSE239721,PT16A
C1QA,all,sample,1499,0,0,0,0,GSE239721,PT16A
C1QB,all,sample,1499,0,0,0,0,GSE239721,PT16A
C1QC,all,sample,1499,0,0,0,0,GSE239721,PT16A
CD163,all,sample,1499,7,0.00276420892725176,7,0.467,GSE239721,PT16A
MRC1,all,sample,1499,133,0.07892256837325,171,8.8726,GSE239721,PT16A
VSIG4,all,sample,1499,4,0.00210968256943465,4,0.2668,GSE239721,PT16A
SELENOP,all,sample,1499,17,0.00984188686690993,20,1.1341,GSE239721,PT16A
STAB1,all,sample,1499,184,0.108279245328745,213,12.2748,GSE239721,PT16A
LYVE1,all,sample,1499,2,0.00156115595128844,2,0.1334,GSE239721,PT16A
MAF,all,sample,1499,43,0.0295276547989626,48,2.8686,GSE239721,PT16A
FCN1,all,sample,1499,6,0.00425425983402819,8,0.4003,GSE239721,PT16A
S100A12,all,sample,1499,8,0.00400123205627298,8,0.5337,GSE239721,PT16A
SELL,all,sample,1499,455,0.322278039089039,778,30.3536,GSE239721,PT16A
CSF3R,all,sample,1499,647,0.500536051926109,1361,43.1621,GSE239721,PT16A
PLAC8,all,sample,1499,1224,1.18216073009057,3767,81.6544,GSE239721,PT16A
COL1A1,LMPP_GMP,bin,209,0,0,0,0,GSE239721,PT16A
COL1A2,LMPP_GMP,bin,209,0,0,0,0,GSE239721,PT16A
COL3A1,LMPP_GMP,bin,209,0,0,0,0,GSE239721,PT16A
COL4A1,LMPP_GMP,bin,209,0,0,0,0,GSE239721,PT16A
COL5A1,LMPP_GMP,bin,209,16,0.0598691395768168,18,7.6555,GSE239721,PT16A
COL5A2,LMPP_GMP,bin,209,1,0.00360226280340365,1,0.4785,GSE239721,PT16A
COL6A1,LMPP_GMP,bin,209,10,0.0377478479561981,11,4.7847,GSE239721,PT16A
COL6A2,LMPP_GMP,bin,209,43,0.171062302130872,53,20.5742,GSE239721,PT16A
COL6A3,LMPP_GMP,bin,209,0,0,0,0,GSE239721,PT16A
FN1,LMPP_GMP,bin,209,1,0.0044959403250553,1,0.4785,GSE239721,PT16A
LUM,LMPP_GMP,bin,209,0,0,0,0,GSE239721,PT16A
DCN,LMPP_GMP,bin,209,0,0,0,0,GSE239721,PT16A
POSTN,LMPP_GMP,bin,209,0,0,0,0,GSE239721,PT16A
SPARC,LMPP_GMP,bin,209,67,0.264557064178322,86,32.0574,GSE239721,PT16A
BGN,LMPP_GMP,bin,209,0,0,0,0,GSE239721,PT16A
VCAN,LMPP_GMP,bin,209,0,0,0,0,GSE239721,PT16A
ELN,LMPP_GMP,bin,209,25,0.104184642556684,34,11.9617,GSE239721,PT16A
FBN1,LMPP_GMP,bin,209,9,0.0322601745295091,9,4.3062,GSE239721,PT16A
MGP,LMPP_GMP,bin,209,0,0,0,0,GSE239721,PT16A
OGN,LMPP_GMP,bin,209,6,0.0230697828936844,6,2.8708,GSE239721,PT16A
ASPN,LMPP_GMP,bin,209,0,0,0,0,GSE239721,PT16A
TNC,LMPP_GMP,bin,209,0,0,0,0,GSE239721,PT16A
LTBP1,LMPP_GMP,bin,209,4,0.0106204283101073,4,1.9139,GSE239721,PT16A
LTBP2,LMPP_GMP,bin,209,1,0.0035444096209336,1,0.4785,GSE239721,PT16A
LOX,LMPP_GMP,bin,209,0,0,0,0,GSE239721,PT16A
LOXL1,LMPP_GMP,bin,209,1,0.0031376228633193,1,0.4785,GSE239721,PT16A
LOXL2,LMPP_GMP,bin,209,2,0.00765727585370527,2,0.9569,GSE239721,PT16A
PLOD1,LMPP_GMP,bin,209,33,0.112197072350193,39,15.7895,GSE239721,PT16A
PLOD2,LMPP_GMP,bin,209,1,0.0034689107502448,1,0.4785,GSE239721,PT16A
SERPINH1,LMPP_GMP,bin,209,60,0.235433441233978,80,28.7081,GSE239721,PT16A
SERPINE1,LMPP_GMP,bin,209,15,0.0855510058811607,57,7.177,GSE239721,PT16A
TIMP1,LMPP_GMP,bin,209,148,0.816455484451449,332,70.8134,GSE239721,PT16A
TIMP2,LMPP_GMP,bin,209,25,0.0923177595775451,28,11.9617,GSE239721,PT16A
TIMP3,LMPP_GMP,bin,209,78,0.407671211250159,167,37.3206,GSE239721,PT16A
MMP2,LMPP_GMP,bin,209,0,0,0,0,GSE239721,PT16A
MMP9,LMPP_GMP,bin,209,1,0.00557507067556553,2,0.4785,GSE239721,PT16A
MMP14,LMPP_GMP,bin,209,1,0.00177117403680827,1,0.4785,GSE239721,PT16A
CTSK,LMPP_GMP,bin,209,2,0.0109572790624061,2,0.9569,GSE239721,PT16A
ADAMTS1,LMPP_GMP,bin,209,0,0,0,0,GSE239721,PT16A
TGFB1,LMPP_GMP,bin,209,141,0.665791914591923,241,67.4641,GSE239721,PT16A
TGFB2,LMPP_GMP,bin,209,1,0.00254202767787348,1,0.4785,GSE239721,PT16A
TGFB3,LMPP_GMP,bin,209,3,0.015220018570716,3,1.4354,GSE239721,PT16A
TGFBR1,LMPP_GMP,bin,209,35,0.139075579813723,41,16.7464,GSE239721,PT16A
TGFBR2,LMPP_GMP,bin,209,35,0.125167277686285,39,16.7464,GSE239721,PT16A
PDGFA,LMPP_GMP,bin,209,8,0.0320213015482687,9,3.8278,GSE239721,PT16A
PDGFB,LMPP_GMP,bin,209,0,0,0,0,GSE239721,PT16A
PDGFRA,LMPP_GMP,bin,209,0,0,0,0,GSE239721,PT16A
PDGFRB,LMPP_GMP,bin,209,2,0.00824277834160163,2,0.9569,GSE239721,PT16A
CCN2,LMPP_GMP,bin,209,4,0.0126559419992856,4,1.9139,GSE239721,PT16A
CCN1,LMPP_GMP,bin,209,28,0.116942039251203,42,13.3971,GSE239721,PT16A
IGF1,LMPP_GMP,bin,209,0,0,0,0,GSE239721,PT16A
IGF2,LMPP_GMP,bin,209,0,0,0,0,GSE239721,PT16A
VEGFA,LMPP_GMP,bin,209,0,0,0,0,GSE239721,PT16A
FGF2,LMPP_GMP,bin,209,0,0,0,0,GSE239721,PT16A
HGF,LMPP_GMP,bin,209,31,0.150350339220628,63,14.8325,GSE239721,PT16A
OSM,LMPP_GMP,bin,209,6,0.0212060156140674,8,2.8708,GSE239721,PT16A
OSMR,LMPP_GMP,bin,209,1,0.00546145548883346,1,0.4785,GSE239721,PT16A
IL11,LMPP_GMP,bin,209,0,0,0,0,GSE239721,PT16A
SPP1,LMPP_GMP,bin,209,4,0.0211632985456287,8,1.9139,GSE239721,PT16A
IL1B,LMPP_GMP,bin,209,96,0.465930792805111,179,45.933,GSE239721,PT16A
IL6,LMPP_GMP,bin,209,0,0,0,0,GSE239721,PT16A
TNF,LMPP_GMP,bin,209,69,0.40889807936434,198,33.0144,GSE239721,PT16A
CXCL8,LMPP_GMP,bin,209,42,0.267998613407612,185,20.0957,GSE239721,PT16A
IL10,LMPP_GMP,bin,209,0,0,0,0,GSE239721,PT16A
IFNG,LMPP_GMP,bin,209,0,0,0,0,GSE239721,PT16A
CCL2,LMPP_GMP,bin,209,11,0.0824256416808566,77,5.2632,GSE239721,PT16A
CCL3,LMPP_GMP,bin,209,5,0.0209357082334689,14,2.3923,GSE239721,PT16A
CCL4,LMPP_GMP,bin,209,4,0.0211484616437738,23,1.9139,GSE239721,PT16A
CXCL1,LMPP_GMP,bin,209,5,0.0234833989075999,12,2.3923,GSE239721,PT16A
CXCL2,LMPP_GMP,bin,209,40,0.211518892777473,96,19.1388,GSE239721,PT16A
IL18,LMPP_GMP,bin,209,96,0.413536262132916,146,45.933,GSE239721,PT16A
NLRP3,LMPP_GMP,bin,209,17,0.0662932475593235,18,8.134,GSE239721,PT16A
S100A8,LMPP_GMP,bin,209,5,0.0181437527115359,5,2.3923,GSE239721,PT16A
S100A9,LMPP_GMP,bin,209,12,0.0421765455876398,12,5.7416,GSE239721,PT16A
PF4,LMPP_GMP,bin,209,0,0,0,0,GSE239721,PT16A
PPBP,LMPP_GMP,bin,209,1,0.0065240257078206,2,0.4785,GSE239721,PT16A
VWF,LMPP_GMP,bin,209,3,0.00853822245738059,3,1.4354,GSE239721,PT16A
ITGA2B,LMPP_GMP,bin,209,23,0.12326876555567,56,11.0048,GSE239721,PT16A
GP9,LMPP_GMP,bin,209,2,0.00531533799232692,2,0.9569,GSE239721,PT16A
NFE2,LMPP_GMP,bin,209,106,0.540794506397847,208,50.7177,GSE239721,PT16A
GATA1,LMPP_GMP,bin,209,24,0.139881285414711,60,11.4833,GSE239721,PT16A
MPL,LMPP_GMP,bin,209,11,0.0389063665583037,12,5.2632,GSE239721,PT16A
CALR,LMPP_GMP,bin,209,186,1.596893631568,1330,88.9952,GSE239721,PT16A
JAK2,LMPP_GMP,bin,209,54,0.196364626924035,64,25.8373,GSE239721,PT16A
LEPR,LMPP_GMP,bin,209,13,0.0442136248507677,14,6.2201,GSE239721,PT16A
CXCL12,LMPP_GMP,bin,209,0,0,0,0,GSE239721,PT16A
KITLG,LMPP_GMP,bin,209,0,0,0,0,GSE239721,PT16A
ANGPT1,LMPP_GMP,bin,209,132,0.668854155751311,263,63.1579,GSE239721,PT16A
VCAM1,LMPP_GMP,bin,209,0,0,0,0,GSE239721,PT16A
NES,LMPP_GMP,bin,209,1,0.00474389171840016,1,0.4785,GSE239721,PT16A
NGFR,LMPP_GMP,bin,209,4,0.0129967429893892,4,1.9139,GSE239721,PT16A
SFRP2,LMPP_GMP,bin,209,0,0,0,0,GSE239721,PT16A
SFRP4,LMPP_GMP,bin,209,0,0,0,0,GSE239721,PT16A
GREM1,LMPP_GMP,bin,209,0,0,0,0,GSE239721,PT16A
FAP,LMPP_GMP,bin,209,0,0,0,0,GSE239721,PT16A
BGLAP,LMPP_GMP,bin,209,4,0.0148587355657008,4,1.9139,GSE239721,PT16A
RUNX2,LMPP_GMP,bin,209,69,0.290244230270486,97,33.0144,GSE239721,PT16A
SP7,LMPP_GMP,bin,209,0,0,0,0,GSE239721,PT16A
ACTA2,LMPP_GMP,bin,209,2,0.00521154887160578,2,0.9569,GSE239721,PT16A
TAGLN,LMPP_GMP,bin,209,5,0.0162087523593453,5,2.3923,GSE239721,PT16A
RGS5,LMPP_GMP,bin,209,0,0,0,0,GSE239721,PT16A
MYH11,LMPP_GMP,bin,209,3,0.0120522639886278,3,1.4354,GSE239721,PT16A
CDH5,LMPP_GMP,bin,209,0,0,0,0,GSE239721,PT16A
PECAM1,LMPP_GMP,bin,209,95,0.430067269675111,154,45.4545,GSE239721,PT16A
EMCN,LMPP_GMP,bin,209,3,0.0105466687802474,5,1.4354,GSE239721,PT16A
HIF1A,LMPP_GMP,bin,209,125,0.659886834115497,265,59.8086,GSE239721,PT16A
EPAS1,LMPP_GMP,bin,209,3,0.00748975473958258,3,1.4354,GSE239721,PT16A
CA9,LMPP_GMP,bin,209,0,0,0,0,GSE239721,PT16A
LDHA,LMPP_GMP,bin,209,183,1.36026999025662,767,87.5598,GSE239721,PT16A
SLC2A1,LMPP_GMP,bin,209,25,0.0854213262526022,31,11.9617,GSE239721,PT16A
PGK1,LMPP_GMP,bin,209,173,1.13930546334353,574,82.7751,GSE239721,PT16A
ADM,LMPP_GMP,bin,209,12,0.0565240669647281,22,5.7416,GSE239721,PT16A
BNIP3,LMPP_GMP,bin,209,43,0.173322978610915,53,20.5742,GSE239721,PT16A
NDRG1,LMPP_GMP,bin,209,25,0.0921812796110909,27,11.9617,GSE239721,PT16A
SNAI1,LMPP_GMP,bin,209,13,0.0486250870186403,14,6.2201,GSE239721,PT16A
SNAI2,LMPP_GMP,bin,209,0,0,0,0,GSE239721,PT16A
TWIST1,LMPP_GMP,bin,209,0,0,0,0,GSE239721,PT16A
ZEB1,LMPP_GMP,bin,209,69,0.290556113301413,89,33.0144,GSE239721,PT16A
ZEB2,LMPP_GMP,bin,209,142,0.797068100626091,337,67.9426,GSE239721,PT16A
VIM,LMPP_GMP,bin,209,194,2.70541414985215,4612,92.823,GSE239721,PT16A
CDH2,LMPP_GMP,bin,209,1,0.00331171616378161,1,0.4785,GSE239721,PT16A
NECTIN4,LMPP_GMP,bin,209,0,0,0,0,GSE239721,PT16A
NECTIN1,LMPP_GMP,bin,209,13,0.0443850824884719,13,6.2201,GSE239721,PT16A
NECTIN2,LMPP_GMP,bin,209,44,0.172649434033576,51,21.0526,GSE239721,PT16A
NECTIN3,LMPP_GMP,bin,209,0,0,0,0,GSE239721,PT16A
PVR,LMPP_GMP,bin,209,19,0.0647882588808041,20,9.0909,GSE239721,PT16A
TIGIT,LMPP_GMP,bin,209,1,0.00289980887918623,1,0.4785,GSE239721,PT16A
CD226,LMPP_GMP,bin,209,1,0.00363642563343001,1,0.4785,GSE239721,PT16A
CD96,LMPP_GMP,bin,209,0,0,0,0,GSE239721,PT16A
C1QA,LMPP_GMP,bin,209,0,0,0,0,GSE239721,PT16A
C1QB,LMPP_GMP,bin,209,0,0,0,0,GSE239721,PT16A
C1QC,LMPP_GMP,bin,209,0,0,0,0,GSE239721,PT16A
CD163,LMPP_GMP,bin,209,2,0.00510457564871664,2,0.9569,GSE239721,PT16A
MRC1,LMPP_GMP,bin,209,8,0.0300975152892757,9,3.8278,GSE239721,PT16A
VSIG4,LMPP_GMP,bin,209,2,0.00903744704571726,2,0.9569,GSE239721,PT16A
SELENOP,LMPP_GMP,bin,209,1,0.004438120936542,1,0.4785,GSE239721,PT16A
STAB1,LMPP_GMP,bin,209,13,0.0580627761458014,18,6.2201,GSE239721,PT16A
LYVE1,LMPP_GMP,bin,209,0,0,0,0,GSE239721,PT16A
MAF,LMPP_GMP,bin,209,3,0.0126170871632411,3,1.4354,GSE239721,PT16A
FCN1,LMPP_GMP,bin,209,1,0.00385923421745232,1,0.4785,GSE239721,PT16A
S100A12,LMPP_GMP,bin,209,1,0.00180821671931556,1,0.4785,GSE239721,PT16A
SELL,LMPP_GMP,bin,209,77,0.375228110835402,136,36.8421,GSE239721,PT16A
CSF3R,LMPP_GMP,bin,209,112,0.655109506441034,289,53.5885,GSE239721,PT16A
PLAC8,LMPP_GMP,bin,209,176,1.21007505890738,646,84.2105,GSE239721,PT16A
COL1A1,HSC_MPP,bin,1094,3,0.00274541821238081,3,0.2742,GSE239721,PT16A
COL1A2,HSC_MPP,bin,1094,0,0,0,0,GSE239721,PT16A
COL3A1,HSC_MPP,bin,1094,0,0,0,0,GSE239721,PT16A
COL4A1,HSC_MPP,bin,1094,0,0,0,0,GSE239721,PT16A
COL5A1,HSC_MPP,bin,1094,143,0.113539984811358,159,13.0713,GSE239721,PT16A
COL5A2,HSC_MPP,bin,1094,4,0.00362708059654939,4,0.3656,GSE239721,PT16A
COL6A1,HSC_MPP,bin,1094,113,0.0952669608249233,132,10.3291,GSE239721,PT16A
COL6A2,HSC_MPP,bin,1094,430,0.399821122742766,604,39.3053,GSE239721,PT16A
COL6A3,HSC_MPP,bin,1094,2,0.00128025060381455,2,0.1828,GSE239721,PT16A
FN1,HSC_MPP,bin,1094,14,0.0101012814697013,15,1.2797,GSE239721,PT16A
LUM,HSC_MPP,bin,1094,0,0,0,0,GSE239721,PT16A
DCN,HSC_MPP,bin,1094,0,0,0,0,GSE239721,PT16A
POSTN,HSC_MPP,bin,1094,0,0,0,0,GSE239721,PT16A
SPARC,HSC_MPP,bin,1094,223,0.176128449492769,286,20.3839,GSE239721,PT16A
BGN,HSC_MPP,bin,1094,0,0,0,0,GSE239721,PT16A
VCAN,HSC_MPP,bin,1094,1,0.000873951194854539,1,0.0914,GSE239721,PT16A
ELN,HSC_MPP,bin,1094,156,0.134436168021391,194,14.2596,GSE239721,PT16A
FBN1,HSC_MPP,bin,1094,67,0.0531754447607627,74,6.1243,GSE239721,PT16A
MGP,HSC_MPP,bin,1094,1,0.000796742822359966,1,0.0914,GSE239721,PT16A
OGN,HSC_MPP,bin,1094,21,0.0155598823864691,22,1.9196,GSE239721,PT16A
ASPN,HSC_MPP,bin,1094,3,0.00178432314238793,3,0.2742,GSE239721,PT16A
TNC,HSC_MPP,bin,1094,2,0.00135058356191484,2,0.1828,GSE239721,PT16A
LTBP1,HSC_MPP,bin,1094,27,0.0182286475357469,27,2.468,GSE239721,PT16A
LTBP2,HSC_MPP,bin,1094,1,0.000965574117447617,1,0.0914,GSE239721,PT16A
LOX,HSC_MPP,bin,1094,1,0.00060860503088,1,0.0914,GSE239721,PT16A
LOXL1,HSC_MPP,bin,1094,7,0.00575170749166127,7,0.6399,GSE239721,PT16A
LOXL2,HSC_MPP,bin,1094,34,0.0249945121345118,35,3.1079,GSE239721,PT16A
PLOD1,HSC_MPP,bin,1094,120,0.0868308661588674,134,10.9689,GSE239721,PT16A
PLOD2,HSC_MPP,bin,1094,3,0.00227920184524712,3,0.2742,GSE239721,PT16A
SERPINH1,HSC_MPP,bin,1094,282,0.231283166774045,353,25.777,GSE239721,PT16A
SERPINE1,HSC_MPP,bin,1094,102,0.107925704181768,223,9.3236,GSE239721,PT16A
TIMP1,HSC_MPP,bin,1094,712,0.750883896006175,1353,65.0823,GSE239721,PT16A
TIMP2,HSC_MPP,bin,1094,112,0.088632087060768,126,10.2377,GSE239721,PT16A
TIMP3,HSC_MPP,bin,1094,449,0.477085030342708,829,41.042,GSE239721,PT16A
MMP2,HSC_MPP,bin,1094,2,0.00139933292588225,2,0.1828,GSE239721,PT16A
MMP9,HSC_MPP,bin,1094,10,0.00976709727155477,27,0.9141,GSE239721,PT16A
MMP14,HSC_MPP,bin,1094,4,0.00255488084899142,4,0.3656,GSE239721,PT16A
CTSK,HSC_MPP,bin,1094,13,0.00932774209652375,13,1.1883,GSE239721,PT16A
ADAMTS1,HSC_MPP,bin,1094,1,0.00109928808897733,1,0.0914,GSE239721,PT16A
TGFB1,HSC_MPP,bin,1094,689,0.705348590442635,1285,62.9799,GSE239721,PT16A
TGFB2,HSC_MPP,bin,1094,2,0.00109746657343941,2,0.1828,GSE239721,PT16A
TGFB3,HSC_MPP,bin,1094,11,0.00952319183222362,12,1.0055,GSE239721,PT16A
TGFBR1,HSC_MPP,bin,1094,169,0.143081314812998,202,15.4479,GSE239721,PT16A
TGFBR2,HSC_MPP,bin,1094,250,0.213363530016916,304,22.8519,GSE239721,PT16A
PDGFA,HSC_MPP,bin,1094,130,0.110050108440781,159,11.883,GSE239721,PT16A
PDGFB,HSC_MPP,bin,1094,0,0,0,0,GSE239721,PT16A
PDGFRA,HSC_MPP,bin,1094,0,0,0,0,GSE239721,PT16A
PDGFRB,HSC_MPP,bin,1094,7,0.00572069524612934,7,0.6399,GSE239721,PT16A
CCN2,HSC_MPP,bin,1094,17,0.014750258329432,21,1.5539,GSE239721,PT16A
CCN1,HSC_MPP,bin,1094,177,0.153308867155709,231,16.1792,GSE239721,PT16A
IGF1,HSC_MPP,bin,1094,0,0,0,0,GSE239721,PT16A
IGF2,HSC_MPP,bin,1094,0,0,0,0,GSE239721,PT16A
VEGFA,HSC_MPP,bin,1094,0,0,0,0,GSE239721,PT16A
FGF2,HSC_MPP,bin,1094,0,0,0,0,GSE239721,PT16A
HGF,HSC_MPP,bin,1094,48,0.0368281696410666,58,4.3876,GSE239721,PT16A
OSM,HSC_MPP,bin,1094,12,0.00827124559706712,12,1.0969,GSE239721,PT16A
OSMR,HSC_MPP,bin,1094,3,0.00258163832650666,3,0.2742,GSE239721,PT16A
IL11,HSC_MPP,bin,1094,1,0.000707124274088629,1,0.0914,GSE239721,PT16A
SPP1,HSC_MPP,bin,1094,25,0.0243316660932022,53,2.2852,GSE239721,PT16A
IL1B,HSC_MPP,bin,1094,435,0.435726043770019,784,39.7623,GSE239721,PT16A
IL6,HSC_MPP,bin,1094,12,0.0088658383507453,12,1.0969,GSE239721,PT16A
TNF,HSC_MPP,bin,1094,425,0.566700586216222,1503,38.8483,GSE239721,PT16A
CXCL8,HSC_MPP,bin,1094,126,0.15595218992559,427,11.5174,GSE239721,PT16A
IL10,HSC_MPP,bin,1094,0,0,0,0,GSE239721,PT16A
IFNG,HSC_MPP,bin,1094,0,0,0,0,GSE239721,PT16A
CCL2,HSC_MPP,bin,1094,25,0.0241894051074969,52,2.2852,GSE239721,PT16A
CCL3,HSC_MPP,bin,1094,7,0.00664976016911498,10,0.6399,GSE239721,PT16A
CCL4,HSC_MPP,bin,1094,14,0.0154768025764386,35,1.2797,GSE239721,PT16A
CXCL1,HSC_MPP,bin,1094,37,0.0314335544541504,48,3.3821,GSE239721,PT16A
CXCL2,HSC_MPP,bin,1094,265,0.277102716854603,592,24.223,GSE239721,PT16A
IL18,HSC_MPP,bin,1094,541,0.511043773349184,859,49.4516,GSE239721,PT16A
NLRP3,HSC_MPP,bin,1094,83,0.0639535052395796,93,7.5868,GSE239721,PT16A
S100A8,HSC_MPP,bin,1094,55,0.0475425639483691,60,5.0274,GSE239721,PT16A
S100A9,HSC_MPP,bin,1094,54,0.0441945480695416,59,4.936,GSE239721,PT16A
PF4,HSC_MPP,bin,1094,5,0.00389615563486098,5,0.457,GSE239721,PT16A
PPBP,HSC_MPP,bin,1094,9,0.00792971432954279,14,0.8227,GSE239721,PT16A
VWF,HSC_MPP,bin,1094,11,0.00738753235306302,11,1.0055,GSE239721,PT16A
ITGA2B,HSC_MPP,bin,1094,44,0.0301150793033902,47,4.0219,GSE239721,PT16A
GP9,HSC_MPP,bin,1094,6,0.00555477101966248,6,0.5484,GSE239721,PT16A
NFE2,HSC_MPP,bin,1094,330,0.289958494248681,477,30.1645,GSE239721,PT16A
GATA1,HSC_MPP,bin,1094,3,0.00209993327099103,3,0.2742,GSE239721,PT16A
MPL,HSC_MPP,bin,1094,86,0.0691420307970307,102,7.8611,GSE239721,PT16A
CALR,HSC_MPP,bin,1094,857,1.18857123907809,3196,78.3364,GSE239721,PT16A
JAK2,HSC_MPP,bin,1094,270,0.222594425818141,313,24.6801,GSE239721,PT16A
LEPR,HSC_MPP,bin,1094,72,0.0555861264101561,82,6.5814,GSE239721,PT16A
CXCL12,HSC_MPP,bin,1094,2,0.00167493014201221,2,0.1828,GSE239721,PT16A
KITLG,HSC_MPP,bin,1094,0,0,0,0,GSE239721,PT16A
ANGPT1,HSC_MPP,bin,1094,702,0.772426643704719,1459,64.1682,GSE239721,PT16A
VCAM1,HSC_MPP,bin,1094,12,0.00971489100078728,13,1.0969,GSE239721,PT16A
NES,HSC_MPP,bin,1094,1,0.000452738938260955,1,0.0914,GSE239721,PT16A
NGFR,HSC_MPP,bin,1094,2,0.00124139977682611,2,0.1828,GSE239721,PT16A
SFRP2,HSC_MPP,bin,1094,0,0,0,0,GSE239721,PT16A
SFRP4,HSC_MPP,bin,1094,8,0.00757887623912519,11,0.7313,GSE239721,PT16A
GREM1,HSC_MPP,bin,1094,0,0,0,0,GSE239721,PT16A
FAP,HSC_MPP,bin,1094,1,0.000650548460997491,1,0.0914,GSE239721,PT16A
BGLAP,HSC_MPP,bin,1094,40,0.0336934819563196,45,3.6563,GSE239721,PT16A
RUNX2,HSC_MPP,bin,1094,385,0.358979043706245,531,35.192,GSE239721,PT16A
SP7,HSC_MPP,bin,1094,0,0,0,0,GSE239721,PT16A
ACTA2,HSC_MPP,bin,1094,7,0.00489595078363739,7,0.6399,GSE239721,PT16A
TAGLN,HSC_MPP,bin,1094,21,0.0151058260687038,22,1.9196,GSE239721,PT16A
RGS5,HSC_MPP,bin,1094,3,0.0023337789584809,3,0.2742,GSE239721,PT16A
MYH11,HSC_MPP,bin,1094,30,0.025047619635715,33,2.7422,GSE239721,PT16A
CDH5,HSC_MPP,bin,1094,15,0.0121164023255602,16,1.3711,GSE239721,PT16A
PECAM1,HSC_MPP,bin,1094,524,0.512027977887922,901,47.8976,GSE239721,PT16A
EMCN,HSC_MPP,bin,1094,34,0.0299975030606331,38,3.1079,GSE239721,PT16A
HIF1A,HSC_MPP,bin,1094,743,0.84002439842396,1587,67.9159,GSE239721,PT16A
EPAS1,HSC_MPP,bin,1094,14,0.0101724324970581,14,1.2797,GSE239721,PT16A
CA9,HSC_MPP,bin,1094,1,0.000675716950837286,1,0.0914,GSE239721,PT16A
LDHA,HSC_MPP,bin,1094,919,1.26970721889862,3056,84.0037,GSE239721,PT16A
SLC2A1,HSC_MPP,bin,1094,88,0.062910204276349,95,8.0439,GSE239721,PT16A
PGK1,HSC_MPP,bin,1094,878,1.06096244144015,2248,80.2559,GSE239721,PT16A
ADM,HSC_MPP,bin,1094,82,0.0711397034648362,120,7.4954,GSE239721,PT16A
BNIP3,HSC_MPP,bin,1094,241,0.197151697912126,295,22.0293,GSE239721,PT16A
NDRG1,HSC_MPP,bin,1094,121,0.0952441671569114,136,11.0603,GSE239721,PT16A
SNAI1,HSC_MPP,bin,1094,90,0.0745795060142045,105,8.2267,GSE239721,PT16A
SNAI2,HSC_MPP,bin,1094,0,0,0,0,GSE239721,PT16A
TWIST1,HSC_MPP,bin,1094,0,0,0,0,GSE239721,PT16A
ZEB1,HSC_MPP,bin,1094,357,0.306555701695825,457,32.6325,GSE239721,PT16A
ZEB2,HSC_MPP,bin,1094,541,0.549439743898416,1031,49.4516,GSE239721,PT16A
VIM,HSC_MPP,bin,1094,1072,3.31376449207302,31871,97.989,GSE239721,PT16A
CDH2,HSC_MPP,bin,1094,4,0.00304265092334732,5,0.3656,GSE239721,PT16A
NECTIN4,HSC_MPP,bin,1094,0,0,0,0,GSE239721,PT16A
NECTIN1,HSC_MPP,bin,1094,8,0.00620701646025757,9,0.7313,GSE239721,PT16A
NECTIN2,HSC_MPP,bin,1094,206,0.168323731948834,247,18.83,GSE239721,PT16A
NECTIN3,HSC_MPP,bin,1094,0,0,0,0,GSE239721,PT16A
PVR,HSC_MPP,bin,1094,116,0.0901105861277359,126,10.6033,GSE239721,PT16A
TIGIT,HSC_MPP,bin,1094,3,0.00251293802279806,3,0.2742,GSE239721,PT16A
CD226,HSC_MPP,bin,1094,0,0,0,0,GSE239721,PT16A
CD96,HSC_MPP,bin,1094,3,0.00218165391618339,4,0.2742,GSE239721,PT16A
C1QA,HSC_MPP,bin,1094,0,0,0,0,GSE239721,PT16A
C1QB,HSC_MPP,bin,1094,0,0,0,0,GSE239721,PT16A
C1QC,HSC_MPP,bin,1094,0,0,0,0,GSE239721,PT16A
CD163,HSC_MPP,bin,1094,3,0.00139991038238693,3,0.2742,GSE239721,PT16A
MRC1,HSC_MPP,bin,1094,108,0.0892747703950117,143,9.872,GSE239721,PT16A
VSIG4,HSC_MPP,bin,1094,1,0.000681358432601672,1,0.0914,GSE239721,PT16A
SELENOP,HSC_MPP,bin,1094,14,0.0114966298668363,17,1.2797,GSE239721,PT16A
STAB1,HSC_MPP,bin,1094,160,0.127537147007037,184,14.6252,GSE239721,PT16A
LYVE1,HSC_MPP,bin,1094,1,0.000719774502642553,1,0.0914,GSE239721,PT16A
MAF,HSC_MPP,bin,1094,35,0.0312474021508003,38,3.1993,GSE239721,PT16A
FCN1,HSC_MPP,bin,1094,3,0.00249887183166775,3,0.2742,GSE239721,PT16A
S100A12,HSC_MPP,bin,1094,5,0.00372743676606245,5,0.457,GSE239721,PT16A
SELL,HSC_MPP,bin,1094,321,0.30999926040573,541,29.3419,GSE239721,PT16A
CSF3R,HSC_MPP,bin,1094,494,0.523902039037998,1015,45.1554,GSE239721,PT16A
PLAC8,HSC_MPP,bin,1094,909,1.21024175662996,2740,83.0896,GSE239721,PT16A
COL1A1,unassigned,bin,46,0,0,0,0,GSE239721,PT16A
COL1A2,unassigned,bin,46,0,0,0,0,GSE239721,PT16A
COL3A1,unassigned,bin,46,0,0,0,0,GSE239721,PT16A
COL4A1,unassigned,bin,46,0,0,0,0,GSE239721,PT16A
COL5A1,unassigned,bin,46,3,0.0643993227341434,3,6.5217,GSE239721,PT16A
COL5A2,unassigned,bin,46,0,0,0,0,GSE239721,PT16A
COL6A1,unassigned,bin,46,17,0.380955466792392,21,36.9565,GSE239721,PT16A
COL6A2,unassigned,bin,46,28,0.704094885187466,46,60.8696,GSE239721,PT16A
COL6A3,unassigned,bin,46,0,0,0,0,GSE239721,PT16A
FN1,unassigned,bin,46,0,0,0,0,GSE239721,PT16A
LUM,unassigned,bin,46,0,0,0,0,GSE239721,PT16A
DCN,unassigned,bin,46,0,0,0,0,GSE239721,PT16A
POSTN,unassigned,bin,46,0,0,0,0,GSE239721,PT16A
SPARC,unassigned,bin,46,11,0.230656887987169,16,23.913,GSE239721,PT16A
BGN,unassigned,bin,46,0,0,0,0,GSE239721,PT16A
VCAN,unassigned,bin,46,0,0,0,0,GSE239721,PT16A
ELN,unassigned,bin,46,10,0.209100046750375,13,21.7391,GSE239721,PT16A
FBN1,unassigned,bin,46,4,0.0921068425198135,6,8.6957,GSE239721,PT16A
MGP,unassigned,bin,46,0,0,0,0,GSE239721,PT16A
OGN,unassigned,bin,46,0,0,0,0,GSE239721,PT16A
ASPN,unassigned,bin,46,0,0,0,0,GSE239721,PT16A
TNC,unassigned,bin,46,0,0,0,0,GSE239721,PT16A
LTBP1,unassigned,bin,46,0,0,0,0,GSE239721,PT16A
LTBP2,unassigned,bin,46,0,0,0,0,GSE239721,PT16A
LOX,unassigned,bin,46,0,0,0,0,GSE239721,PT16A
LOXL1,unassigned,bin,46,1,0.023022552111922,1,2.1739,GSE239721,PT16A
LOXL2,unassigned,bin,46,2,0.0263245791620656,2,4.3478,GSE239721,PT16A
PLOD1,unassigned,bin,46,7,0.148808013511442,7,15.2174,GSE239721,PT16A
PLOD2,unassigned,bin,46,0,0,0,0,GSE239721,PT16A
SERPINH1,unassigned,bin,46,9,0.166129323473872,11,19.5652,GSE239721,PT16A
SERPINE1,unassigned,bin,46,3,0.0984611885584652,7,6.5217,GSE239721,PT16A
TIMP1,unassigned,bin,46,36,1.12420058141337,91,78.2609,GSE239721,PT16A
TIMP2,unassigned,bin,46,8,0.161138108779488,8,17.3913,GSE239721,PT16A
TIMP3,unassigned,bin,46,28,0.84282463702196,71,60.8696,GSE239721,PT16A
MMP2,unassigned,bin,46,0,0,0,0,GSE239721,PT16A
MMP9,unassigned,bin,46,0,0,0,0,GSE239721,PT16A
MMP14,unassigned,bin,46,0,0,0,0,GSE239721,PT16A
CTSK,unassigned,bin,46,0,0,0,0,GSE239721,PT16A
ADAMTS1,unassigned,bin,46,0,0,0,0,GSE239721,PT16A
TGFB1,unassigned,bin,46,31,0.741676467098325,46,67.3913,GSE239721,PT16A
TGFB2,unassigned,bin,46,0,0,0,0,GSE239721,PT16A
TGFB3,unassigned,bin,46,0,0,0,0,GSE239721,PT16A
TGFBR1,unassigned,bin,46,12,0.25976828642128,13,26.087,GSE239721,PT16A
TGFBR2,unassigned,bin,46,14,0.328279159607388,18,30.4348,GSE239721,PT16A
PDGFA,unassigned,bin,46,8,0.167700844902194,12,17.3913,GSE239721,PT16A
PDGFB,unassigned,bin,46,0,0,0,0,GSE239721,PT16A
PDGFRA,unassigned,bin,46,0,0,0,0,GSE239721,PT16A
PDGFRB,unassigned,bin,46,0,0,0,0,GSE239721,PT16A
CCN2,unassigned,bin,46,0,0,0,0,GSE239721,PT16A
CCN1,unassigned,bin,46,9,0.197842006822202,12,19.5652,GSE239721,PT16A
IGF1,unassigned,bin,46,0,0,0,0,GSE239721,PT16A
IGF2,unassigned,bin,46,0,0,0,0,GSE239721,PT16A
VEGFA,unassigned,bin,46,0,0,0,0,GSE239721,PT16A
FGF2,unassigned,bin,46,0,0,0,0,GSE239721,PT16A
HGF,unassigned,bin,46,2,0.0283577097624044,2,4.3478,GSE239721,PT16A
OSM,unassigned,bin,46,0,0,0,0,GSE239721,PT16A
OSMR,unassigned,bin,46,1,0.0230600651858586,1,2.1739,GSE239721,PT16A
IL11,unassigned,bin,46,0,0,0,0,GSE239721,PT16A
SPP1,unassigned,bin,46,1,0.0267769362761665,2,2.1739,GSE239721,PT16A
IL1B,unassigned,bin,46,12,0.32850816017435,21,26.087,GSE239721,PT16A
IL6,unassigned,bin,46,1,0.0172742747983653,1,2.1739,GSE239721,PT16A
TNF,unassigned,bin,46,18,0.556600983197268,53,39.1304,GSE239721,PT16A
CXCL8,unassigned,bin,46,7,0.169041093478451,13,15.2174,GSE239721,PT16A
IL10,unassigned,bin,46,0,0,0,0,GSE239721,PT16A
IFNG,unassigned,bin,46,1,0.0182359682273827,1,2.1739,GSE239721,PT16A
CCL2,unassigned,bin,46,0,0,0,0,GSE239721,PT16A
CCL3,unassigned,bin,46,0,0,0,0,GSE239721,PT16A
CCL4,unassigned,bin,46,1,0.0117283247819416,1,2.1739,GSE239721,PT16A
CXCL1,unassigned,bin,46,3,0.0501900323724242,3,6.5217,GSE239721,PT16A
CXCL2,unassigned,bin,46,7,0.149273501420406,8,15.2174,GSE239721,PT16A
IL18,unassigned,bin,46,20,0.426292780004475,28,43.4783,GSE239721,PT16A
NLRP3,unassigned,bin,46,2,0.0325618000045268,2,4.3478,GSE239721,PT16A
S100A8,unassigned,bin,46,4,0.096721451310155,7,8.6957,GSE239721,PT16A
S100A9,unassigned,bin,46,3,0.0755715421756331,8,6.5217,GSE239721,PT16A
PF4,unassigned,bin,46,1,0.0259681772537217,1,2.1739,GSE239721,PT16A
PPBP,unassigned,bin,46,1,0.0383647219417635,5,2.1739,GSE239721,PT16A
VWF,unassigned,bin,46,0,0,0,0,GSE239721,PT16A
ITGA2B,unassigned,bin,46,3,0.0555374411504758,3,6.5217,GSE239721,PT16A
GP9,unassigned,bin,46,1,0.0117283247819416,1,2.1739,GSE239721,PT16A
NFE2,unassigned,bin,46,4,0.0758535060389746,4,8.6957,GSE239721,PT16A
GATA1,unassigned,bin,46,0,0,0,0,GSE239721,PT16A
MPL,unassigned,bin,46,5,0.0807620282589349,5,10.8696,GSE239721,PT16A
CALR,unassigned,bin,46,30,0.802574026229073,58,65.2174,GSE239721,PT16A
JAK2,unassigned,bin,46,16,0.368110671545988,19,34.7826,GSE239721,PT16A
LEPR,unassigned,bin,46,3,0.046183834168377,3,6.5217,GSE239721,PT16A
CXCL12,unassigned,bin,46,0,0,0,0,GSE239721,PT16A
KITLG,unassigned,bin,46,0,0,0,0,GSE239721,PT16A
ANGPT1,unassigned,bin,46,18,0.472581997131169,33,39.1304,GSE239721,PT16A
VCAM1,unassigned,bin,46,0,0,0,0,GSE239721,PT16A
NES,unassigned,bin,46,1,0.0117283247819416,1,2.1739,GSE239721,PT16A
NGFR,unassigned,bin,46,0,0,0,0,GSE239721,PT16A
SFRP2,unassigned,bin,46,0,0,0,0,GSE239721,PT16A
SFRP4,unassigned,bin,46,1,0.0172742747983653,1,2.1739,GSE239721,PT16A
GREM1,unassigned,bin,46,0,0,0,0,GSE239721,PT16A
FAP,unassigned,bin,46,0,0,0,0,GSE239721,PT16A
BGLAP,unassigned,bin,46,4,0.0925428239844393,5,8.6957,GSE239721,PT16A
RUNX2,unassigned,bin,46,23,0.564031789666559,38,50,GSE239721,PT16A
SP7,unassigned,bin,46,0,0,0,0,GSE239721,PT16A
ACTA2,unassigned,bin,46,0,0,0,0,GSE239721,PT16A
TAGLN,unassigned,bin,46,2,0.0368209154615484,2,4.3478,GSE239721,PT16A
RGS5,unassigned,bin,46,0,0,0,0,GSE239721,PT16A
MYH11,unassigned,bin,46,1,0.0191838603618226,1,2.1739,GSE239721,PT16A
CDH5,unassigned,bin,46,1,0.0114469402678173,1,2.1739,GSE239721,PT16A
PECAM1,unassigned,bin,46,23,0.610454052306324,44,50,GSE239721,PT16A
EMCN,unassigned,bin,46,1,0.0259681772537217,1,2.1739,GSE239721,PT16A
HIF1A,unassigned,bin,46,31,0.913562290549448,74,67.3913,GSE239721,PT16A
EPAS1,unassigned,bin,46,1,0.0227897704698103,1,2.1739,GSE239721,PT16A
CA9,unassigned,bin,46,0,0,0,0,GSE239721,PT16A
LDHA,unassigned,bin,46,36,1.12122737294085,100,78.2609,GSE239721,PT16A
SLC2A1,unassigned,bin,46,4,0.0949715697007686,5,8.6957,GSE239721,PT16A
PGK1,unassigned,bin,46,31,0.92075961068259,76,67.3913,GSE239721,PT16A
ADM,unassigned,bin,46,5,0.0879379326507144,6,10.8696,GSE239721,PT16A
BNIP3,unassigned,bin,46,13,0.236242687622704,14,28.2609,GSE239721,PT16A
NDRG1,unassigned,bin,46,12,0.265452102116362,16,26.087,GSE239721,PT16A
SNAI1,unassigned,bin,46,4,0.0932735429124007,5,8.6957,GSE239721,PT16A
SNAI2,unassigned,bin,46,0,0,0,0,GSE239721,PT16A
TWIST1,unassigned,bin,46,0,0,0,0,GSE239721,PT16A
ZEB1,unassigned,bin,46,22,0.52735610150617,31,47.8261,GSE239721,PT16A
ZEB2,unassigned,bin,46,22,0.579978391677256,35,47.8261,GSE239721,PT16A
VIM,unassigned,bin,46,43,4.10221007421177,3124,93.4783,GSE239721,PT16A
CDH2,unassigned,bin,46,0,0,0,0,GSE239721,PT16A
NECTIN4,unassigned,bin,46,0,0,0,0,GSE239721,PT16A
NECTIN1,unassigned,bin,46,0,0,0,0,GSE239721,PT16A
NECTIN2,unassigned,bin,46,4,0.0661999806041886,4,8.6957,GSE239721,PT16A
NECTIN3,unassigned,bin,46,0,0,0,0,GSE239721,PT16A
PVR,unassigned,bin,46,6,0.103470654153009,6,13.0435,GSE239721,PT16A
TIGIT,unassigned,bin,46,1,0.0191838603618226,1,2.1739,GSE239721,PT16A
CD226,unassigned,bin,46,2,0.0460632116439443,2,4.3478,GSE239721,PT16A
CD96,unassigned,bin,46,0,0,0,0,GSE239721,PT16A
C1QA,unassigned,bin,46,0,0,0,0,GSE239721,PT16A
C1QB,unassigned,bin,46,0,0,0,0,GSE239721,PT16A
C1QC,unassigned,bin,46,0,0,0,0,GSE239721,PT16A
CD163,unassigned,bin,46,1,0.0184943737465282,1,2.1739,GSE239721,PT16A
MRC1,unassigned,bin,46,10,0.194583708684348,10,21.7391,GSE239721,PT16A
VSIG4,unassigned,bin,46,0,0,0,0,GSE239721,PT16A
SELENOP,unassigned,bin,46,0,0,0,0,GSE239721,PT16A
STAB1,unassigned,bin,46,5,0.101904339716898,5,10.8696,GSE239721,PT16A
LYVE1,unassigned,bin,46,1,0.0337552057628352,1,2.1739,GSE239721,PT16A
MAF,unassigned,bin,46,2,0.0729321848782412,4,4.3478,GSE239721,PT16A
FCN1,unassigned,bin,46,2,0.0616693425199174,4,4.3478,GSE239721,PT16A
S100A12,unassigned,bin,46,0,0,0,0,GSE239721,PT16A
SELL,unassigned,bin,46,6,0.113347743755955,7,13.0435,GSE239721,PT16A
CSF3R,unassigned,bin,46,5,0.112567337140777,7,10.8696,GSE239721,PT16A
PLAC8,unassigned,bin,46,28,0.899672635332156,69,60.8696,GSE239721,PT16A
COL1A1,Erythroid,bin,120,0,0,0,0,GSE239721,PT16A
COL1A2,Erythroid,bin,120,0,0,0,0,GSE239721,PT16A
COL3A1,Erythroid,bin,120,0,0,0,0,GSE239721,PT16A
COL4A1,Erythroid,bin,120,0,0,0,0,GSE239721,PT16A
COL5A1,Erythroid,bin,120,3,0.0238674998058691,4,2.5,GSE239721,PT16A
COL5A2,Erythroid,bin,120,0,0,0,0,GSE239721,PT16A
COL6A1,Erythroid,bin,120,7,0.0524352491037519,7,5.8333,GSE239721,PT16A
COL6A2,Erythroid,bin,120,11,0.074152502713758,13,9.1667,GSE239721,PT16A
COL6A3,Erythroid,bin,120,0,0,0,0,GSE239721,PT16A
FN1,Erythroid,bin,120,1,0.00351580982250602,1,0.8333,GSE239721,PT16A
LUM,Erythroid,bin,120,0,0,0,0,GSE239721,PT16A
DCN,Erythroid,bin,120,0,0,0,0,GSE239721,PT16A
POSTN,Erythroid,bin,120,0,0,0,0,GSE239721,PT16A
SPARC,Erythroid,bin,120,10,0.0542647564549164,11,8.3333,GSE239721,PT16A
BGN,Erythroid,bin,120,0,0,0,0,GSE239721,PT16A
VCAN,Erythroid,bin,120,0,0,0,0,GSE239721,PT16A
ELN,Erythroid,bin,120,2,0.0173890264600361,2,1.6667,GSE239721,PT16A
FBN1,Erythroid,bin,120,6,0.0444139277119128,7,5,GSE239721,PT16A
MGP,Erythroid,bin,120,0,0,0,0,GSE239721,PT16A
OGN,Erythroid,bin,120,1,0.00440151344801166,1,0.8333,GSE239721,PT16A
ASPN,Erythroid,bin,120,0,0,0,0,GSE239721,PT16A
TNC,Erythroid,bin,120,1,0.00351580982250602,1,0.8333,GSE239721,PT16A
LTBP1,Erythroid,bin,120,2,0.0174756021960092,4,1.6667,GSE239721,PT16A
LTBP2,Erythroid,bin,120,0,0,0,0,GSE239721,PT16A
LOX,Erythroid,bin,120,0,0,0,0,GSE239721,PT16A
LOXL1,Erythroid,bin,120,1,0.00606696131305555,1,0.8333,GSE239721,PT16A
LOXL2,Erythroid,bin,120,0,0,0,0,GSE239721,PT16A
PLOD1,Erythroid,bin,120,16,0.104242250805958,19,13.3333,GSE239721,PT16A
PLOD2,Erythroid,bin,120,0,0,0,0,GSE239721,PT16A
SERPINH1,Erythroid,bin,120,34,0.247684326180139,40,28.3333,GSE239721,PT16A
SERPINE1,Erythroid,bin,120,15,0.129586992608852,35,12.5,GSE239721,PT16A
TIMP1,Erythroid,bin,120,80,0.880702897768817,227,66.6667,GSE239721,PT16A
TIMP2,Erythroid,bin,120,6,0.0349087585158444,6,5,GSE239721,PT16A
TIMP3,Erythroid,bin,120,45,0.385678440612301,78,37.5,GSE239721,PT16A
MMP2,Erythroid,bin,120,0,0,0,0,GSE239721,PT16A
MMP9,Erythroid,bin,120,1,0.00471228743568683,1,0.8333,GSE239721,PT16A
MMP14,Erythroid,bin,120,1,0.0047301435180927,1,0.8333,GSE239721,PT16A
CTSK,Erythroid,bin,120,1,0.0100504456998812,1,0.8333,GSE239721,PT16A
ADAMTS1,Erythroid,bin,120,0,0,0,0,GSE239721,PT16A
TGFB1,Erythroid,bin,120,75,0.735886580398751,156,62.5,GSE239721,PT16A
TGFB2,Erythroid,bin,120,0,0,0,0,GSE239721,PT16A
TGFB3,Erythroid,bin,120,1,0.00604580709946855,1,0.8333,GSE239721,PT16A
TGFBR1,Erythroid,bin,120,11,0.0928012818856847,12,9.1667,GSE239721,PT16A
TGFBR2,Erythroid,bin,120,17,0.12657159506299,20,14.1667,GSE239721,PT16A
PDGFA,Erythroid,bin,120,5,0.0398982229030971,6,4.1667,GSE239721,PT16A
PDGFB,Erythroid,bin,120,0,0,0,0,GSE239721,PT16A
PDGFRA,Erythroid,bin,120,0,0,0,0,GSE239721,PT16A
PDGFRB,Erythroid,bin,120,0,0,0,0,GSE239721,PT16A
CCN2,Erythroid,bin,120,0,0,0,0,GSE239721,PT16A
CCN1,Erythroid,bin,120,13,0.0893585470382438,18,10.8333,GSE239721,PT16A
IGF1,Erythroid,bin,120,0,0,0,0,GSE239721,PT16A
IGF2,Erythroid,bin,120,0,0,0,0,GSE239721,PT16A
VEGFA,Erythroid,bin,120,1,0.00834672275431439,1,0.8333,GSE239721,PT16A
FGF2,Erythroid,bin,120,0,0,0,0,GSE239721,PT16A
HGF,Erythroid,bin,120,15,0.112956399371043,19,12.5,GSE239721,PT16A
OSM,Erythroid,bin,120,1,0.0136322777194834,3,0.8333,GSE239721,PT16A
OSMR,Erythroid,bin,120,0,0,0,0,GSE239721,PT16A
IL11,Erythroid,bin,120,0,0,0,0,GSE239721,PT16A
SPP1,Erythroid,bin,120,2,0.0159238437592876,3,1.6667,GSE239721,PT16A
IL1B,Erythroid,bin,120,72,0.74150388992015,156,60,GSE239721,PT16A
IL6,Erythroid,bin,120,1,0.0047301435180927,1,0.8333,GSE239721,PT16A
TNF,Erythroid,bin,120,18,0.151819992591733,35,15,GSE239721,PT16A
CXCL8,Erythroid,bin,120,27,0.317705400508575,78,22.5,GSE239721,PT16A
IL10,Erythroid,bin,120,0,0,0,0,GSE239721,PT16A
IFNG,Erythroid,bin,120,0,0,0,0,GSE239721,PT16A
CCL2,Erythroid,bin,120,4,0.0459435789340324,18,3.3333,GSE239721,PT16A
CCL3,Erythroid,bin,120,1,0.00721876114974535,1,0.8333,GSE239721,PT16A
CCL4,Erythroid,bin,120,1,0.00728392594239385,1,0.8333,GSE239721,PT16A
CXCL1,Erythroid,bin,120,3,0.0383079942279291,7,2.5,GSE239721,PT16A
CXCL2,Erythroid,bin,120,31,0.296325467120819,66,25.8333,GSE239721,PT16A
IL18,Erythroid,bin,120,46,0.357320180639769,63,38.3333,GSE239721,PT16A
NLRP3,Erythroid,bin,120,3,0.0217907595335815,3,2.5,GSE239721,PT16A
S100A8,Erythroid,bin,120,6,0.0365291522732744,6,5,GSE239721,PT16A
S100A9,Erythroid,bin,120,4,0.0292650382379874,4,3.3333,GSE239721,PT16A
PF4,Erythroid,bin,120,0,0,0,0,GSE239721,PT16A
PPBP,Erythroid,bin,120,0,0,0,0,GSE239721,PT16A
VWF,Erythroid,bin,120,3,0.0193520119920016,3,2.5,GSE239721,PT16A
ITGA2B,Erythroid,bin,120,44,0.42202209231696,109,36.6667,GSE239721,PT16A
GP9,Erythroid,bin,120,4,0.0235827678443751,5,3.3333,GSE239721,PT16A
NFE2,Erythroid,bin,120,87,0.868673514285133,179,72.5,GSE239721,PT16A
GATA1,Erythroid,bin,120,35,0.352656912318158,86,29.1667,GSE239721,PT16A
MPL,Erythroid,bin,120,3,0.0223587719784496,3,2.5,GSE239721,PT16A
CALR,Erythroid,bin,120,104,1.58315574680861,564,86.6667,GSE239721,PT16A
JAK2,Erythroid,bin,120,32,0.262012267628804,43,26.6667,GSE239721,PT16A
LEPR,Erythroid,bin,120,7,0.0557134013747335,8,5.8333,GSE239721,PT16A
CXCL12,Erythroid,bin,120,0,0,0,0,GSE239721,PT16A
KITLG,Erythroid,bin,120,0,0,0,0,GSE239721,PT16A
ANGPT1,Erythroid,bin,120,74,0.743541537671697,156,61.6667,GSE239721,PT16A
VCAM1,Erythroid,bin,120,0,0,0,0,GSE239721,PT16A
NES,Erythroid,bin,120,0,0,0,0,GSE239721,PT16A
NGFR,Erythroid,bin,120,0,0,0,0,GSE239721,PT16A
SFRP2,Erythroid,bin,120,0,0,0,0,GSE239721,PT16A
SFRP4,Erythroid,bin,120,0,0,0,0,GSE239721,PT16A
GREM1,Erythroid,bin,120,0,0,0,0,GSE239721,PT16A
FAP,Erythroid,bin,120,0,0,0,0,GSE239721,PT16A
BGLAP,Erythroid,bin,120,0,0,0,0,GSE239721,PT16A
RUNX2,Erythroid,bin,120,36,0.287301944930867,47,30,GSE239721,PT16A
SP7,Erythroid,bin,120,0,0,0,0,GSE239721,PT16A
ACTA2,Erythroid,bin,120,1,0.005941860229153,1,0.8333,GSE239721,PT16A
TAGLN,Erythroid,bin,120,2,0.00930841838249051,2,1.6667,GSE239721,PT16A
RGS5,Erythroid,bin,120,0,0,0,0,GSE239721,PT16A
MYH11,Erythroid,bin,120,1,0.00290286219078572,1,0.8333,GSE239721,PT16A
CDH5,Erythroid,bin,120,1,0.0047301435180927,1,0.8333,GSE239721,PT16A
PECAM1,Erythroid,bin,120,46,0.390614030796259,75,38.3333,GSE239721,PT16A
EMCN,Erythroid,bin,120,2,0.012240188669338,3,1.6667,GSE239721,PT16A
HIF1A,Erythroid,bin,120,84,0.863394921999309,189,70,GSE239721,PT16A
EPAS1,Erythroid,bin,120,1,0.00671007649709279,1,0.8333,GSE239721,PT16A
CA9,Erythroid,bin,120,0,0,0,0,GSE239721,PT16A
LDHA,Erythroid,bin,120,96,1.13226645529412,319,80,GSE239721,PT16A
SLC2A1,Erythroid,bin,120,7,0.0369875153993018,7,5.8333,GSE239721,PT16A
PGK1,Erythroid,bin,120,108,1.31585484962448,349,90,GSE239721,PT16A
ADM,Erythroid,bin,120,7,0.0625517340845142,9,5.8333,GSE239721,PT16A
BNIP3,Erythroid,bin,120,22,0.147195873450091,23,18.3333,GSE239721,PT16A
NDRG1,Erythroid,bin,120,8,0.0595000052599738,10,6.6667,GSE239721,PT16A
SNAI1,Erythroid,bin,120,2,0.0141934155978271,2,1.6667,GSE239721,PT16A
SNAI2,Erythroid,bin,120,0,0,0,0,GSE239721,PT16A
TWIST1,Erythroid,bin,120,0,0,0,0,GSE239721,PT16A
ZEB1,Erythroid,bin,120,30,0.221264899584708,38,25,GSE239721,PT16A
ZEB2,Erythroid,bin,120,102,1.18907931386284,281,85,GSE239721,PT16A
VIM,Erythroid,bin,120,98,1.62375749524559,680,81.6667,GSE239721,PT16A
CDH2,Erythroid,bin,120,0,0,0,0,GSE239721,PT16A
NECTIN4,Erythroid,bin,120,0,0,0,0,GSE239721,PT16A
NECTIN1,Erythroid,bin,120,4,0.0194162518110656,4,3.3333,GSE239721,PT16A
NECTIN2,Erythroid,bin,120,22,0.145585122331408,27,18.3333,GSE239721,PT16A
NECTIN3,Erythroid,bin,120,0,0,0,0,GSE239721,PT16A
PVR,Erythroid,bin,120,7,0.0396942478739589,7,5.8333,GSE239721,PT16A
TIGIT,Erythroid,bin,120,0,0,0,0,GSE239721,PT16A
CD226,Erythroid,bin,120,2,0.00798119898945869,2,1.6667,GSE239721,PT16A
CD96,Erythroid,bin,120,0,0,0,0,GSE239721,PT16A
C1QA,Erythroid,bin,120,0,0,0,0,GSE239721,PT16A
C1QB,Erythroid,bin,120,0,0,0,0,GSE239721,PT16A
C1QC,Erythroid,bin,120,0,0,0,0,GSE239721,PT16A
CD163,Erythroid,bin,120,1,0.00578708100580843,1,0.8333,GSE239721,PT16A
MRC1,Erythroid,bin,120,0,0,0,0,GSE239721,PT16A
VSIG4,Erythroid,bin,120,1,0.00440151344801166,1,0.8333,GSE239721,PT16A
SELENOP,Erythroid,bin,120,1,0.00375962921963727,1,0.8333,GSE239721,PT16A
STAB1,Erythroid,bin,120,6,0.0496852506720131,6,5,GSE239721,PT16A
LYVE1,Erythroid,bin,120,0,0,0,0,GSE239721,PT16A
MAF,Erythroid,bin,120,2,0.0195715767280467,2,1.6667,GSE239721,PT16A
FCN1,Erythroid,bin,120,0,0,0,0,GSE239721,PT16A
S100A12,Erythroid,bin,120,1,0.00802882363059766,1,0.8333,GSE239721,PT16A
SELL,Erythroid,bin,120,48,0.479310307263726,91,40,GSE239721,PT16A
CSF3R,Erythroid,bin,120,29,0.229037799313287,40,24.1667,GSE239721,PT16A
PLAC8,Erythroid,bin,120,94,1.10621281171928,276,78.3333,GSE239721,PT16A
COL1A1,B_Plasma,bin,3,0,0,0,0,GSE239721,PT16A
COL1A2,B_Plasma,bin,3,0,0,0,0,GSE239721,PT16A
COL3A1,B_Plasma,bin,3,0,0,0,0,GSE239721,PT16A
COL4A1,B_Plasma,bin,3,0,0,0,0,GSE239721,PT16A
COL5A1,B_Plasma,bin,3,0,0,0,0,GSE239721,PT16A
COL5A2,B_Plasma,bin,3,0,0,0,0,GSE239721,PT16A
COL6A1,B_Plasma,bin,3,0,0,0,0,GSE239721,PT16A
COL6A2,B_Plasma,bin,3,0,0,0,0,GSE239721,PT16A
COL6A3,B_Plasma,bin,3,0,0,0,0,GSE239721,PT16A
FN1,B_Plasma,bin,3,0,0,0,0,GSE239721,PT16A
LUM,B_Plasma,bin,3,0,0,0,0,GSE239721,PT16A
DCN,B_Plasma,bin,3,0,0,0,0,GSE239721,PT16A
POSTN,B_Plasma,bin,3,0,0,0,0,GSE239721,PT16A
SPARC,B_Plasma,bin,3,1,0.341615949386822,1,33.3333,GSE239721,PT16A
BGN,B_Plasma,bin,3,0,0,0,0,GSE239721,PT16A
VCAN,B_Plasma,bin,3,0,0,0,0,GSE239721,PT16A
ELN,B_Plasma,bin,3,0,0,0,0,GSE239721,PT16A
FBN1,B_Plasma,bin,3,0,0,0,0,GSE239721,PT16A
MGP,B_Plasma,bin,3,0,0,0,0,GSE239721,PT16A
OGN,B_Plasma,bin,3,0,0,0,0,GSE239721,PT16A
ASPN,B_Plasma,bin,3,0,0,0,0,GSE239721,PT16A
TNC,B_Plasma,bin,3,0,0,0,0,GSE239721,PT16A
LTBP1,B_Plasma,bin,3,0,0,0,0,GSE239721,PT16A
LTBP2,B_Plasma,bin,3,0,0,0,0,GSE239721,PT16A
LOX,B_Plasma,bin,3,0,0,0,0,GSE239721,PT16A
LOXL1,B_Plasma,bin,3,0,0,0,0,GSE239721,PT16A
LOXL2,B_Plasma,bin,3,0,0,0,0,GSE239721,PT16A
PLOD1,B_Plasma,bin,3,0,0,0,0,GSE239721,PT16A
PLOD2,B_Plasma,bin,3,0,0,0,0,GSE239721,PT16A
SERPINH1,B_Plasma,bin,3,0,0,0,0,GSE239721,PT16A
SERPINE1,B_Plasma,bin,3,0,0,0,0,GSE239721,PT16A
TIMP1,B_Plasma,bin,3,3,1.7010961234473,13,100,GSE239721,PT16A
TIMP2,B_Plasma,bin,3,1,0.265650852361781,1,33.3333,GSE239721,PT16A
TIMP3,B_Plasma,bin,3,0,0,0,0,GSE239721,PT16A
MMP2,B_Plasma,bin,3,0,0,0,0,GSE239721,PT16A
MMP9,B_Plasma,bin,3,0,0,0,0,GSE239721,PT16A
MMP14,B_Plasma,bin,3,0,0,0,0,GSE239721,PT16A
CTSK,B_Plasma,bin,3,0,0,0,0,GSE239721,PT16A
ADAMTS1,B_Plasma,bin,3,0,0,0,0,GSE239721,PT16A
TGFB1,B_Plasma,bin,3,0,0,0,0,GSE239721,PT16A
TGFB2,B_Plasma,bin,3,0,0,0,0,GSE239721,PT16A
TGFB3,B_Plasma,bin,3,0,0,0,0,GSE239721,PT16A
TGFBR1,B_Plasma,bin,3,0,0,0,0,GSE239721,PT16A
TGFBR2,B_Plasma,bin,3,1,0.341615949386822,1,33.3333,GSE239721,PT16A
PDGFA,B_Plasma,bin,3,0,0,0,0,GSE239721,PT16A
PDGFB,B_Plasma,bin,3,0,0,0,0,GSE239721,PT16A
PDGFRA,B_Plasma,bin,3,0,0,0,0,GSE239721,PT16A
PDGFRB,B_Plasma,bin,3,0,0,0,0,GSE239721,PT16A
CCN2,B_Plasma,bin,3,0,0,0,0,GSE239721,PT16A
CCN1,B_Plasma,bin,3,0,0,0,0,GSE239721,PT16A
IGF1,B_Plasma,bin,3,0,0,0,0,GSE239721,PT16A
IGF2,B_Plasma,bin,3,0,0,0,0,GSE239721,PT16A
VEGFA,B_Plasma,bin,3,0,0,0,0,GSE239721,PT16A
FGF2,B_Plasma,bin,3,0,0,0,0,GSE239721,PT16A
HGF,B_Plasma,bin,3,0,0,0,0,GSE239721,PT16A
OSM,B_Plasma,bin,3,0,0,0,0,GSE239721,PT16A
OSMR,B_Plasma,bin,3,0,0,0,0,GSE239721,PT16A
IL11,B_Plasma,bin,3,0,0,0,0,GSE239721,PT16A
SPP1,B_Plasma,bin,3,0,0,0,0,GSE239721,PT16A
IL1B,B_Plasma,bin,3,0,0,0,0,GSE239721,PT16A
IL6,B_Plasma,bin,3,0,0,0,0,GSE239721,PT16A
TNF,B_Plasma,bin,3,0,0,0,0,GSE239721,PT16A
CXCL8,B_Plasma,bin,3,0,0,0,0,GSE239721,PT16A
IL10,B_Plasma,bin,3,0,0,0,0,GSE239721,PT16A
IFNG,B_Plasma,bin,3,0,0,0,0,GSE239721,PT16A
CCL2,B_Plasma,bin,3,0,0,0,0,GSE239721,PT16A
CCL3,B_Plasma,bin,3,0,0,0,0,GSE239721,PT16A
CCL4,B_Plasma,bin,3,0,0,0,0,GSE239721,PT16A
CXCL1,B_Plasma,bin,3,0,0,0,0,GSE239721,PT16A
CXCL2,B_Plasma,bin,3,0,0,0,0,GSE239721,PT16A
IL18,B_Plasma,bin,3,0,0,0,0,GSE239721,PT16A
NLRP3,B_Plasma,bin,3,0,0,0,0,GSE239721,PT16A
S100A8,B_Plasma,bin,3,0,0,0,0,GSE239721,PT16A
S100A9,B_Plasma,bin,3,1,0.203431260665384,1,33.3333,GSE239721,PT16A
PF4,B_Plasma,bin,3,0,0,0,0,GSE239721,PT16A
PPBP,B_Plasma,bin,3,1,0.341615949386822,1,33.3333,GSE239721,PT16A
VWF,B_Plasma,bin,3,0,0,0,0,GSE239721,PT16A
ITGA2B,B_Plasma,bin,3,0,0,0,0,GSE239721,PT16A
GP9,B_Plasma,bin,3,0,0,0,0,GSE239721,PT16A
NFE2,B_Plasma,bin,3,0,0,0,0,GSE239721,PT16A
GATA1,B_Plasma,bin,3,0,0,0,0,GSE239721,PT16A
MPL,B_Plasma,bin,3,0,0,0,0,GSE239721,PT16A
CALR,B_Plasma,bin,3,3,2.19463261002369,23,100,GSE239721,PT16A
JAK2,B_Plasma,bin,3,0,0,0,0,GSE239721,PT16A
LEPR,B_Plasma,bin,3,0,0,0,0,GSE239721,PT16A
CXCL12,B_Plasma,bin,3,0,0,0,0,GSE239721,PT16A
KITLG,B_Plasma,bin,3,0,0,0,0,GSE239721,PT16A
ANGPT1,B_Plasma,bin,3,0,0,0,0,GSE239721,PT16A
VCAM1,B_Plasma,bin,3,0,0,0,0,GSE239721,PT16A
NES,B_Plasma,bin,3,0,0,0,0,GSE239721,PT16A
NGFR,B_Plasma,bin,3,0,0,0,0,GSE239721,PT16A
SFRP2,B_Plasma,bin,3,0,0,0,0,GSE239721,PT16A
SFRP4,B_Plasma,bin,3,0,0,0,0,GSE239721,PT16A
GREM1,B_Plasma,bin,3,0,0,0,0,GSE239721,PT16A
FAP,B_Plasma,bin,3,0,0,0,0,GSE239721,PT16A
BGLAP,B_Plasma,bin,3,0,0,0,0,GSE239721,PT16A
RUNX2,B_Plasma,bin,3,0,0,0,0,GSE239721,PT16A
SP7,B_Plasma,bin,3,0,0,0,0,GSE239721,PT16A
ACTA2,B_Plasma,bin,3,0,0,0,0,GSE239721,PT16A
TAGLN,B_Plasma,bin,3,0,0,0,0,GSE239721,PT16A
RGS5,B_Plasma,bin,3,0,0,0,0,GSE239721,PT16A
MYH11,B_Plasma,bin,3,0,0,0,0,GSE239721,PT16A
CDH5,B_Plasma,bin,3,0,0,0,0,GSE239721,PT16A
PECAM1,B_Plasma,bin,3,3,0.810698062413986,3,100,GSE239721,PT16A
EMCN,B_Plasma,bin,3,0,0,0,0,GSE239721,PT16A
HIF1A,B_Plasma,bin,3,0,0,0,0,GSE239721,PT16A
EPAS1,B_Plasma,bin,3,0,0,0,0,GSE239721,PT16A
CA9,B_Plasma,bin,3,0,0,0,0,GSE239721,PT16A
LDHA,B_Plasma,bin,3,1,0.203431260665384,1,33.3333,GSE239721,PT16A
SLC2A1,B_Plasma,bin,3,0,0,0,0,GSE239721,PT16A
PGK1,B_Plasma,bin,3,1,0.265650852361781,1,33.3333,GSE239721,PT16A
ADM,B_Plasma,bin,3,1,0.341615949386822,1,33.3333,GSE239721,PT16A
BNIP3,B_Plasma,bin,3,1,0.265650852361781,1,33.3333,GSE239721,PT16A
NDRG1,B_Plasma,bin,3,0,0,0,0,GSE239721,PT16A
SNAI1,B_Plasma,bin,3,1,0.506748139069768,2,33.3333,GSE239721,PT16A
SNAI2,B_Plasma,bin,3,0,0,0,0,GSE239721,PT16A
TWIST1,B_Plasma,bin,3,0,0,0,0,GSE239721,PT16A
ZEB1,B_Plasma,bin,3,0,0,0,0,GSE239721,PT16A
ZEB2,B_Plasma,bin,3,0,0,0,0,GSE239721,PT16A
VIM,B_Plasma,bin,3,2,0.761379014474956,4,66.6667,GSE239721,PT16A
CDH2,B_Plasma,bin,3,0,0,0,0,GSE239721,PT16A
NECTIN4,B_Plasma,bin,3,0,0,0,0,GSE239721,PT16A
NECTIN1,B_Plasma,bin,3,0,0,0,0,GSE239721,PT16A
NECTIN2,B_Plasma,bin,3,0,0,0,0,GSE239721,PT16A
NECTIN3,B_Plasma,bin,3,0,0,0,0,GSE239721,PT16A
PVR,B_Plasma,bin,3,0,0,0,0,GSE239721,PT16A
TIGIT,B_Plasma,bin,3,0,0,0,0,GSE239721,PT16A
CD226,B_Plasma,bin,3,0,0,0,0,GSE239721,PT16A
CD96,B_Plasma,bin,3,0,0,0,0,GSE239721,PT16A
C1QA,B_Plasma,bin,3,0,0,0,0,GSE239721,PT16A
C1QB,B_Plasma,bin,3,0,0,0,0,GSE239721,PT16A
C1QC,B_Plasma,bin,3,0,0,0,0,GSE239721,PT16A
CD163,B_Plasma,bin,3,0,0,0,0,GSE239721,PT16A
MRC1,B_Plasma,bin,3,0,0,0,0,GSE239721,PT16A
VSIG4,B_Plasma,bin,3,0,0,0,0,GSE239721,PT16A
SELENOP,B_Plasma,bin,3,1,0.265650852361781,1,33.3333,GSE239721,PT16A
STAB1,B_Plasma,bin,3,0,0,0,0,GSE239721,PT16A
LYVE1,B_Plasma,bin,3,0,0,0,0,GSE239721,PT16A
MAF,B_Plasma,bin,3,0,0,0,0,GSE239721,PT16A
FCN1,B_Plasma,bin,3,0,0,0,0,GSE239721,PT16A
S100A12,B_Plasma,bin,3,0,0,0,0,GSE239721,PT16A
SELL,B_Plasma,bin,3,0,0,0,0,GSE239721,PT16A
CSF3R,B_Plasma,bin,3,0,0,0,0,GSE239721,PT16A
PLAC8,B_Plasma,bin,3,0,0,0,0,GSE239721,PT16A
COL1A1,T_NK,bin,23,0,0,0,0,GSE239721,PT16A
COL1A2,T_NK,bin,23,0,0,0,0,GSE239721,PT16A
COL3A1,T_NK,bin,23,0,0,0,0,GSE239721,PT16A
COL4A1,T_NK,bin,23,0,0,0,0,GSE239721,PT16A
COL5A1,T_NK,bin,23,4,0.187550885045541,4,17.3913,GSE239721,PT16A
COL5A2,T_NK,bin,23,0,0,0,0,GSE239721,PT16A
COL6A1,T_NK,bin,23,1,0.0349675024336559,1,4.3478,GSE239721,PT16A
COL6A2,T_NK,bin,23,5,0.238827681456835,6,21.7391,GSE239721,PT16A
COL6A3,T_NK,bin,23,0,0,0,0,GSE239721,PT16A
FN1,T_NK,bin,23,0,0,0,0,GSE239721,PT16A
LUM,T_NK,bin,23,0,0,0,0,GSE239721,PT16A
DCN,T_NK,bin,23,0,0,0,0,GSE239721,PT16A
POSTN,T_NK,bin,23,0,0,0,0,GSE239721,PT16A
SPARC,T_NK,bin,23,6,0.248178402453668,6,26.087,GSE239721,PT16A
BGN,T_NK,bin,23,0,0,0,0,GSE239721,PT16A
VCAN,T_NK,bin,23,0,0,0,0,GSE239721,PT16A
ELN,T_NK,bin,23,3,0.105337866209081,3,13.0435,GSE239721,PT16A
FBN1,T_NK,bin,23,3,0.115227316809264,3,13.0435,GSE239721,PT16A
MGP,T_NK,bin,23,0,0,0,0,GSE239721,PT16A
OGN,T_NK,bin,23,1,0.0755154635559658,1,4.3478,GSE239721,PT16A
ASPN,T_NK,bin,23,0,0,0,0,GSE239721,PT16A
TNC,T_NK,bin,23,0,0,0,0,GSE239721,PT16A
LTBP1,T_NK,bin,23,0,0,0,0,GSE239721,PT16A
LTBP2,T_NK,bin,23,0,0,0,0,GSE239721,PT16A
LOX,T_NK,bin,23,1,0.0409911870320124,1,4.3478,GSE239721,PT16A
LOXL1,T_NK,bin,23,0,0,0,0,GSE239721,PT16A
LOXL2,T_NK,bin,23,0,0,0,0,GSE239721,PT16A
PLOD1,T_NK,bin,23,2,0.071174494241432,2,8.6957,GSE239721,PT16A
PLOD2,T_NK,bin,23,0,0,0,0,GSE239721,PT16A
SERPINH1,T_NK,bin,23,7,0.30063955250068,8,30.4348,GSE239721,PT16A
SERPINE1,T_NK,bin,23,0,0,0,0,GSE239721,PT16A
TIMP1,T_NK,bin,23,13,0.772194207865418,28,56.5217,GSE239721,PT16A
TIMP2,T_NK,bin,23,3,0.102369544121781,3,13.0435,GSE239721,PT16A
TIMP3,T_NK,bin,23,14,0.87658837050899,32,60.8696,GSE239721,PT16A
MMP2,T_NK,bin,23,0,0,0,0,GSE239721,PT16A
MMP9,T_NK,bin,23,0,0,0,0,GSE239721,PT16A
MMP14,T_NK,bin,23,0,0,0,0,GSE239721,PT16A
CTSK,T_NK,bin,23,0,0,0,0,GSE239721,PT16A
ADAMTS1,T_NK,bin,23,0,0,0,0,GSE239721,PT16A
TGFB1,T_NK,bin,23,15,0.786733838795048,21,65.2174,GSE239721,PT16A
TGFB2,T_NK,bin,23,0,0,0,0,GSE239721,PT16A
TGFB3,T_NK,bin,23,0,0,0,0,GSE239721,PT16A
TGFBR1,T_NK,bin,23,5,0.217122622989452,5,21.7391,GSE239721,PT16A
TGFBR2,T_NK,bin,23,3,0.117506824391546,3,13.0435,GSE239721,PT16A
PDGFA,T_NK,bin,23,1,0.0440228066157119,1,4.3478,GSE239721,PT16A
PDGFB,T_NK,bin,23,0,0,0,0,GSE239721,PT16A
PDGFRA,T_NK,bin,23,0,0,0,0,GSE239721,PT16A
PDGFRB,T_NK,bin,23,0,0,0,0,GSE239721,PT16A
CCN2,T_NK,bin,23,0,0,0,0,GSE239721,PT16A
CCN1,T_NK,bin,23,3,0.152842950945203,5,13.0435,GSE239721,PT16A
IGF1,T_NK,bin,23,0,0,0,0,GSE239721,PT16A
IGF2,T_NK,bin,23,0,0,0,0,GSE239721,PT16A
VEGFA,T_NK,bin,23,0,0,0,0,GSE239721,PT16A
FGF2,T_NK,bin,23,0,0,0,0,GSE239721,PT16A
HGF,T_NK,bin,23,1,0.0409911870320124,1,4.3478,GSE239721,PT16A
OSM,T_NK,bin,23,1,0.0467688119753963,1,4.3478,GSE239721,PT16A
OSMR,T_NK,bin,23,0,0,0,0,GSE239721,PT16A
IL11,T_NK,bin,23,0,0,0,0,GSE239721,PT16A
SPP1,T_NK,bin,23,0,0,0,0,GSE239721,PT16A
IL1B,T_NK,bin,23,1,0.040866807682277,1,4.3478,GSE239721,PT16A
IL6,T_NK,bin,23,0,0,0,0,GSE239721,PT16A
TNF,T_NK,bin,23,2,0.139639438205519,5,8.6957,GSE239721,PT16A
CXCL8,T_NK,bin,23,1,0.0365174001938233,1,4.3478,GSE239721,PT16A
IL10,T_NK,bin,23,0,0,0,0,GSE239721,PT16A
IFNG,T_NK,bin,23,0,0,0,0,GSE239721,PT16A
CCL2,T_NK,bin,23,0,0,0,0,GSE239721,PT16A
CCL3,T_NK,bin,23,0,0,0,0,GSE239721,PT16A
CCL4,T_NK,bin,23,0,0,0,0,GSE239721,PT16A
CXCL1,T_NK,bin,23,0,0,0,0,GSE239721,PT16A
CXCL2,T_NK,bin,23,1,0.0743318895760321,1,4.3478,GSE239721,PT16A
IL18,T_NK,bin,23,13,0.747607259665684,19,56.5217,GSE239721,PT16A
NLRP3,T_NK,bin,23,1,0.0755154635559658,1,4.3478,GSE239721,PT16A
S100A8,T_NK,bin,23,1,0.032991436955397,1,4.3478,GSE239721,PT16A
S100A9,T_NK,bin,23,0,0,0,0,GSE239721,PT16A
PF4,T_NK,bin,23,1,0.0432891570703383,1,4.3478,GSE239721,PT16A
PPBP,T_NK,bin,23,0,0,0,0,GSE239721,PT16A
VWF,T_NK,bin,23,0,0,0,0,GSE239721,PT16A
ITGA2B,T_NK,bin,23,1,0.061555014131842,2,4.3478,GSE239721,PT16A
GP9,T_NK,bin,23,0,0,0,0,GSE239721,PT16A
NFE2,T_NK,bin,23,1,0.06454555520673,2,4.3478,GSE239721,PT16A
GATA1,T_NK,bin,23,0,0,0,0,GSE239721,PT16A
MPL,T_NK,bin,23,0,0,0,0,GSE239721,PT16A
CALR,T_NK,bin,23,16,1.04985489103669,45,69.5652,GSE239721,PT16A
JAK2,T_NK,bin,23,5,0.251930973783646,8,21.7391,GSE239721,PT16A
LEPR,T_NK,bin,23,1,0.040866807682277,1,4.3478,GSE239721,PT16A
CXCL12,T_NK,bin,23,0,0,0,0,GSE239721,PT16A
KITLG,T_NK,bin,23,0,0,0,0,GSE239721,PT16A
ANGPT1,T_NK,bin,23,7,0.341181765920803,10,30.4348,GSE239721,PT16A
VCAM1,T_NK,bin,23,0,0,0,0,GSE239721,PT16A
NES,T_NK,bin,23,0,0,0,0,GSE239721,PT16A
NGFR,T_NK,bin,23,0,0,0,0,GSE239721,PT16A
SFRP2,T_NK,bin,23,0,0,0,0,GSE239721,PT16A
SFRP4,T_NK,bin,23,0,0,0,0,GSE239721,PT16A
GREM1,T_NK,bin,23,0,0,0,0,GSE239721,PT16A
FAP,T_NK,bin,23,0,0,0,0,GSE239721,PT16A
BGLAP,T_NK,bin,23,2,0.108506900511363,2,8.6957,GSE239721,PT16A
RUNX2,T_NK,bin,23,17,1.09609308607223,27,73.913,GSE239721,PT16A
SP7,T_NK,bin,23,0,0,0,0,GSE239721,PT16A
ACTA2,T_NK,bin,23,0,0,0,0,GSE239721,PT16A
TAGLN,T_NK,bin,23,0,0,0,0,GSE239721,PT16A
RGS5,T_NK,bin,23,0,0,0,0,GSE239721,PT16A
MYH11,T_NK,bin,23,0,0,0,0,GSE239721,PT16A
CDH5,T_NK,bin,23,0,0,0,0,GSE239721,PT16A
PECAM1,T_NK,bin,23,7,0.439810144335815,17,30.4348,GSE239721,PT16A
EMCN,T_NK,bin,23,0,0,0,0,GSE239721,PT16A
HIF1A,T_NK,bin,23,11,0.558393455183615,16,47.8261,GSE239721,PT16A
EPAS1,T_NK,bin,23,0,0,0,0,GSE239721,PT16A
CA9,T_NK,bin,23,0,0,0,0,GSE239721,PT16A
LDHA,T_NK,bin,23,13,0.80854658169198,30,56.5217,GSE239721,PT16A
SLC2A1,T_NK,bin,23,1,0.0349675024336559,1,4.3478,GSE239721,PT16A
PGK1,T_NK,bin,23,16,1.0595793790724,37,69.5652,GSE239721,PT16A
ADM,T_NK,bin,23,0,0,0,0,GSE239721,PT16A
BNIP3,T_NK,bin,23,2,0.0805181826363046,3,8.6957,GSE239721,PT16A
NDRG1,T_NK,bin,23,0,0,0,0,GSE239721,PT16A
SNAI1,T_NK,bin,23,3,0.173445491076408,5,13.0435,GSE239721,PT16A
SNAI2,T_NK,bin,23,0,0,0,0,GSE239721,PT16A
TWIST1,T_NK,bin,23,0,0,0,0,GSE239721,PT16A
ZEB1,T_NK,bin,23,6,0.329038352643497,8,26.087,GSE239721,PT16A
ZEB2,T_NK,bin,23,4,0.184561454301178,7,17.3913,GSE239721,PT16A
VIM,T_NK,bin,23,22,3.33591740762298,596,95.6522,GSE239721,PT16A
CDH2,T_NK,bin,23,0,0,0,0,GSE239721,PT16A
NECTIN4,T_NK,bin,23,0,0,0,0,GSE239721,PT16A
NECTIN1,T_NK,bin,23,1,0.0765208575308119,1,4.3478,GSE239721,PT16A
NECTIN2,T_NK,bin,23,3,0.168374514372818,3,13.0435,GSE239721,PT16A
NECTIN3,T_NK,bin,23,0,0,0,0,GSE239721,PT16A
PVR,T_NK,bin,23,0,0,0,0,GSE239721,PT16A
TIGIT,T_NK,bin,23,0,0,0,0,GSE239721,PT16A
CD226,T_NK,bin,23,0,0,0,0,GSE239721,PT16A
CD96,T_NK,bin,23,1,0.0743318895760321,1,4.3478,GSE239721,PT16A
C1QA,T_NK,bin,23,0,0,0,0,GSE239721,PT16A
C1QB,T_NK,bin,23,0,0,0,0,GSE239721,PT16A
C1QC,T_NK,bin,23,0,0,0,0,GSE239721,PT16A
CD163,T_NK,bin,23,0,0,0,0,GSE239721,PT16A
MRC1,T_NK,bin,23,5,0.168300109508691,5,21.7391,GSE239721,PT16A
VSIG4,T_NK,bin,23,0,0,0,0,GSE239721,PT16A
SELENOP,T_NK,bin,23,0,0,0,0,GSE239721,PT16A
STAB1,T_NK,bin,23,0,0,0,0,GSE239721,PT16A
LYVE1,T_NK,bin,23,0,0,0,0,GSE239721,PT16A
MAF,T_NK,bin,23,1,0.0755154635559658,1,4.3478,GSE239721,PT16A
FCN1,T_NK,bin,23,0,0,0,0,GSE239721,PT16A
S100A12,T_NK,bin,23,0,0,0,0,GSE239721,PT16A
SELL,T_NK,bin,23,3,0.121812237459999,3,13.0435,GSE239721,PT16A
CSF3R,T_NK,bin,23,5,0.253369603351059,6,21.7391,GSE239721,PT16A
PLAC8,T_NK,bin,23,14,0.756532131687383,26,60.8696,GSE239721,PT16A
COL1A1,Mono_DC,bin,2,0,0,0,0,GSE239721,PT16A
COL1A2,Mono_DC,bin,2,0,0,0,0,GSE239721,PT16A
COL3A1,Mono_DC,bin,2,0,0,0,0,GSE239721,PT16A
COL4A1,Mono_DC,bin,2,0,0,0,0,GSE239721,PT16A
COL5A1,Mono_DC,bin,2,0,0,0,0,GSE239721,PT16A
COL5A2,Mono_DC,bin,2,0,0,0,0,GSE239721,PT16A
COL6A1,Mono_DC,bin,2,0,0,0,0,GSE239721,PT16A
COL6A2,Mono_DC,bin,2,1,0.211473807344407,1,50,GSE239721,PT16A
COL6A3,Mono_DC,bin,2,0,0,0,0,GSE239721,PT16A
FN1,Mono_DC,bin,2,0,0,0,0,GSE239721,PT16A
LUM,Mono_DC,bin,2,0,0,0,0,GSE239721,PT16A
DCN,Mono_DC,bin,2,0,0,0,0,GSE239721,PT16A
POSTN,Mono_DC,bin,2,0,0,0,0,GSE239721,PT16A
SPARC,Mono_DC,bin,2,1,0.359628823071436,2,50,GSE239721,PT16A
BGN,Mono_DC,bin,2,0,0,0,0,GSE239721,PT16A
VCAN,Mono_DC,bin,2,0,0,0,0,GSE239721,PT16A
ELN,Mono_DC,bin,2,0,0,0,0,GSE239721,PT16A
FBN1,Mono_DC,bin,2,0,0,0,0,GSE239721,PT16A
MGP,Mono_DC,bin,2,0,0,0,0,GSE239721,PT16A
OGN,Mono_DC,bin,2,0,0,0,0,GSE239721,PT16A
ASPN,Mono_DC,bin,2,0,0,0,0,GSE239721,PT16A
TNC,Mono_DC,bin,2,0,0,0,0,GSE239721,PT16A
LTBP1,Mono_DC,bin,2,0,0,0,0,GSE239721,PT16A
LTBP2,Mono_DC,bin,2,0,0,0,0,GSE239721,PT16A
LOX,Mono_DC,bin,2,0,0,0,0,GSE239721,PT16A
LOXL1,Mono_DC,bin,2,0,0,0,0,GSE239721,PT16A
LOXL2,Mono_DC,bin,2,0,0,0,0,GSE239721,PT16A
PLOD1,Mono_DC,bin,2,0,0,0,0,GSE239721,PT16A
PLOD2,Mono_DC,bin,2,0,0,0,0,GSE239721,PT16A
SERPINH1,Mono_DC,bin,2,1,0.289327450136104,1,50,GSE239721,PT16A
SERPINE1,Mono_DC,bin,2,0,0,0,0,GSE239721,PT16A
TIMP1,Mono_DC,bin,2,2,1.43703168026561,10,100,GSE239721,PT16A
TIMP2,Mono_DC,bin,2,1,0.211473807344407,1,50,GSE239721,PT16A
TIMP3,Mono_DC,bin,2,2,0.500801257480512,2,100,GSE239721,PT16A
MMP2,Mono_DC,bin,2,0,0,0,0,GSE239721,PT16A
MMP9,Mono_DC,bin,2,0,0,0,0,GSE239721,PT16A
MMP14,Mono_DC,bin,2,0,0,0,0,GSE239721,PT16A
CTSK,Mono_DC,bin,2,0,0,0,0,GSE239721,PT16A
ADAMTS1,Mono_DC,bin,2,0,0,0,0,GSE239721,PT16A
TGFB1,Mono_DC,bin,2,2,0.934256575918068,6,100,GSE239721,PT16A
TGFB2,Mono_DC,bin,2,0,0,0,0,GSE239721,PT16A
TGFB3,Mono_DC,bin,2,0,0,0,0,GSE239721,PT16A
TGFBR1,Mono_DC,bin,2,1,0.289327450136104,1,50,GSE239721,PT16A
TGFBR2,Mono_DC,bin,2,0,0,0,0,GSE239721,PT16A
PDGFA,Mono_DC,bin,2,0,0,0,0,GSE239721,PT16A
PDGFB,Mono_DC,bin,2,0,0,0,0,GSE239721,PT16A
PDGFRA,Mono_DC,bin,2,0,0,0,0,GSE239721,PT16A
PDGFRB,Mono_DC,bin,2,0,0,0,0,GSE239721,PT16A
CCN2,Mono_DC,bin,2,0,0,0,0,GSE239721,PT16A
CCN1,Mono_DC,bin,2,0,0,0,0,GSE239721,PT16A
IGF1,Mono_DC,bin,2,0,0,0,0,GSE239721,PT16A
IGF2,Mono_DC,bin,2,0,0,0,0,GSE239721,PT16A
VEGFA,Mono_DC,bin,2,0,0,0,0,GSE239721,PT16A
FGF2,Mono_DC,bin,2,0,0,0,0,GSE239721,PT16A
HGF,Mono_DC,bin,2,1,0.211473807344407,1,50,GSE239721,PT16A
OSM,Mono_DC,bin,2,0,0,0,0,GSE239721,PT16A
OSMR,Mono_DC,bin,2,0,0,0,0,GSE239721,PT16A
IL11,Mono_DC,bin,2,0,0,0,0,GSE239721,PT16A
SPP1,Mono_DC,bin,2,0,0,0,0,GSE239721,PT16A
IL1B,Mono_DC,bin,2,0,0,0,0,GSE239721,PT16A
IL6,Mono_DC,bin,2,0,0,0,0,GSE239721,PT16A
TNF,Mono_DC,bin,2,1,0.359628823071436,2,50,GSE239721,PT16A
CXCL8,Mono_DC,bin,2,0,0,0,0,GSE239721,PT16A
IL10,Mono_DC,bin,2,0,0,0,0,GSE239721,PT16A
IFNG,Mono_DC,bin,2,0,0,0,0,GSE239721,PT16A
CCL2,Mono_DC,bin,2,1,0.289327450136104,1,50,GSE239721,PT16A
CCL3,Mono_DC,bin,2,0,0,0,0,GSE239721,PT16A
CCL4,Mono_DC,bin,2,0,0,0,0,GSE239721,PT16A
CXCL1,Mono_DC,bin,2,0,0,0,0,GSE239721,PT16A
CXCL2,Mono_DC,bin,2,0,0,0,0,GSE239721,PT16A
IL18,Mono_DC,bin,2,2,0.64895627320754,3,100,GSE239721,PT16A
NLRP3,Mono_DC,bin,2,1,0.211473807344407,1,50,GSE239721,PT16A
S100A8,Mono_DC,bin,2,1,0.289327450136104,1,50,GSE239721,PT16A
S100A9,Mono_DC,bin,2,1,0.289327450136104,1,50,GSE239721,PT16A
PF4,Mono_DC,bin,2,0,0,0,0,GSE239721,PT16A
PPBP,Mono_DC,bin,2,0,0,0,0,GSE239721,PT16A
VWF,Mono_DC,bin,2,0,0,0,0,GSE239721,PT16A
ITGA2B,Mono_DC,bin,2,0,0,0,0,GSE239721,PT16A
GP9,Mono_DC,bin,2,0,0,0,0,GSE239721,PT16A
NFE2,Mono_DC,bin,2,0,0,0,0,GSE239721,PT16A
GATA1,Mono_DC,bin,2,0,0,0,0,GSE239721,PT16A
MPL,Mono_DC,bin,2,0,0,0,0,GSE239721,PT16A
CALR,Mono_DC,bin,2,2,0.81609022108137,4,100,GSE239721,PT16A
JAK2,Mono_DC,bin,2,1,0.359628823071436,2,50,GSE239721,PT16A
LEPR,Mono_DC,bin,2,0,0,0,0,GSE239721,PT16A
CXCL12,Mono_DC,bin,2,0,0,0,0,GSE239721,PT16A
KITLG,Mono_DC,bin,2,0,0,0,0,GSE239721,PT16A
ANGPT1,Mono_DC,bin,2,1,0.211473807344407,1,50,GSE239721,PT16A
VCAM1,Mono_DC,bin,2,0,0,0,0,GSE239721,PT16A
NES,Mono_DC,bin,2,0,0,0,0,GSE239721,PT16A
NGFR,Mono_DC,bin,2,0,0,0,0,GSE239721,PT16A
SFRP2,Mono_DC,bin,2,0,0,0,0,GSE239721,PT16A
SFRP4,Mono_DC,bin,2,0,0,0,0,GSE239721,PT16A
GREM1,Mono_DC,bin,2,0,0,0,0,GSE239721,PT16A
FAP,Mono_DC,bin,2,0,0,0,0,GSE239721,PT16A
BGLAP,Mono_DC,bin,2,0,0,0,0,GSE239721,PT16A
RUNX2,Mono_DC,bin,2,1,0.604616413736963,3,50,GSE239721,PT16A
SP7,Mono_DC,bin,2,0,0,0,0,GSE239721,PT16A
ACTA2,Mono_DC,bin,2,0,0,0,0,GSE239721,PT16A
TAGLN,Mono_DC,bin,2,0,0,0,0,GSE239721,PT16A
RGS5,Mono_DC,bin,2,0,0,0,0,GSE239721,PT16A
MYH11,Mono_DC,bin,2,0,0,0,0,GSE239721,PT16A
CDH5,Mono_DC,bin,2,0,0,0,0,GSE239721,PT16A
PECAM1,Mono_DC,bin,2,1,0.289327450136104,1,50,GSE239721,PT16A
EMCN,Mono_DC,bin,2,0,0,0,0,GSE239721,PT16A
HIF1A,Mono_DC,bin,2,1,0.211473807344407,1,50,GSE239721,PT16A
EPAS1,Mono_DC,bin,2,0,0,0,0,GSE239721,PT16A
CA9,Mono_DC,bin,2,0,0,0,0,GSE239721,PT16A
LDHA,Mono_DC,bin,2,2,1.64484966995452,15,100,GSE239721,PT16A
SLC2A1,Mono_DC,bin,2,0,0,0,0,GSE239721,PT16A
PGK1,Mono_DC,bin,2,2,1.34416445903356,9,100,GSE239721,PT16A
ADM,Mono_DC,bin,2,0,0,0,0,GSE239721,PT16A
BNIP3,Mono_DC,bin,2,0,0,0,0,GSE239721,PT16A
NDRG1,Mono_DC,bin,2,0,0,0,0,GSE239721,PT16A
SNAI1,Mono_DC,bin,2,0,0,0,0,GSE239721,PT16A
SNAI2,Mono_DC,bin,2,0,0,0,0,GSE239721,PT16A
TWIST1,Mono_DC,bin,2,0,0,0,0,GSE239721,PT16A
ZEB1,Mono_DC,bin,2,0,0,0,0,GSE239721,PT16A
ZEB2,Mono_DC,bin,2,2,0.64895627320754,3,100,GSE239721,PT16A
VIM,Mono_DC,bin,2,2,3.44513233091725,98,100,GSE239721,PT16A
CDH2,Mono_DC,bin,2,0,0,0,0,GSE239721,PT16A
NECTIN4,Mono_DC,bin,2,0,0,0,0,GSE239721,PT16A
NECTIN1,Mono_DC,bin,2,0,0,0,0,GSE239721,PT16A
NECTIN2,Mono_DC,bin,2,1,0.211473807344407,1,50,GSE239721,PT16A
NECTIN3,Mono_DC,bin,2,0,0,0,0,GSE239721,PT16A
PVR,Mono_DC,bin,2,0,0,0,0,GSE239721,PT16A
TIGIT,Mono_DC,bin,2,0,0,0,0,GSE239721,PT16A
CD226,Mono_DC,bin,2,0,0,0,0,GSE239721,PT16A
CD96,Mono_DC,bin,2,0,0,0,0,GSE239721,PT16A
C1QA,Mono_DC,bin,2,0,0,0,0,GSE239721,PT16A
C1QB,Mono_DC,bin,2,0,0,0,0,GSE239721,PT16A
C1QC,Mono_DC,bin,2,0,0,0,0,GSE239721,PT16A
CD163,Mono_DC,bin,2,0,0,0,0,GSE239721,PT16A
MRC1,Mono_DC,bin,2,2,0.763098682860201,4,100,GSE239721,PT16A
VSIG4,Mono_DC,bin,2,0,0,0,0,GSE239721,PT16A
SELENOP,Mono_DC,bin,2,0,0,0,0,GSE239721,PT16A
STAB1,Mono_DC,bin,2,0,0,0,0,GSE239721,PT16A
LYVE1,Mono_DC,bin,2,0,0,0,0,GSE239721,PT16A
MAF,Mono_DC,bin,2,0,0,0,0,GSE239721,PT16A
FCN1,Mono_DC,bin,2,0,0,0,0,GSE239721,PT16A
S100A12,Mono_DC,bin,2,1,0.289327450136104,1,50,GSE239721,PT16A
SELL,Mono_DC,bin,2,0,0,0,0,GSE239721,PT16A
CSF3R,Mono_DC,bin,2,1,0.359628823071436,2,50,GSE239721,PT16A
PLAC8,Mono_DC,bin,2,2,1.15609893142233,7,100,GSE239721,PT16A
COL1A1,Megakaryocyte,bin,2,0,0,0,0,GSE239721,PT16A
COL1A2,Megakaryocyte,bin,2,0,0,0,0,GSE239721,PT16A
COL3A1,Megakaryocyte,bin,2,0,0,0,0,GSE239721,PT16A
COL4A1,Megakaryocyte,bin,2,0,0,0,0,GSE239721,PT16A
COL5A1,Megakaryocyte,bin,2,0,0,0,0,GSE239721,PT16A
COL5A2,Megakaryocyte,bin,2,0,0,0,0,GSE239721,PT16A
COL6A1,Megakaryocyte,bin,2,0,0,0,0,GSE239721,PT16A
COL6A2,Megakaryocyte,bin,2,2,0.52128306332959,2,100,GSE239721,PT16A
COL6A3,Megakaryocyte,bin,2,0,0,0,0,GSE239721,PT16A
FN1,Megakaryocyte,bin,2,0,0,0,0,GSE239721,PT16A
LUM,Megakaryocyte,bin,2,0,0,0,0,GSE239721,PT16A
DCN,Megakaryocyte,bin,2,0,0,0,0,GSE239721,PT16A
POSTN,Megakaryocyte,bin,2,0,0,0,0,GSE239721,PT16A
SPARC,Megakaryocyte,bin,2,0,0,0,0,GSE239721,PT16A
BGN,Megakaryocyte,bin,2,0,0,0,0,GSE239721,PT16A
VCAN,Megakaryocyte,bin,2,0,0,0,0,GSE239721,PT16A
ELN,Megakaryocyte,bin,2,0,0,0,0,GSE239721,PT16A
FBN1,Megakaryocyte,bin,2,1,0.201161655697001,1,50,GSE239721,PT16A
MGP,Megakaryocyte,bin,2,0,0,0,0,GSE239721,PT16A
OGN,Megakaryocyte,bin,2,0,0,0,0,GSE239721,PT16A
ASPN,Megakaryocyte,bin,2,0,0,0,0,GSE239721,PT16A
TNC,Megakaryocyte,bin,2,0,0,0,0,GSE239721,PT16A
LTBP1,Megakaryocyte,bin,2,1,1.41215842636558,32,50,GSE239721,PT16A
LTBP2,Megakaryocyte,bin,2,0,0,0,0,GSE239721,PT16A
LOX,Megakaryocyte,bin,2,0,0,0,0,GSE239721,PT16A
LOXL1,Megakaryocyte,bin,2,0,0,0,0,GSE239721,PT16A
LOXL2,Megakaryocyte,bin,2,0,0,0,0,GSE239721,PT16A
PLOD1,Megakaryocyte,bin,2,0,0,0,0,GSE239721,PT16A
PLOD2,Megakaryocyte,bin,2,0,0,0,0,GSE239721,PT16A
SERPINH1,Megakaryocyte,bin,2,1,0.320121407632589,1,50,GSE239721,PT16A
SERPINE1,Megakaryocyte,bin,2,0,0,0,0,GSE239721,PT16A
TIMP1,Megakaryocyte,bin,2,2,1.25202515242487,12,100,GSE239721,PT16A
TIMP2,Megakaryocyte,bin,2,0,0,0,0,GSE239721,PT16A
TIMP3,Megakaryocyte,bin,2,2,1.48262177362985,14,100,GSE239721,PT16A
MMP2,Megakaryocyte,bin,2,0,0,0,0,GSE239721,PT16A
MMP9,Megakaryocyte,bin,2,0,0,0,0,GSE239721,PT16A
MMP14,Megakaryocyte,bin,2,0,0,0,0,GSE239721,PT16A
CTSK,Megakaryocyte,bin,2,0,0,0,0,GSE239721,PT16A
ADAMTS1,Megakaryocyte,bin,2,0,0,0,0,GSE239721,PT16A
TGFB1,Megakaryocyte,bin,2,1,0.800940475473213,8,50,GSE239721,PT16A
TGFB2,Megakaryocyte,bin,2,0,0,0,0,GSE239721,PT16A
TGFB3,Megakaryocyte,bin,2,0,0,0,0,GSE239721,PT16A
TGFBR1,Megakaryocyte,bin,2,1,0.201161655697001,1,50,GSE239721,PT16A
TGFBR2,Megakaryocyte,bin,2,1,0.201161655697001,1,50,GSE239721,PT16A
PDGFA,Megakaryocyte,bin,2,0,0,0,0,GSE239721,PT16A
PDGFB,Megakaryocyte,bin,2,0,0,0,0,GSE239721,PT16A
PDGFRA,Megakaryocyte,bin,2,0,0,0,0,GSE239721,PT16A
PDGFRB,Megakaryocyte,bin,2,0,0,0,0,GSE239721,PT16A
CCN2,Megakaryocyte,bin,2,0,0,0,0,GSE239721,PT16A
CCN1,Megakaryocyte,bin,2,0,0,0,0,GSE239721,PT16A
IGF1,Megakaryocyte,bin,2,0,0,0,0,GSE239721,PT16A
IGF2,Megakaryocyte,bin,2,0,0,0,0,GSE239721,PT16A
VEGFA,Megakaryocyte,bin,2,0,0,0,0,GSE239721,PT16A
FGF2,Megakaryocyte,bin,2,0,0,0,0,GSE239721,PT16A
HGF,Megakaryocyte,bin,2,0,0,0,0,GSE239721,PT16A
OSM,Megakaryocyte,bin,2,0,0,0,0,GSE239721,PT16A
OSMR,Megakaryocyte,bin,2,0,0,0,0,GSE239721,PT16A
IL11,Megakaryocyte,bin,2,0,0,0,0,GSE239721,PT16A
SPP1,Megakaryocyte,bin,2,0,0,0,0,GSE239721,PT16A
IL1B,Megakaryocyte,bin,2,1,0.320121407632589,1,50,GSE239721,PT16A
IL6,Megakaryocyte,bin,2,0,0,0,0,GSE239721,PT16A
TNF,Megakaryocyte,bin,2,1,0.320121407632589,1,50,GSE239721,PT16A
CXCL8,Megakaryocyte,bin,2,2,0.664336795700771,3,100,GSE239721,PT16A
IL10,Megakaryocyte,bin,2,0,0,0,0,GSE239721,PT16A
IFNG,Megakaryocyte,bin,2,0,0,0,0,GSE239721,PT16A
CCL2,Megakaryocyte,bin,2,0,0,0,0,GSE239721,PT16A
CCL3,Megakaryocyte,bin,2,0,0,0,0,GSE239721,PT16A
CCL4,Megakaryocyte,bin,2,0,0,0,0,GSE239721,PT16A
CXCL1,Megakaryocyte,bin,2,0,0,0,0,GSE239721,PT16A
CXCL2,Megakaryocyte,bin,2,2,1.05214350618913,6,100,GSE239721,PT16A
IL18,Megakaryocyte,bin,2,1,0.320121407632589,1,50,GSE239721,PT16A
NLRP3,Megakaryocyte,bin,2,0,0,0,0,GSE239721,PT16A
S100A8,Megakaryocyte,bin,2,0,0,0,0,GSE239721,PT16A
S100A9,Megakaryocyte,bin,2,1,0.344215388068182,2,50,GSE239721,PT16A
PF4,Megakaryocyte,bin,2,1,0.320121407632589,1,50,GSE239721,PT16A
PPBP,Megakaryocyte,bin,2,2,1.33668396968835,9,100,GSE239721,PT16A
VWF,Megakaryocyte,bin,2,1,0.344215388068182,2,50,GSE239721,PT16A
ITGA2B,Megakaryocyte,bin,2,1,1.09441220870699,16,50,GSE239721,PT16A
GP9,Megakaryocyte,bin,2,2,1.21206460345257,11,100,GSE239721,PT16A
NFE2,Megakaryocyte,bin,2,2,1.25202515242487,12,100,GSE239721,PT16A
GATA1,Megakaryocyte,bin,2,1,0.689605693247096,6,50,GSE239721,PT16A
MPL,Megakaryocyte,bin,2,1,0.201161655697001,1,50,GSE239721,PT16A
CALR,Megakaryocyte,bin,2,2,1.97239992057655,22,100,GSE239721,PT16A
JAK2,Megakaryocyte,bin,2,1,0.320121407632589,1,50,GSE239721,PT16A
LEPR,Megakaryocyte,bin,2,0,0,0,0,GSE239721,PT16A
CXCL12,Megakaryocyte,bin,2,0,0,0,0,GSE239721,PT16A
KITLG,Megakaryocyte,bin,2,0,0,0,0,GSE239721,PT16A
ANGPT1,Megakaryocyte,bin,2,1,0.800940475473213,8,50,GSE239721,PT16A
VCAM1,Megakaryocyte,bin,2,0,0,0,0,GSE239721,PT16A
NES,Megakaryocyte,bin,2,0,0,0,0,GSE239721,PT16A
NGFR,Megakaryocyte,bin,2,0,0,0,0,GSE239721,PT16A
SFRP2,Megakaryocyte,bin,2,0,0,0,0,GSE239721,PT16A
SFRP4,Megakaryocyte,bin,2,0,0,0,0,GSE239721,PT16A
GREM1,Megakaryocyte,bin,2,0,0,0,0,GSE239721,PT16A
FAP,Megakaryocyte,bin,2,0,0,0,0,GSE239721,PT16A
BGLAP,Megakaryocyte,bin,2,0,0,0,0,GSE239721,PT16A
RUNX2,Megakaryocyte,bin,2,1,0.320121407632589,1,50,GSE239721,PT16A
SP7,Megakaryocyte,bin,2,0,0,0,0,GSE239721,PT16A
ACTA2,Megakaryocyte,bin,2,0,0,0,0,GSE239721,PT16A
TAGLN,Megakaryocyte,bin,2,0,0,0,0,GSE239721,PT16A
RGS5,Megakaryocyte,bin,2,0,0,0,0,GSE239721,PT16A
MYH11,Megakaryocyte,bin,2,0,0,0,0,GSE239721,PT16A
CDH5,Megakaryocyte,bin,2,0,0,0,0,GSE239721,PT16A
PECAM1,Megakaryocyte,bin,2,1,0.344215388068182,2,50,GSE239721,PT16A
EMCN,Megakaryocyte,bin,2,0,0,0,0,GSE239721,PT16A
HIF1A,Megakaryocyte,bin,2,2,1.40129047077933,10,100,GSE239721,PT16A
EPAS1,Megakaryocyte,bin,2,0,0,0,0,GSE239721,PT16A
CA9,Megakaryocyte,bin,2,0,0,0,0,GSE239721,PT16A
LDHA,Megakaryocyte,bin,2,1,0.689605693247096,6,50,GSE239721,PT16A
SLC2A1,Megakaryocyte,bin,2,0,0,0,0,GSE239721,PT16A
PGK1,Megakaryocyte,bin,2,2,1.38202741658999,9,100,GSE239721,PT16A
ADM,Megakaryocyte,bin,2,0,0,0,0,GSE239721,PT16A
BNIP3,Megakaryocyte,bin,2,2,0.775435593303637,4,100,GSE239721,PT16A
NDRG1,Megakaryocyte,bin,2,1,0.320121407632589,1,50,GSE239721,PT16A
SNAI1,Megakaryocyte,bin,2,0,0,0,0,GSE239721,PT16A
SNAI2,Megakaryocyte,bin,2,0,0,0,0,GSE239721,PT16A
TWIST1,Megakaryocyte,bin,2,0,0,0,0,GSE239721,PT16A
ZEB1,Megakaryocyte,bin,2,0,0,0,0,GSE239721,PT16A
ZEB2,Megakaryocyte,bin,2,2,1.40565936292197,12,100,GSE239721,PT16A
VIM,Megakaryocyte,bin,2,2,2.68371426474154,43,100,GSE239721,PT16A
CDH2,Megakaryocyte,bin,2,0,0,0,0,GSE239721,PT16A
NECTIN4,Megakaryocyte,bin,2,0,0,0,0,GSE239721,PT16A
NECTIN1,Megakaryocyte,bin,2,0,0,0,0,GSE239721,PT16A
NECTIN2,Megakaryocyte,bin,2,0,0,0,0,GSE239721,PT16A
NECTIN3,Megakaryocyte,bin,2,0,0,0,0,GSE239721,PT16A
PVR,Megakaryocyte,bin,2,0,0,0,0,GSE239721,PT16A
TIGIT,Megakaryocyte,bin,2,0,0,0,0,GSE239721,PT16A
CD226,Megakaryocyte,bin,2,0,0,0,0,GSE239721,PT16A
CD96,Megakaryocyte,bin,2,0,0,0,0,GSE239721,PT16A
C1QA,Megakaryocyte,bin,2,0,0,0,0,GSE239721,PT16A
C1QB,Megakaryocyte,bin,2,0,0,0,0,GSE239721,PT16A
C1QC,Megakaryocyte,bin,2,0,0,0,0,GSE239721,PT16A
CD163,Megakaryocyte,bin,2,0,0,0,0,GSE239721,PT16A
MRC1,Megakaryocyte,bin,2,0,0,0,0,GSE239721,PT16A
VSIG4,Megakaryocyte,bin,2,0,0,0,0,GSE239721,PT16A
SELENOP,Megakaryocyte,bin,2,0,0,0,0,GSE239721,PT16A
STAB1,Megakaryocyte,bin,2,0,0,0,0,GSE239721,PT16A
LYVE1,Megakaryocyte,bin,2,0,0,0,0,GSE239721,PT16A
MAF,Megakaryocyte,bin,2,0,0,0,0,GSE239721,PT16A
FCN1,Megakaryocyte,bin,2,0,0,0,0,GSE239721,PT16A
S100A12,Megakaryocyte,bin,2,0,0,0,0,GSE239721,PT16A
SELL,Megakaryocyte,bin,2,0,0,0,0,GSE239721,PT16A
CSF3R,Megakaryocyte,bin,2,1,0.513716167101996,2,50,GSE239721,PT16A
PLAC8,Megakaryocyte,bin,2,1,0.652924908852894,3,50,GSE239721,PT16A
COL11A1,all,sample,1499,,,,,GSE239721,PT16A
CTGF,all,sample,1499,,,,,GSE239721,PT16A
CYR61,all,sample,1499,,,,,GSE239721,PT16A
IL8,all,sample,1499,,,,,GSE239721,PT16A
CXCL4,all,sample,1499,,,,,GSE239721,PT16A
CXCL7,all,sample,1499,,,,,GSE239721,PT16A
CD41,all,sample,1499,,,,,GSE239721,PT16A
SCF,all,sample,1499,,,,,GSE239721,PT16A
CD271,all,sample,1499,,,,,GSE239721,PT16A
OSX,all,sample,1499,,,,,GSE239721,PT16A
CD31,all,sample,1499,,,,,GSE239721,PT16A
HIF2A,all,sample,1499,,,,,GSE239721,PT16A
GLUT1,all,sample,1499,,,,,GSE239721,PT16A
PVRL4,all,sample,1499,,,,,GSE239721,PT16A
PVRL1,all,sample,1499,,,,,GSE239721,PT16A
PVRL2,all,sample,1499,,,,,GSE239721,PT16A
PVRL3,all,sample,1499,,,,,GSE239721,PT16A
CD155,all,sample,1499,,,,,GSE239721,PT16A
DNAM1,all,sample,1499,,,,,GSE239721,PT16A
CD206,all,sample,1499,,,,,GSE239721,PT16A
SEPP1,all,sample,1499,,,,,GSE239721,PT16A
CD62L,all,sample,1499,,,,,GSE239721,PT16A
