dataset,sample,n_cells_total,n_mono_dc,n_macrophage_like,n_monocyte_like,mac_score_p50,mac_score_p90,n_mac_markers_present,timepoint,uid_patient,mac_node_usable
Petti2019,508084,9482,4246,465,3660,0.12160238481263,0.264582044570261,10,Diagnosis,Petti2019:508084,TRUE
GSE116256,AML921A-D0,2909,1244,243,815,0.123666374478194,0.350940065367258,10,Diagnosis,GSE116256:AML921A,TRUE
GSE289435,GSM8791436_MLL_17844,13050,11255,235,9804,0,0.0878818981212868,10,Diagnosis,GSE289435:MLL_17844,TRUE
GSE185381,GSM5613752_2019-08-29-count-2,4763,3132,215,2808,0,0.304587202649442,10,Healthy,GSE185381:Control5,TRUE
GSE185381,GSM5613751_2019-08-29-count-1,4744,3092,193,2803,0,0.326132205639227,10,Unknown,GSE185381:Control5_AML2910_AML3050_AML0361a,TRUE
GSE289435,GSM8791434_MLL_17746,5273,430,158,122,0,0.288331320735392,10,Diagnosis,GSE289435:MLL_17746,TRUE
GSE227903,1886_Dg,3270,1543,95,1403,0.0878489781559754,0.207210509655496,10,Diagnosis,GSE227903:1886,TRUE
GSE185991,GSM6412454_M93,2170,94,63,30,0.155190422712171,0.318839178186083,10,Relapse,GSE185991:PT19,TRUE
GSE185991,GSM5628182_M32,4500,1491,52,1428,0.14602133509429,0.363888800441762,10,Diagnosis,GSE185991:PT09,TRUE
GSE185991,GSM6412455_M95,3453,58,32,24,0.165065338570537,0.291563455712527,10,Relapse,GSE185991:PT20,TRUE
Petti2019,809653,15194,1452,32,1413,0.128690846044131,0.353011965451902,10,Diagnosis,Petti2019:809653,TRUE
GSE185991,GSM6412449_M84,6373,286,31,242,0.111913814499731,0.336593598839618,10,Diagnosis,GSE185991:PT17,TRUE
GSE227903,1216_Dg,2299,849,30,694,0,0.075984437787576,10,Diagnosis,GSE227903:1216,TRUE
GSE227903,3853_Dg,1334,117,29,84,0.117372742704457,0.270132129408749,10,Diagnosis,GSE227903:3853,FALSE
E-MTAB-11536,A36-BMA,1102,375,27,348,0.111432225423592,0.690681327350708,10,Healthy,E-MTAB-11536:A36,FALSE
GSE185381,GSM5613786_2021-03-09-AMLMS3730,4680,3534,27,3498,0.175934826499966,0.611571893972819,10,Diagnosis,GSE185381:AML3730,FALSE
GSE289435,GSM8791432_MLL_14666,9152,5195,25,5070,0.0746863696909744,0.243099900761656,10,Diagnosis,GSE289435:MLL_14666,FALSE
GSE185381,GSM5613779_2020-09-15-AML0024,4920,4834,23,4811,0.103433570264285,0.546528485285688,10,Diagnosis,GSE185381:AML0024,FALSE
E-MTAB-11536,A35-BMA,1154,215,22,192,0.190984213630612,1.19957334639502,10,Healthy,E-MTAB-11536:A35,FALSE
GSE185991,GSM6412448_M38,5672,1256,22,1224,0,0.133196255887776,10,Post_treatment,GSE185991:PT11,FALSE
GSE185381,GSM5613764_2020-01-03-count-1,7214,2220,21,2184,0,0.174360649271267,10,Diagnosis,GSE185381:AML012_AML005_AML055_AML048a,FALSE
GSE253355,GSM8019215_H24,3977,936,20,896,0,0,10,Healthy,GSE253355:H24,FALSE
GSE289435,GSM8791443_MLL_30862,3111,2945,20,2874,0,0.300779016290026,10,Diagnosis,GSE289435:MLL_30862,FALSE
GSE185991,GSM6412450_M85,6412,546,19,525,0,0.25942315645047,10,Post_treatment,GSE185991:PT17,FALSE
E-MTAB-11536,640C-BMA,1656,260,18,241,0.206428006977001,1.29086198473976,10,Healthy,E-MTAB-11536:640C,FALSE
GSE185991,GSM5628189_M42,3401,255,17,204,0,0.235329945944164,10,Relapse,GSE185991:PT10,FALSE
GSE239721,PT23A,4451,304,17,209,0,0.114924977766006,10,Diagnosis,GSE239721:PT23A,FALSE
GSE253355,GSM8019216_H32,3689,590,17,540,0,0.164073702096938,10,Healthy,GSE253355:H32,FALSE
GSE227903,6323_MRD,10615,8994,16,8887,0,0.256294933825619,10,MRD,GSE227903:6323,FALSE
GSE227903,4978_Dg,2679,138,15,120,0.064218636552999,0.216961331249822,10,Diagnosis,GSE227903:4978,FALSE
GSE185381,GSM5613757_2019-11-04-count-1,4225,914,14,868,0,0.177666016610341,10,Healthy,GSE185381:Control0058_PAXMIJ_PAUMTZa,FALSE
GSE227903,1886_R,1743,72,14,54,0.0651327751294793,0.243148450550832,10,Relapse,GSE227903:1886,FALSE
GSE289435,GSM8791444_MLL_30886,11881,1534,14,1275,0,0,10,Diagnosis,GSE289435:MLL_30886,FALSE
GSE185381,GSM5613759_2019-11-04-count-3,3522,1109,13,1050,0,0.189515703321942,10,Healthy,GSE185381:Control0058_PAXMIJ_PAUMTZc,FALSE
GSE185381,GSM5613784_2021-03-09-AML0693,2897,383,13,364,0,0.10139784289644,10,Diagnosis,GSE185381:AML0693,FALSE
GSE227903,1216_R,5745,884,13,767,0,0,10,Relapse,GSE227903:1216,FALSE
GSE289435,GSM8791442_MLL_29538,4632,3531,13,3386,0,0.176437617339183,10,Diagnosis,GSE289435:MLL_29538,FALSE
GSE147989,007C1D1BL,2378,59,12,45,0.0722733395311955,0.159265868580443,9,Post_treatment,GSE147989:007,FALSE
GSE185381,GSM5613763_2019-11-26-count-2,7929,3284,12,3265,0.0817019832437893,0.290974147784709,10,Diagnosis,GSE185381:AML073_AML006_AML025_AML003b,FALSE
GSE253355,GSM8019212_H14_MACS,4958,156,12,134,0,0.271145268683159,10,Healthy,GSE253355:H14_MACS,FALSE
GSE253355,GSM8019217_H33,5636,1664,12,1639,0,0,10,Healthy,GSE253355:H33,FALSE
Chen2023,NBM1_CD34,8364,3920,11,3896,0,0.207077180562243,9,Healthy,Chen2023:NBM1,FALSE
GSE185991,GSM5628164_M04,1284,33,11,21,0.128548767985112,0.25506528856788,10,Diagnosis,GSE185991:PT01,FALSE
GSE253355,GSM8019218_H34,3196,1244,11,1226,0,0,10,Healthy,GSE253355:H34,FALSE
Chen2023,NBM3_CD34,8712,2974,10,2900,0,0.19489686251949,9,Healthy,Chen2023:NBM3,FALSE
E-MTAB-11536,A36-BLD,2735,570,10,560,0.144951635962793,0.333195085162592,10,Healthy,E-MTAB-11536:A36,FALSE
GSE239721,PT17A,2475,51,10,37,0.104989641594405,0.267675945466412,10,Diagnosis,GSE239721:PT17A,FALSE
GSE289435,GSM8791438_MLL_28830,5502,3409,10,3337,0,0.122162254917794,10,Diagnosis,GSE289435:MLL_28830,FALSE
GSE185991,GSM5628178_M28,3602,501,9,457,0,0.159738766355958,10,Diagnosis,GSE185991:PT08,FALSE
GSE185991,GSM5628195_M48,2809,1472,9,1411,0,0.156578848192198,10,Diagnosis,GSE185991:PT15,FALSE
GSE201966,GSM6085177_AML01M4_P,4527,1298,9,1278,0,0.24305314487487,9,Diagnosis,GSE201966:AML01M4,FALSE
GSE253355,GSM8019213_H21,6785,602,9,586,0,0.0527448867463746,10,Healthy,GSE253355:H21,FALSE
GSE116256,AML328-D0,597,211,8,203,0.199486664093608,0.577029077641214,10,Diagnosis,GSE116256:AML328,FALSE
GSE185381,GSM5613765_2020-01-03-count-2,7821,2494,8,2452,0,0.168721848107741,10,Diagnosis,GSE185381:AML055,FALSE
GSE185991,GSM5628191_M44,600,21,8,7,0,0.136452118299535,10,Post_treatment,GSE185991:PT12_PT13,FALSE
GSE227903,1216_MRD,1832,933,8,919,0.0560605368220526,0.399643600188214,10,MRD,GSE227903:1216,FALSE
GSE253355,GSM8019221_H38,6294,841,8,815,0,0.0601662498689273,10,Healthy,GSE253355:H38,FALSE
GSE253355,GSM8019222_H39,7253,837,8,820,0,0.0400080427456934,10,Healthy,GSE253355:H39,FALSE
E-MTAB-11536,637C-BMA,1360,101,7,94,0.148843107167403,0.546532345619733,10,Healthy,E-MTAB-11536:637C,FALSE
E-MTAB-11536,A37-BMA,690,62,7,55,0.165577103517667,1.3478228114773,10,Healthy,E-MTAB-11536:A37,FALSE
GSE116256,AML210A-D0,595,265,7,252,0,0.236798569498166,10,Diagnosis,GSE116256:AML210A,FALSE
GSE185381,GSM5613758_2019-11-04-count-2,2995,675,7,649,0,0.137761320690995,10,Healthy,GSE185381:Control0058_PAXMIJ_PAUMTZb,FALSE
GSE185381,GSM5613762_2019-11-26-count-1,8406,3367,7,3359,0.0928584721541267,0.280593509246582,10,Diagnosis,GSE185381:AML073_AML006_AML025_AML003a,FALSE
GSE185381,GSM5613785_2021-03-09-AML3948,6754,1013,7,928,0,0.111561936074707,10,Diagnosis,GSE185381:AML3948,FALSE
GSE185991,GSM5628163_M03,1268,232,7,147,0,0.115427331298093,10,Diagnosis,GSE185991:PT01,FALSE
GSE185991,GSM5628172_M22,4601,3594,7,3573,0,0.229802881835313,10,Diagnosis,GSE185991:PT07,FALSE
GSE227903,40389_Dg,3114,1599,7,1480,0,0.110249982539854,10,Diagnosis,GSE227903:40389,FALSE
GSE253355,GSM8019219_H35,5724,1736,7,1724,0,0,10,Healthy,GSE253355:H35,FALSE
Chen2023,AML304_Niche_Immune,5574,236,6,213,0,0,9,Diagnosis,Chen2023:AML304,FALSE
GSE185381,GSM5613749_2019-08-01-count-3,4455,1955,6,1945,0,0.139594141183973,10,Healthy,GSE185381:Control1_Control2_Control3_Control4c,FALSE
GSE185381,GSM5613750_2019-08-01-count-4,4557,2188,6,2179,0,0.1425769085636,10,Healthy,GSE185381:Control1_Control2_Control3_Control4d,FALSE
GSE227903,3904_Dg,3265,60,6,37,0,0.125002174846053,10,Diagnosis,GSE227903:3904,FALSE
GSE227903,40389_R,5471,1239,6,1195,0,0.0903949049951374,10,Relapse,GSE227903:40389,FALSE
GSE239721,PT28A,7712,72,6,65,0,0.313059729085709,10,Diagnosis,GSE239721:PT28A,FALSE
GSE253355,GSM8019220_H36,8097,670,6,651,0,0.0345282102821907,10,Healthy,GSE253355:H36,FALSE
GSE253355,GSM8019223_H41,6710,444,6,426,0,0.0899970602789714,10,Healthy,GSE253355:H41,FALSE
GSE185381,GSM5613769_2020-03-18-count-1,5573,1425,5,1413,0,0.191763431546312,10,Unknown,GSE185381:Control0082_AML052_AML022a,FALSE
GSE227903,1886_MRD,2844,2199,5,2189,0,0.121357651695609,10,MRD,GSE227903:1886,FALSE
GSE227903,3853_R,528,55,5,50,0.13934999001707,0.266238848662648,10,Relapse,GSE227903:3853,FALSE
GSE227903,3904_R,9837,40,5,34,0,0.263463582694171,10,Relapse,GSE227903:3904,FALSE
Chen2023,NBM4_CD34,5130,1878,4,1865,0,0.212175775611067,9,Healthy,Chen2023:NBM4,FALSE
E-MTAB-11536,A35-BLD,1266,423,4,419,0.216299597690849,0.454143599395572,10,Healthy,E-MTAB-11536:A35,FALSE
GSE116256,AML328-D113,1647,48,4,44,0.245232926010394,0.800211234226955,10,Post_treatment,GSE116256:AML328,FALSE
GSE147989,007SCRBL,1354,21,4,16,0.0728130926400269,0.164774001280282,9,Diagnosis,GSE147989:007,FALSE
GSE185381,GSM5613756_2019-10-25-count-5,4914,3009,4,3002,0.116716740607241,0.327812478944687,10,Unknown,GSE185381:AML2451_Control0004,FALSE
GSE185381,GSM5613782_2020-10-06-count4_0.95,2555,831,4,551,0,0,10,Diagnosis,GSE185381:AML026_AML051,FALSE
GSE185991,GSM5628180_M30,2937,494,4,484,0,0.0817178711848109,10,Relapse,GSE185991:PT08,FALSE
GSE185991,GSM5628188_M41,2050,64,4,56,0,0.127869606008755,10,Diagnosis,GSE185991:PT13,FALSE
GSE227903,40389_MRD,3806,1089,4,1073,0,0.19316245522872,10,MRD,GSE227903:40389,FALSE
GSE227903,5750_MRD,2223,1670,4,1657,0,0.0790145617275738,10,MRD,GSE227903:5750,FALSE
GSE185381,GSM5613748_2019-08-01-count-2,5206,2153,3,2142,0,0.137266612228492,10,Healthy,GSE185381:Control1_Control2_Control3_Control4b,FALSE
GSE185381,GSM5613775_2020-08-26-Control4003-c2,2197,1069,3,1057,0,0.179260111489022,10,Healthy,GSE185381:Control4003b,FALSE
GSE185381,GSM5613778_2020-09-11-AML4340_AML1371-c2,2663,324,3,318,0,0.135739730227063,10,Diagnosis,GSE185381:AML1371_AML4340b,FALSE
GSE185991,GSM5628175_M25,915,71,3,64,0,0.187655600588813,10,Diagnosis,GSE185991:PT02,FALSE
GSE185991,GSM5628186_M39,1344,103,3,98,0,0.155634601582202,10,Post_treatment,GSE185991:PT08,FALSE
GSE185991,GSM5628190_M43,523,133,3,130,0,0.230380736268739,10,Post_treatment,GSE185991:PT01_PT10,FALSE
GSE201966,GSM6085178_AML01M4_RE,7144,1980,3,1976,0,0.346688515369995,9,Relapse,GSE201966:AML01M4,FALSE
GSE227903,5750_R,5132,577,3,535,0,0,10,Relapse,GSE227903:5750,FALSE
GSE239721,PT21A,3473,493,3,484,0,0.0763557375489896,10,Diagnosis,GSE239721:PT21A,FALSE
Chen2023,AML162_niche_immune,2358,85,2,83,0,0,9,Diagnosis,Chen2023:AML162,FALSE
Chen2023,NBM2_CD34,2641,1421,2,1418,0.0620062194693336,0.205920976493482,9,Healthy,Chen2023:NBM2,FALSE
E-MTAB-11536,A29-BMA,1199,109,2,106,0.141129327037799,0.540419273709638,10,Healthy,E-MTAB-11536:A29,FALSE
GSE116256,AML328-D29,1250,16,2,14,0.154982776076534,0.687817090894952,10,Post_treatment,GSE116256:AML328,FALSE
GSE116256,AML329-D20,605,357,2,342,0,0.236366815762279,10,Post_treatment,GSE116256:AML329,FALSE
GSE116256,AML419A-D0,908,566,2,561,0.228742692010043,0.430735093886866,10,Diagnosis,GSE116256:AML419A,FALSE
GSE116256,AML916-D0,658,17,2,6,0,0.165756054524831,10,Diagnosis,GSE116256:AML916,FALSE
GSE185381,GSM5613746_2019-07-01-count-3,8497,2199,2,2188,0,0.152898848157906,10,Diagnosis,GSE185381:AML3762,FALSE
GSE185381,GSM5613760_2019-11-19-count-1,7271,5468,2,5465,0.094308444396965,0.297947347029062,10,Diagnosis,GSE185381:AML038,FALSE
GSE185381,GSM5613761_2019-11-19-count-2,7110,5363,2,5361,0.0942701643237358,0.304965055770366,10,Diagnosis,GSE185381:AML028,FALSE
GSE185381,GSM5613767_2020-03-18-AML0048-c2,2004,1302,2,1297,0,0.194220061800599,10,Diagnosis,GSE185381:AML0048-c2,FALSE
GSE185381,GSM5613770_2020-03-18-count-2,5230,1414,2,1397,0,0.197477728265119,10,Unknown,GSE185381:Control0082_AML052_AML022b,FALSE
GSE185381,GSM5613787_2021-03-09-count1_0.95,2430,879,2,873,0,0.179730301387815,10,Unknown,GSE185381:Control0005_AML009b,FALSE
GSE185381,GSM5613789_2021-03-09-Z-1-2,970,72,2,69,0,0.202309169994364,10,Diagnosis,GSE185381:AML0114b,FALSE
GSE185991,GSM5628167_M07,1371,20,2,9,0,0.282625312887636,10,Diagnosis,GSE185991:PT06,FALSE
GSE185991,GSM5628181_M31,3289,19,2,17,0,0.151001865685402,10,Relapse,GSE185991:PT08,FALSE
GSE185991,GSM5628183_M33,2439,901,2,899,0.102507700829588,0.293032364480389,10,Diagnosis,GSE185991:PT10,FALSE
GSE185991,GSM6412451_M88,3561,9,2,6,0,0.093768518746995,10,Diagnosis,GSE185991:PT18,FALSE
GSE227903,3904_MRD,2301,1758,2,1751,0,0.0745396948396562,10,MRD,GSE227903:3904,FALSE
GSE227903,5750_Dg,4202,413,2,405,0,0.0799750934042409,10,Diagnosis,GSE227903:5750,FALSE
GSE239721,PT20A,1002,11,2,7,0.140860239086312,0.189987343908586,10,Diagnosis,GSE239721:PT20A,FALSE
GSE239721,PT32A,1725,1493,2,1489,0.250346115056977,0.450329111504441,10,Diagnosis,GSE239721:PT32A,FALSE
GSE253355,GSM8019214_H23,5113,386,2,381,0,0,10,Healthy,GSE253355:H23,FALSE
GSE289435,GSM8791439_MLL_28855,4892,1663,2,1497,0,0,10,Diagnosis,GSE289435:MLL_28855,FALSE
Petti2019,721214,13149,28,2,24,0,0.114111441239154,10,Diagnosis,Petti2019:721214,FALSE
Chen2023,AML162_CD34,2275,1355,1,1348,0,0.177757158401419,9,Diagnosis,Chen2023:AML162,FALSE
Chen2023,AML304_CD34,2668,1572,1,1562,0,0.115940928112357,9,Diagnosis,Chen2023:AML304,FALSE
Chen2023,AML320_NICHE_IMMUNE,7100,16,1,14,0,0,9,Diagnosis,Chen2023:AML320,FALSE
Chen2023,NBM4_Niche_Immune,3132,21,1,19,0,0.103724518395641,9,Healthy,Chen2023:NBM4,FALSE
E-MTAB-11536,637C-BLD,664,30,1,29,0.327341412061103,0.537215025932915,10,Healthy,E-MTAB-11536:637C,FALSE
GSE116256,AML1012-D0,931,336,1,327,0,0.193705692868037,10,Diagnosis,GSE116256:AML1012,FALSE
GSE116256,AML371-D0,514,306,1,305,0,0.126692169589784,10,Diagnosis,GSE116256:AML371,FALSE
GSE116256,AML556-D0,1554,1254,1,1251,0,0.116753334238944,10,Diagnosis,GSE116256:AML556,FALSE
GSE116256,AML707B-D0,1215,20,1,16,0,0.219423468335475,10,Diagnosis,GSE116256:AML707B,FALSE
GSE185381,GSM5613745_2019-07-01-count-2,8352,2169,1,2166,0,0.149653917255413,10,Diagnosis,GSE185381:AML0612_AML3762_AML0160_AML0310_AML3134b,FALSE
GSE185381,GSM5613766_2020-03-18-AML0048-c1,1888,1266,1,1264,0,0.192996832701341,10,Diagnosis,GSE185381:AML0048-c1,FALSE
GSE185381,GSM5613768_2020-03-18-AML3266,1468,537,1,474,0,0,10,Diagnosis,GSE185381:AML3266,FALSE
GSE185381,GSM5613771_2020-03-18-count-3,5008,1383,1,1375,0,0.180471003638002,10,Unknown,GSE185381:Control0082_AML052_AML022c,FALSE
GSE185381,GSM5613774_2020-08-26-Control4003-c1,1014,314,1,307,0,0.171486136393668,10,Healthy,GSE185381:Control4003a,FALSE
GSE185381,GSM5613776_2020-08-26-Control4003-c3,1952,953,1,946,0,0.176734939874745,10,Healthy,GSE185381:Control4003c,FALSE
GSE185381,GSM5613777_2020-09-11-AML4340_AML1371-c1,2617,296,1,293,0,0.157513201802266,10,Diagnosis,GSE185381:AML1371_AML4340a,FALSE
GSE185381,GSM5613781_2020-10-06-count2,3817,780,1,776,0,0.190433195116667,10,Unknown,GSE185381:Control0005_AML009a,FALSE
GSE185991,GSM6412447_M36,3418,8,1,7,0,0.0575258060236931,10,Diagnosis,GSE185991:PT11,FALSE
GSE185991,GSM6412453_M92,2543,2074,1,2073,0.198776652777641,0.394245078470909,10,Post_treatment,GSE185991:PT17,FALSE
GSE201966,GSM6085176_AML01M4_CR,2410,21,1,20,0,0,9,Post_treatment,GSE201966:AML01M4,FALSE
GSE201966,GSM6085180_AML02M5_RE,9910,9,1,7,0,0.160627110730756,9,Relapse,GSE201966:AML02M5,FALSE
GSE201966,GSM6085182_AML03M5_RE,2844,61,1,60,0,0.357906133687101,9,Relapse,GSE201966:AML03M5,FALSE
GSE207356,GSM6284913_TS173_05_Sample_E,6089,1956,1,1954,0,0.184802009531469,10,Post_treatment,GSE207356:TS173,FALSE
GSE227903,4978_MRD,1732,417,1,415,0,0.139855871450996,10,MRD,GSE227903:4978,FALSE
GSE227903,4978_R,2035,9,1,6,0,0.0749194400302263,10,Relapse,GSE227903:4978,FALSE
GSE227903,5143_Dg,1103,449,1,448,0,0.184676619322347,10,Diagnosis,GSE227903:5143,FALSE
GSE227903,6323_R2,3783,170,1,154,0,0.0804712551302334,10,Relapse2,GSE227903:6323,FALSE
Petti2019,548327,8705,355,1,324,0,0.186812777695447,10,Diagnosis,Petti2019:548327,FALSE
Petti2019,782328,15148,12246,1,12224,0.0933509663361196,0.278729755791105,10,Diagnosis,Petti2019:782328,FALSE
Chen2023,AML103_CD34,769,703,0,703,0.109645089448967,0.310144791243669,9,Diagnosis,Chen2023:AML103,FALSE
Chen2023,AML103_Niche_Immune,1234,6,0,6,0,0.421484784560615,9,Diagnosis,Chen2023:AML103,FALSE
Chen2023,AML24_CD34,9610,9197,0,9197,0,0.272635342691068,9,Diagnosis,Chen2023:AML24,FALSE
Chen2023,AML24_Niche_Immune,2170,5,0,5,0,0.0986310100438035,9,Diagnosis,Chen2023:AML24,FALSE
Chen2023,AML320_CD34,3222,24,0,24,0,0,9,Diagnosis,Chen2023:AML320,FALSE
Chen2023,AML469_CD34,3324,1,0,1,0.0936140532850785,0.0936140532850785,9,Diagnosis,Chen2023:AML469,FALSE
Chen2023,NBM1_Niche_Immune,5179,39,0,39,0,0,9,Healthy,Chen2023:NBM1,FALSE
Chen2023,NBM2_Niche_Immune,2271,18,0,18,0,0,9,Healthy,Chen2023:NBM2,FALSE
Chen2023,NBM3_Niche_immune,3639,15,0,15,0,0,9,Healthy,Chen2023:NBM3,FALSE
E-MTAB-11536,621B-BMA,598,20,0,20,0.264100352233892,0.595721812140956,10,Healthy,E-MTAB-11536:621B,FALSE
GSE116256,AML328-D171,961,6,0,6,0.212043276065722,0.427174205476114,10,Post_treatment,GSE116256:AML328,FALSE
GSE116256,AML420B-D14,938,0,0,0,,,10,Post_treatment,GSE116256:AML420B,FALSE
GSE116256,AML556-D15,935,0,0,0,,,10,Post_treatment,GSE116256:AML556,FALSE
GSE116256,AML556-D31,1104,561,0,555,0,0.156668709405614,10,Post_treatment,GSE116256:AML556,FALSE
GSE116256,AML707B-D113,576,99,0,97,0,0.112676878671595,10,Post_treatment,GSE116256:AML707B,FALSE
GSE116256,AML707B-D18,1413,1,0,1,0,0,10,Post_treatment,GSE116256:AML707B,FALSE
GSE116256,BM4,2992,932,0,927,0,0.172423002085707,10,Healthy,GSE116256:BM4,FALSE
GSE116256,BM5-34p,967,11,0,10,0,0.102565039590268,10,Healthy,GSE116256:BM5,FALSE
GSE116256,BM5-34p38n,1223,2,0,2,0,0,10,Healthy,GSE116256:BM5,FALSE
GSE147989,009C1D1BL,741,0,0,0,,,9,Post_treatment,GSE147989:009,FALSE
GSE147989,009SCRBL,1016,0,0,0,,,9,Diagnosis,GSE147989:009,FALSE
GSE185381,GSM5613744_2019-07-01-count-1,7592,2039,0,2035,0,0.165611695186859,10,Diagnosis,GSE185381:AML0612_AML3762_AML0160_AML0310_AML3133a,FALSE
GSE185381,GSM5613780_2020-10-06-AML4897,2439,217,0,214,0,0.11910498993793,10,Diagnosis,GSE185381:AML4897,FALSE
GSE185381,GSM5613788_2021-03-09-Z-1-1,825,78,0,74,0,0.181329665719422,10,Diagnosis,GSE185381:AML0114a,FALSE
GSE185381,GSM5613790_2021-03-09-Z-1-3,1670,105,0,105,0,0.15967458910623,10,Diagnosis,GSE185381:AML0114c,FALSE
GSE185381,GSM5613791_2019-10-21-1-Control0004,12032,0,0,0,,,10,Healthy,GSE185381:Control0004,FALSE
GSE185381,GSM5613793_2020-03-18-82,1106,0,0,0,,,10,Healthy,GSE185381:Control0082,FALSE
GSE185381,GSM5613795_2020-05-22-5prime_2,1347,0,0,0,,,10,Healthy,GSE185381:Control0182,FALSE
GSE185381,GSM5613796_2020-08-07-MDS-AML_cDNA1,1416,0,0,0,,,10,Healthy,GSE185381:Control4003a,FALSE
GSE185381,GSM5613797_2020-08-07-MDS-AML_cDNA2,1078,0,0,0,,,10,Healthy,GSE185381:Control4003,FALSE
GSE185381,GSM5613800_2021-04-29-0102_cDNA,1479,0,0,0,,,10,Diagnosis,GSE185381:AML0102,FALSE
GSE185381,GSM5613801_2021-04-29-0134_cDNA,1435,0,0,0,,,10,Diagnosis,GSE185381:AML0134,FALSE
GSE185381,GSM5613804_2021-04-29-2910_cDNA,2197,0,0,0,,,10,Diagnosis,GSE185381:AML2910,FALSE
GSE185381,GSM5613805_2021-04-29-2975_cDNA,786,0,0,0,,,10,Diagnosis,GSE185381:AML2975,FALSE
GSE185381,GSM5613806_2021-04-29-3948_cDNA,2307,0,0,0,,,10,Diagnosis,GSE185381:AML3948,FALSE
GSE185991,GSM5628168_M08,1354,0,0,0,,,10,Diagnosis,GSE185991:PT06,FALSE
GSE185991,GSM5628174_M24,5071,0,0,0,,,10,Post_treatment,GSE185991:PT07,FALSE
GSE185991,GSM5628176_M26,1540,510,0,510,0,0.0465374469125552,10,Post_treatment,GSE185991:PT02,FALSE
GSE185991,GSM5628177_M27,974,0,0,0,,,10,Post_treatment,GSE185991:PT01,FALSE
GSE185991,GSM5628187_M40,1975,607,0,606,0.0764218355921596,0.177964989568361,10,Diagnosis,GSE185991:PT12,FALSE
GSE185991,GSM5628192_M45,1112,123,0,123,0,0.118562493444022,10,Post_treatment,GSE185991:PT12,FALSE
GSE185991,GSM5628196_M49,3049,36,0,30,0,0.130716112544939,10,Relapse,GSE185991:PT15,FALSE
GSE185991,GSM6412452_M89,3310,30,0,29,0.0117366570812473,0.153396449734728,10,Post_treatment,GSE185991:PT18,FALSE
GSE201966,GSM6085179_AML02M5_P,2719,2339,0,2339,0,0.138164961928402,9,Diagnosis,GSE201966:AML02M5,FALSE
GSE201966,GSM6085181_AML03M5_P,7231,6745,0,6745,0,0.166876686917641,9,Diagnosis,GSE201966:AML03M5,FALSE
GSE207356,GSM6284912_TS173_04_Sample_D,9924,49,0,49,0,0.0887164439223279,10,Diagnosis,GSE207356:TS173,FALSE
GSE207356,GSM6284914_TS173_06_Sample_F,7462,2874,0,2873,0,0.0641032697517954,10,Post_treatment,GSE207356:TS173,FALSE
GSE227903,5143_R,2103,557,0,557,0.0465186918075136,0.225541164708336,10,Relapse,GSE227903:5143,FALSE
GSE227903,6323_Dg,604,243,0,243,0,0.145896384578359,10,Diagnosis,GSE227903:6323,FALSE
GSE227903,6323_R,892,215,0,213,0,0.156983596251091,10,Relapse,GSE227903:6323,FALSE
GSE239721,PT10A,1236,3,0,3,0,0.0725542517789746,10,Diagnosis,GSE239721:PT10A,FALSE
GSE239721,PT14A,636,3,0,3,0,0.0298803279266304,10,Diagnosis,GSE239721:PT14A,FALSE
GSE239721,PT15A,4053,0,0,0,,,10,Diagnosis,GSE239721:PT15A,FALSE
GSE239721,PT16A,1499,2,0,2,0.0763098682860201,0.0910653708930594,10,Diagnosis,GSE239721:PT16A,FALSE
GSE239721,PT22A,1662,28,0,28,0,0,10,Diagnosis,GSE239721:PT22A,FALSE
GSE239721,PT26A,1178,39,0,39,0,0,10,Diagnosis,GSE239721:PT26A,FALSE
GSE239721,PT27A,5191,8,0,8,0.0307841134229297,0.13929073916207,10,Diagnosis,GSE239721:PT27A,FALSE
GSE239721,PT29A,2193,6,0,6,0.0722521783759598,0.121765218149004,10,Diagnosis,GSE239721:PT29A,FALSE
GSE239721,PT30A,612,259,0,254,0,0,10,Diagnosis,GSE239721:PT30A,FALSE
GSE289435,GSM8791433_MLL_16703,7930,0,0,0,,,10,Diagnosis,GSE289435:MLL_16703,FALSE
GSE289435,GSM8791435_MLL_17843,13429,4,0,3,0,0,10,Diagnosis,GSE289435:MLL_17843,FALSE
GSE289435,GSM8791437_MLL_28824,4590,17,0,15,0,0,10,Diagnosis,GSE289435:MLL_28824,FALSE
GSE289435,GSM8791441_MLL_29532,5260,4,0,4,0,0.138904455933975,10,Diagnosis,GSE289435:MLL_29532,FALSE
Petti2019,ND_083017,4542,762,0,762,0,0.106935962966526,10,Healthy,Petti2019:ND_083017,FALSE
Petti2019,ND_090617,5485,1124,0,1124,0,0.137300325077584,10,Healthy,Petti2019:ND_090617,FALSE
Petti2019,Normal_sorted_170531,2577,604,0,604,0,0.190589022502862,10,Healthy,Petti2019:Normal_sorted_170531,FALSE
Petti2019,Normal_sorted_170607,1904,619,0,617,0,0.145500475803613,10,Healthy,Petti2019:Normal_sorted_170607,FALSE
