dataset,sample,timepoint,uid_patient,study,in_selection,dataset_role,geno_status,geno_variants,n_cells_tp53_mut,n_cells_tp53_wt,geno_evidence,numbat_17p_loh,arm17p_frac_loh,numbat_tp53_seg,numbat_llr,expr_17p_loss,expr_ck_arms,n_stromal,arms_available,tp53_tier,tp53_group
GSE116256,AML328-D0,Diagnosis,GSE116256:AML328,van Galen 2019 Cell,TRUE,core,mutant,TP53.P152R+TP53.Q144P,3,0,single-cell genotyping (van Galen 2019 GEO anno),FALSE,,,,FALSE,,0,1,A_genotype,TP53-mutant
GSE116256,AML328-D113,Post_treatment,GSE116256:AML328,van Galen 2019 Cell,TRUE,core,mutant,TP53.P152R,1,3,single-cell genotyping (van Galen 2019 GEO anno),FALSE,,,,FALSE,,0,1,A_genotype,TP53-mutant
GSE116256,AML328-D171,Post_treatment,GSE116256:AML328,van Galen 2019 Cell,TRUE,core,mutant,TP53.Q144P,1,2,single-cell genotyping (van Galen 2019 GEO anno),FALSE,,,,FALSE,,0,1,A_genotype,TP53-mutant
GSE116256,AML328-D29,Post_treatment,GSE116256:AML328,van Galen 2019 Cell,TRUE,core,mutant,TP53.P152R+TP53.Q144P,23,2,single-cell genotyping (van Galen 2019 GEO anno),FALSE,,,,FALSE,,0,1,A_genotype,TP53-mutant
GSE116256,AML916-D0,Diagnosis,GSE116256:AML916,van Galen 2019 Cell,TRUE,core,mutant,TP53.C238Y,21,0,single-cell genotyping (van Galen 2019 GEO anno),FALSE,,,,FALSE,12,0,2,A_genotype,TP53-mutant
Petti2019,809653,Diagnosis,Petti2019:809653,Petti 2019 Nat Commun,TRUE,core,mutant,TP53.E286G,,,"targeted sequencing; key_mutations """"TP53 E286G, CEBPA R142fs, NRAS G12D""""; cytogenetics complex karyotype with del(5q),-7,+8,del(12p),del(17q)",FALSE,,,,FALSE,7,1,2,A_genotype,TP53-mutant
GSE227903,1886_R,Relapse,GSE227903:1886,Ennis 2023 iScience,TRUE,core,,,,,,TRUE,0.980617621145374,loh,426.844431220196,FALSE,4,528,2,B_allele_loh,TP53-aberrant (17p LOH)
GSE227903,6323_R,Relapse,GSE227903:6323,Ennis 2023 iScience,TRUE,core,,,,,,TRUE,0.931361629955947,loh,209.022476151546,FALSE,0,0,2,B_allele_loh,TP53-aberrant (17p LOH)
GSE289435,GSM8791438_MLL_28830,Diagnosis,GSE289435:MLL_28830,Zeng 2025 BCD,TRUE,core,,,,,,TRUE,0.985569691629956,loh,15.9558494094141,FALSE,0,7,2,B_allele_loh,TP53-aberrant (17p LOH)
GSE116256,AML556-D15,Post_treatment,GSE116256:AML556,van Galen 2019 Cell,TRUE,core,,,,,,FALSE,,,,TRUE,9,0,1,C_expr_only,17p-loss candidate
GSE185381,GSM5613784_2021-03-09-AML0693,Diagnosis,GSE185381:AML0693,Lasry 2023 Nat Cancer,TRUE,core,,,,,,FALSE,,,,TRUE,9,36,1,C_expr_only,17p-loss candidate
GSE185381,GSM5613785_2021-03-09-AML3948,Diagnosis,GSE185381:AML3948,Lasry 2023 Nat Cancer,TRUE,core,,,,,,FALSE,,,,TRUE,6,0,1,C_expr_only,17p-loss candidate
GSE239721,PT27A,Diagnosis,GSE239721:PT27A,GSE239721 (IFN-gamma AML),TRUE,core,,,,,,FALSE,,,,TRUE,8,5,1,C_expr_only,17p-loss candidate
GSE289435,GSM8791436_MLL_17844,Diagnosis,GSE289435:MLL_17844,Zeng 2025 BCD,TRUE,core,,,,,,FALSE,0.326258237885463,amp,196.343624022473,TRUE,6,10,2,C_expr_only,17p-loss candidate
GSE116256,AML420B-D14,Post_treatment,GSE116256:AML420B,van Galen 2019 Cell,TRUE,core,wildtype,"",0,6,single-cell genotyping (van Galen 2019 GEO anno),FALSE,,,,TRUE,11,1,2,WT_genotyped,TP53-WT
Chen2023,AML103_Niche_Immune,Diagnosis,Chen2023:AML103,Chen 2023 Blood Cancer Discovery,TRUE,core,,,,,,FALSE,,,,FALSE,8,438,1,WT_presumed,TP53-WT
Chen2023,AML162_niche_immune,Diagnosis,Chen2023:AML162,Chen 2023 Blood Cancer Discovery,TRUE,core,,,,,,FALSE,,,,FALSE,7,374,1,WT_presumed,TP53-WT
Chen2023,AML24_Niche_Immune,Diagnosis,Chen2023:AML24,Chen 2023 Blood Cancer Discovery,TRUE,core,,,,,,FALSE,,,,FALSE,10,203,1,WT_presumed,TP53-WT
Chen2023,AML304_Niche_Immune,Diagnosis,Chen2023:AML304,Chen 2023 Blood Cancer Discovery,TRUE,core,,,,,,FALSE,,,,FALSE,14,1892,1,WT_presumed,TP53-WT
Chen2023,AML320_NICHE_IMMUNE,Diagnosis,Chen2023:AML320,Chen 2023 Blood Cancer Discovery,TRUE,core,,,,,,FALSE,,,,FALSE,14,1642,1,WT_presumed,TP53-WT
Chen2023,NBM1_Niche_Immune,Healthy,Chen2023:NBM1,Chen 2023 Blood Cancer Discovery,TRUE,core,,,,,,FALSE,,,,FALSE,9,803,1,WT_presumed,TP53-WT
Chen2023,NBM2_Niche_Immune,Healthy,Chen2023:NBM2,Chen 2023 Blood Cancer Discovery,TRUE,core,,,,,,FALSE,,,,FALSE,9,433,1,WT_presumed,TP53-WT
Chen2023,NBM3_Niche_immune,Healthy,Chen2023:NBM3,Chen 2023 Blood Cancer Discovery,TRUE,core,,,,,,FALSE,,,,FALSE,8,382,1,WT_presumed,TP53-WT
Chen2023,NBM4_Niche_Immune,Healthy,Chen2023:NBM4,Chen 2023 Blood Cancer Discovery,TRUE,core,,,,,,FALSE,,,,FALSE,5,107,1,WT_presumed,TP53-WT
GSE116256,AML556-D0,Diagnosis,GSE116256:AML556,van Galen 2019 Cell,TRUE,core,,,,,,FALSE,,,,FALSE,12,2,1,WT_presumed,TP53-WT
GSE116256,AML556-D31,Post_treatment,GSE116256:AML556,van Galen 2019 Cell,TRUE,core,,,,,,FALSE,,,,FALSE,5,1,1,WT_presumed,TP53-WT
GSE116256,AML707B-D0,Diagnosis,GSE116256:AML707B,van Galen 2019 Cell,TRUE,core,,,,,,FALSE,,,,FALSE,6,0,1,WT_presumed,TP53-WT
GSE116256,AML707B-D113,Post_treatment,GSE116256:AML707B,van Galen 2019 Cell,TRUE,core,,,,,,FALSE,,,,FALSE,1,0,1,WT_presumed,TP53-WT
GSE116256,AML707B-D18,Post_treatment,GSE116256:AML707B,van Galen 2019 Cell,TRUE,core,,,,,,FALSE,,,,FALSE,0,0,1,WT_presumed,TP53-WT
GSE116256,AML921A-D0,Diagnosis,GSE116256:AML921A,van Galen 2019 Cell,TRUE,core,,,,,,FALSE,,,,FALSE,0,0,1,WT_presumed,TP53-WT
GSE116256,BM4,Healthy,GSE116256:BM4,van Galen 2019 Cell,TRUE,core,,,,,,FALSE,,,,FALSE,0,0,1,WT_presumed,TP53-WT
GSE116256,BM5-34p,Healthy,GSE116256:BM5,van Galen 2019 Cell,TRUE,core,,,,,,FALSE,,,,FALSE,11,2,1,WT_presumed,TP53-WT
GSE116256,BM5-34p38n,Healthy,GSE116256:BM5,van Galen 2019 Cell,TRUE,core,,,,,,FALSE,,,,FALSE,11,0,1,WT_presumed,TP53-WT
GSE185381,GSM5613744_2019-07-01-count-1,Diagnosis,GSE185381:AML0612_AML3762_AML0160_AML0310_AML3133a,Lasry 2023 Nat Cancer,TRUE,core,,,,,,FALSE,,,,FALSE,0,0,1,WT_presumed,TP53-WT
GSE185381,GSM5613745_2019-07-01-count-2,Diagnosis,GSE185381:AML0612_AML3762_AML0160_AML0310_AML3134b,Lasry 2023 Nat Cancer,TRUE,core,,,,,,FALSE,,,,FALSE,0,0,1,WT_presumed,TP53-WT
GSE185381,GSM5613746_2019-07-01-count-3,Diagnosis,GSE185381:AML3762,Lasry 2023 Nat Cancer,TRUE,core,,,,,,FALSE,,,,FALSE,0,0,1,WT_presumed,TP53-WT
GSE185381,GSM5613748_2019-08-01-count-2,Healthy,GSE185381:Control1_Control2_Control3_Control4b,Lasry 2023 Nat Cancer,TRUE,core,,,,,,FALSE,,,,FALSE,0,1,1,WT_presumed,TP53-WT
GSE185381,GSM5613749_2019-08-01-count-3,Healthy,GSE185381:Control1_Control2_Control3_Control4c,Lasry 2023 Nat Cancer,TRUE,core,,,,,,FALSE,,,,FALSE,0,0,1,WT_presumed,TP53-WT
GSE185381,GSM5613750_2019-08-01-count-4,Healthy,GSE185381:Control1_Control2_Control3_Control4d,Lasry 2023 Nat Cancer,TRUE,core,,,,,,FALSE,,,,FALSE,0,0,1,WT_presumed,TP53-WT
GSE185381,GSM5613751_2019-08-29-count-1,Unknown,GSE185381:Control5_AML2910_AML3050_AML0361a,Lasry 2023 Nat Cancer,TRUE,core,,,,,,FALSE,,,,FALSE,3,1,1,WT_presumed,TP53-WT
GSE185381,GSM5613752_2019-08-29-count-2,Healthy,GSE185381:Control5,Lasry 2023 Nat Cancer,TRUE,core,,,,,,FALSE,,,,FALSE,4,1,1,WT_presumed,TP53-WT
GSE185381,GSM5613756_2019-10-25-count-5,Unknown,GSE185381:AML2451_Control0004,Lasry 2023 Nat Cancer,TRUE,core,,,,,,FALSE,,,,FALSE,1,2,1,WT_presumed,TP53-WT
GSE185381,GSM5613757_2019-11-04-count-1,Healthy,GSE185381:Control0058_PAXMIJ_PAUMTZa,Lasry 2023 Nat Cancer,TRUE,core,,,,,,FALSE,,,,FALSE,2,1,1,WT_presumed,TP53-WT
GSE185381,GSM5613758_2019-11-04-count-2,Healthy,GSE185381:Control0058_PAXMIJ_PAUMTZb,Lasry 2023 Nat Cancer,TRUE,core,,,,,,FALSE,,,,FALSE,3,0,1,WT_presumed,TP53-WT
GSE185381,GSM5613759_2019-11-04-count-3,Healthy,GSE185381:Control0058_PAXMIJ_PAUMTZc,Lasry 2023 Nat Cancer,TRUE,core,,,,,,FALSE,,,,FALSE,9,1,1,WT_presumed,TP53-WT
GSE185381,GSM5613760_2019-11-19-count-1,Diagnosis,GSE185381:AML038,Lasry 2023 Nat Cancer,TRUE,core,,,,,,FALSE,,,,FALSE,6,1,1,WT_presumed,TP53-WT
GSE185381,GSM5613761_2019-11-19-count-2,Diagnosis,GSE185381:AML028,Lasry 2023 Nat Cancer,TRUE,core,,,,,,FALSE,,,,FALSE,3,1,1,WT_presumed,TP53-WT
GSE185381,GSM5613762_2019-11-26-count-1,Diagnosis,GSE185381:AML073_AML006_AML025_AML003a,Lasry 2023 Nat Cancer,TRUE,core,,,,,,FALSE,,,,FALSE,0,0,1,WT_presumed,TP53-WT
GSE185381,GSM5613763_2019-11-26-count-2,Diagnosis,GSE185381:AML073_AML006_AML025_AML003b,Lasry 2023 Nat Cancer,TRUE,core,,,,,,FALSE,,,,FALSE,4,0,1,WT_presumed,TP53-WT
GSE185381,GSM5613764_2020-01-03-count-1,Diagnosis,GSE185381:AML012_AML005_AML055_AML048a,Lasry 2023 Nat Cancer,TRUE,core,,,,,,FALSE,,,,FALSE,4,3,1,WT_presumed,TP53-WT
GSE185381,GSM5613765_2020-01-03-count-2,Diagnosis,GSE185381:AML055,Lasry 2023 Nat Cancer,TRUE,core,,,,,,FALSE,,,,FALSE,6,0,1,WT_presumed,TP53-WT
GSE185381,GSM5613766_2020-03-18-AML0048-c1,Diagnosis,GSE185381:AML0048-c1,Lasry 2023 Nat Cancer,TRUE,core,,,,,,FALSE,,,,FALSE,12,0,1,WT_presumed,TP53-WT
GSE185381,GSM5613767_2020-03-18-AML0048-c2,Diagnosis,GSE185381:AML0048-c2,Lasry 2023 Nat Cancer,TRUE,core,,,,,,FALSE,,,,FALSE,10,0,1,WT_presumed,TP53-WT
GSE185381,GSM5613768_2020-03-18-AML3266,Diagnosis,GSE185381:AML3266,Lasry 2023 Nat Cancer,TRUE,core,,,,,,FALSE,,,,FALSE,2,0,1,WT_presumed,TP53-WT
GSE185381,GSM5613769_2020-03-18-count-1,Unknown,GSE185381:Control0082_AML052_AML022a,Lasry 2023 Nat Cancer,TRUE,core,,,,,,FALSE,,,,FALSE,8,0,1,WT_presumed,TP53-WT
GSE185381,GSM5613770_2020-03-18-count-2,Unknown,GSE185381:Control0082_AML052_AML022b,Lasry 2023 Nat Cancer,TRUE,core,,,,,,FALSE,,,,FALSE,10,0,1,WT_presumed,TP53-WT
GSE185381,GSM5613771_2020-03-18-count-3,Unknown,GSE185381:Control0082_AML052_AML022c,Lasry 2023 Nat Cancer,TRUE,core,,,,,,FALSE,,,,FALSE,8,2,1,WT_presumed,TP53-WT
GSE185381,GSM5613774_2020-08-26-Control4003-c1,Healthy,GSE185381:Control4003a,Lasry 2023 Nat Cancer,TRUE,core,,,,,,FALSE,,,,FALSE,0,1,1,WT_presumed,TP53-WT
GSE185381,GSM5613775_2020-08-26-Control4003-c2,Healthy,GSE185381:Control4003b,Lasry 2023 Nat Cancer,TRUE,core,,,,,,FALSE,,,,FALSE,6,0,1,WT_presumed,TP53-WT
GSE185381,GSM5613776_2020-08-26-Control4003-c3,Healthy,GSE185381:Control4003c,Lasry 2023 Nat Cancer,TRUE,core,,,,,,FALSE,,,,FALSE,7,0,1,WT_presumed,TP53-WT
GSE185381,GSM5613777_2020-09-11-AML4340_AML1371-c1,Diagnosis,GSE185381:AML1371_AML4340a,Lasry 2023 Nat Cancer,TRUE,core,,,,,,FALSE,,,,FALSE,1,0,1,WT_presumed,TP53-WT
GSE185381,GSM5613778_2020-09-11-AML4340_AML1371-c2,Diagnosis,GSE185381:AML1371_AML4340b,Lasry 2023 Nat Cancer,TRUE,core,,,,,,FALSE,,,,FALSE,1,0,1,WT_presumed,TP53-WT
GSE185381,GSM5613779_2020-09-15-AML0024,Diagnosis,GSE185381:AML0024,Lasry 2023 Nat Cancer,TRUE,core,,,,,,FALSE,,,,FALSE,0,0,1,WT_presumed,TP53-WT
GSE185381,GSM5613780_2020-10-06-AML4897,Diagnosis,GSE185381:AML4897,Lasry 2023 Nat Cancer,TRUE,core,,,,,,FALSE,,,,FALSE,0,0,1,WT_presumed,TP53-WT
GSE185381,GSM5613781_2020-10-06-count2,Unknown,GSE185381:Control0005_AML009a,Lasry 2023 Nat Cancer,TRUE,core,,,,,,FALSE,,,,FALSE,8,0,1,WT_presumed,TP53-WT
GSE185381,GSM5613782_2020-10-06-count4_0.95,Diagnosis,GSE185381:AML026_AML051,Lasry 2023 Nat Cancer,TRUE,core,,,,,,FALSE,,,,FALSE,7,0,1,WT_presumed,TP53-WT
GSE185381,GSM5613786_2021-03-09-AMLMS3730,Diagnosis,GSE185381:AML3730,Lasry 2023 Nat Cancer,TRUE,core,,,,,,FALSE,,,,FALSE,8,9,1,WT_presumed,TP53-WT
GSE185381,GSM5613787_2021-03-09-count1_0.95,Unknown,GSE185381:Control0005_AML009b,Lasry 2023 Nat Cancer,TRUE,core,,,,,,FALSE,,,,FALSE,2,4,1,WT_presumed,TP53-WT
GSE185381,GSM5613788_2021-03-09-Z-1-1,Diagnosis,GSE185381:AML0114a,Lasry 2023 Nat Cancer,TRUE,core,,,,,,FALSE,,,,FALSE,1,0,1,WT_presumed,TP53-WT
GSE185381,GSM5613789_2021-03-09-Z-1-2,Diagnosis,GSE185381:AML0114b,Lasry 2023 Nat Cancer,TRUE,core,,,,,,FALSE,,,,FALSE,3,0,1,WT_presumed,TP53-WT
GSE185381,GSM5613790_2021-03-09-Z-1-3,Diagnosis,GSE185381:AML0114c,Lasry 2023 Nat Cancer,TRUE,core,,,,,,FALSE,,,,FALSE,1,0,1,WT_presumed,TP53-WT
GSE185381,GSM5613791_2019-10-21-1-Control0004,Healthy,GSE185381:Control0004,Lasry 2023 Nat Cancer,TRUE,core,,,,,,FALSE,,,,FALSE,0,0,1,WT_presumed,TP53-WT
GSE185381,GSM5613793_2020-03-18-82,Healthy,GSE185381:Control0082,Lasry 2023 Nat Cancer,TRUE,core,,,,,,FALSE,,,,FALSE,0,0,1,WT_presumed,TP53-WT
GSE185381,GSM5613795_2020-05-22-5prime_2,Healthy,GSE185381:Control0182,Lasry 2023 Nat Cancer,TRUE,core,,,,,,FALSE,,,,FALSE,0,0,1,WT_presumed,TP53-WT
GSE185381,GSM5613796_2020-08-07-MDS-AML_cDNA1,Healthy,GSE185381:Control4003a,Lasry 2023 Nat Cancer,TRUE,core,,,,,,FALSE,,,,FALSE,0,0,1,WT_presumed,TP53-WT
GSE185381,GSM5613797_2020-08-07-MDS-AML_cDNA2,Healthy,GSE185381:Control4003,Lasry 2023 Nat Cancer,TRUE,core,,,,,,FALSE,,,,FALSE,0,0,1,WT_presumed,TP53-WT
GSE185381,GSM5613800_2021-04-29-0102_cDNA,Diagnosis,GSE185381:AML0102,Lasry 2023 Nat Cancer,TRUE,core,,,,,,FALSE,,,,FALSE,0,0,1,WT_presumed,TP53-WT
GSE185381,GSM5613801_2021-04-29-0134_cDNA,Diagnosis,GSE185381:AML0134,Lasry 2023 Nat Cancer,TRUE,core,,,,,,FALSE,,,,FALSE,0,0,1,WT_presumed,TP53-WT
GSE185381,GSM5613804_2021-04-29-2910_cDNA,Diagnosis,GSE185381:AML2910,Lasry 2023 Nat Cancer,TRUE,core,,,,,,FALSE,,,,FALSE,0,0,1,WT_presumed,TP53-WT
GSE185381,GSM5613805_2021-04-29-2975_cDNA,Diagnosis,GSE185381:AML2975,Lasry 2023 Nat Cancer,TRUE,core,,,,,,FALSE,,,,FALSE,0,0,1,WT_presumed,TP53-WT
GSE201966,GSM6085180_AML02M5_RE,Relapse,GSE201966:AML02M5,GSE201966 (acute monocytic AML relapse),TRUE,core,,,,,,FALSE,,,,FALSE,0,1,1,WT_presumed,TP53-WT
GSE201966,GSM6085181_AML03M5_P,Diagnosis,GSE201966:AML03M5,GSE201966 (acute monocytic AML relapse),TRUE,core,,,,,,FALSE,,,,FALSE,12,2,1,WT_presumed,TP53-WT
GSE201966,GSM6085182_AML03M5_RE,Relapse,GSE201966:AML03M5,GSE201966 (acute monocytic AML relapse),TRUE,core,,,,,,FALSE,,,,FALSE,0,0,1,WT_presumed,TP53-WT
GSE207356,GSM6284913_TS173_05_Sample_E,Post_treatment,GSE207356:TS173,Nicosia 2023 Cancer Cell,TRUE,core,,,,,,FALSE,,,,FALSE,7,1,1,WT_presumed,TP53-WT
GSE207356,GSM6284914_TS173_06_Sample_F,Post_treatment,GSE207356:TS173,Nicosia 2023 Cancer Cell,TRUE,core,,,,,,FALSE,,,,FALSE,4,5,1,WT_presumed,TP53-WT
GSE227903,1216_MRD,MRD,GSE227903:1216,Ennis 2023 iScience,TRUE,core,,,,,,FALSE,0,neu,,FALSE,,0,1,WT_presumed,TP53-WT
GSE227903,1216_R,Relapse,GSE227903:1216,Ennis 2023 iScience,TRUE,core,,,,,,FALSE,0,neu,,FALSE,,28,1,WT_presumed,TP53-WT
GSE227903,1886_Dg,Diagnosis,GSE227903:1886,Ennis 2023 iScience,TRUE,core,,,,,,FALSE,0,neu,,FALSE,1,47,2,WT_presumed,TP53-WT
GSE227903,1886_MRD,MRD,GSE227903:1886,Ennis 2023 iScience,TRUE,core,,,,,,FALSE,0,neu,14.0272684257205,FALSE,2,0,2,WT_presumed,TP53-WT
GSE227903,3853_Dg,Diagnosis,GSE227903:3853,Ennis 2023 iScience,TRUE,core,,,,,,FALSE,0,neu,,FALSE,3,0,2,WT_presumed,TP53-WT
GSE227903,3853_R,Relapse,GSE227903:3853,Ennis 2023 iScience,TRUE,core,,,,,,FALSE,,,,FALSE,0,0,1,WT_presumed,TP53-WT
GSE227903,3904_Dg,Diagnosis,GSE227903:3904,Ennis 2023 iScience,TRUE,core,,,,,,FALSE,0,neu,,FALSE,0,31,2,WT_presumed,TP53-WT
GSE227903,3904_MRD,MRD,GSE227903:3904,Ennis 2023 iScience,TRUE,core,,,,,,FALSE,0,neu,,FALSE,1,1,2,WT_presumed,TP53-WT
GSE227903,3904_R,Relapse,GSE227903:3904,Ennis 2023 iScience,TRUE,core,,,,,,FALSE,0,neu,,FALSE,0,40,2,WT_presumed,TP53-WT
GSE227903,40389_Dg,Diagnosis,GSE227903:40389,Ennis 2023 iScience,TRUE,core,,,,,,FALSE,0,neu,,FALSE,6,9,2,WT_presumed,TP53-WT
GSE227903,40389_MRD,MRD,GSE227903:40389,Ennis 2023 iScience,TRUE,core,,,,,,FALSE,0,neu,,FALSE,1,4,2,WT_presumed,TP53-WT
GSE227903,40389_R,Relapse,GSE227903:40389,Ennis 2023 iScience,TRUE,core,,,,,,FALSE,,,,FALSE,5,18,1,WT_presumed,TP53-WT
GSE227903,4978_Dg,Diagnosis,GSE227903:4978,Ennis 2023 iScience,TRUE,core,,,,,,FALSE,0,neu,11.4000570582136,FALSE,1,19,2,WT_presumed,TP53-WT
GSE227903,4978_MRD,MRD,GSE227903:4978,Ennis 2023 iScience,TRUE,core,,,,,,FALSE,0,neu,,FALSE,1,0,2,WT_presumed,TP53-WT
GSE227903,4978_R,Relapse,GSE227903:4978,Ennis 2023 iScience,TRUE,core,,,,,,FALSE,0,neu,,FALSE,0,177,2,WT_presumed,TP53-WT
GSE227903,5143_Dg,Diagnosis,GSE227903:5143,Ennis 2023 iScience,TRUE,core,,,,,,FALSE,0,neu,,FALSE,0,0,2,WT_presumed,TP53-WT
GSE227903,5143_R,Relapse,GSE227903:5143,Ennis 2023 iScience,TRUE,core,,,,,,FALSE,0,neu,,FALSE,0,0,2,WT_presumed,TP53-WT
GSE227903,5750_Dg,Diagnosis,GSE227903:5750,Ennis 2023 iScience,TRUE,core,,,,,,FALSE,0,neu,,FALSE,0,0,2,WT_presumed,TP53-WT
GSE227903,5750_MRD,MRD,GSE227903:5750,Ennis 2023 iScience,TRUE,core,,,,,,FALSE,0,neu,,FALSE,0,0,2,WT_presumed,TP53-WT
GSE227903,5750_R,Relapse,GSE227903:5750,Ennis 2023 iScience,TRUE,core,,,,,,FALSE,,,,FALSE,0,0,1,WT_presumed,TP53-WT
GSE227903,6323_Dg,Diagnosis,GSE227903:6323,Ennis 2023 iScience,TRUE,core,,,,,,FALSE,0,neu,,FALSE,0,0,2,WT_presumed,TP53-WT
GSE227903,6323_MRD,MRD,GSE227903:6323,Ennis 2023 iScience,TRUE,core,,,,,,FALSE,0,neu,,FALSE,6,28,2,WT_presumed,TP53-WT
GSE227903,6323_R2,Relapse2,GSE227903:6323,Ennis 2023 iScience,TRUE,core,,,,,,FALSE,,,,FALSE,1,2,1,WT_presumed,TP53-WT
GSE239721,PT17A,Diagnosis,GSE239721:PT17A,GSE239721 (IFN-gamma AML),TRUE,core,,,,,,FALSE,,,,FALSE,0,1,1,WT_presumed,TP53-WT
GSE239721,PT20A,Diagnosis,GSE239721:PT20A,GSE239721 (IFN-gamma AML),TRUE,core,,,,,,FALSE,,,,FALSE,0,1,1,WT_presumed,TP53-WT
GSE239721,PT21A,Diagnosis,GSE239721:PT21A,GSE239721 (IFN-gamma AML),TRUE,core,,,,,,FALSE,,,,FALSE,0,0,1,WT_presumed,TP53-WT
GSE239721,PT22A,Diagnosis,GSE239721:PT22A,GSE239721 (IFN-gamma AML),TRUE,core,,,,,,FALSE,,,,FALSE,0,1,1,WT_presumed,TP53-WT
GSE239721,PT23A,Diagnosis,GSE239721:PT23A,GSE239721 (IFN-gamma AML),TRUE,core,,,,,,FALSE,,,,FALSE,0,8,1,WT_presumed,TP53-WT
GSE239721,PT26A,Diagnosis,GSE239721:PT26A,GSE239721 (IFN-gamma AML),TRUE,core,,,,,,FALSE,,,,FALSE,0,1,1,WT_presumed,TP53-WT
GSE239721,PT28A,Diagnosis,GSE239721:PT28A,GSE239721 (IFN-gamma AML),TRUE,core,,,,,,FALSE,,,,FALSE,0,3,1,WT_presumed,TP53-WT
GSE239721,PT29A,Diagnosis,GSE239721:PT29A,GSE239721 (IFN-gamma AML),TRUE,core,,,,,,FALSE,,,,FALSE,8,1,1,WT_presumed,TP53-WT
GSE239721,PT30A,Diagnosis,GSE239721:PT30A,GSE239721 (IFN-gamma AML),TRUE,core,,,,,,FALSE,,,,FALSE,0,1,1,WT_presumed,TP53-WT
GSE239721,PT32A,Diagnosis,GSE239721:PT32A,GSE239721 (IFN-gamma AML),TRUE,core,,,,,,FALSE,,,,FALSE,4,1,1,WT_presumed,TP53-WT
GSE289435,GSM8791432_MLL_14666,Diagnosis,GSE289435:MLL_14666,Zeng 2025 BCD,TRUE,core,,,,,,FALSE,,,,FALSE,7,40,1,WT_presumed,TP53-WT
GSE289435,GSM8791433_MLL_16703,Diagnosis,GSE289435:MLL_16703,Zeng 2025 BCD,TRUE,core,,,,,,FALSE,,,,FALSE,3,7,1,WT_presumed,TP53-WT
GSE289435,GSM8791434_MLL_17746,Diagnosis,GSE289435:MLL_17746,Zeng 2025 BCD,TRUE,core,,,,,,FALSE,0,neu,,FALSE,7,26,2,WT_presumed,TP53-WT
GSE289435,GSM8791435_MLL_17843,Diagnosis,GSE289435:MLL_17843,Zeng 2025 BCD,TRUE,core,,,,,,FALSE,0,neu,,FALSE,4,0,2,WT_presumed,TP53-WT
GSE289435,GSM8791437_MLL_28824,Diagnosis,GSE289435:MLL_28824,Zeng 2025 BCD,TRUE,core,,,,,,FALSE,,,,FALSE,3,2,1,WT_presumed,TP53-WT
GSE289435,GSM8791439_MLL_28855,Diagnosis,GSE289435:MLL_28855,Zeng 2025 BCD,TRUE,core,,,,,,FALSE,0,neu,,FALSE,4,0,2,WT_presumed,TP53-WT
GSE289435,GSM8791441_MLL_29532,Diagnosis,GSE289435:MLL_29532,Zeng 2025 BCD,TRUE,core,,,,,,FALSE,,,,FALSE,13,0,1,WT_presumed,TP53-WT
GSE289435,GSM8791442_MLL_29538,Diagnosis,GSE289435:MLL_29538,Zeng 2025 BCD,TRUE,core,,,,,,FALSE,,,,FALSE,8,3,1,WT_presumed,TP53-WT
GSE289435,GSM8791443_MLL_30862,Diagnosis,GSE289435:MLL_30862,Zeng 2025 BCD,TRUE,core,,,,,,FALSE,,,,FALSE,11,0,1,WT_presumed,TP53-WT
GSE289435,GSM8791444_MLL_30886,Diagnosis,GSE289435:MLL_30886,Zeng 2025 BCD,TRUE,core,,,,,,FALSE,0,neu,,FALSE,4,9,2,WT_presumed,TP53-WT
Petti2019,508084,Diagnosis,Petti2019:508084,Petti 2019 Nat Commun,TRUE,core,,,,,,FALSE,,,,FALSE,0,0,1,WT_presumed,TP53-WT
Petti2019,548327,Diagnosis,Petti2019:548327,Petti 2019 Nat Commun,TRUE,core,,,,,,FALSE,,,,FALSE,4,3,1,WT_presumed,TP53-WT
Petti2019,721214,Diagnosis,Petti2019:721214,Petti 2019 Nat Commun,TRUE,core,,,,,,FALSE,,,,FALSE,0,12,1,WT_presumed,TP53-WT
Petti2019,782328,Diagnosis,Petti2019:782328,Petti 2019 Nat Commun,TRUE,core,,,,,,FALSE,,,,FALSE,2,1,1,WT_presumed,TP53-WT
Petti2019,ND_083017,Healthy,Petti2019:ND_083017,Petti 2019 Nat Commun,TRUE,core,,,,,,FALSE,,,,FALSE,3,1,1,WT_presumed,TP53-WT
Petti2019,ND_090617,Healthy,Petti2019:ND_090617,Petti 2019 Nat Commun,TRUE,core,,,,,,FALSE,,,,FALSE,10,0,1,WT_presumed,TP53-WT
Petti2019,Normal_sorted_170531,Healthy,Petti2019:Normal_sorted_170531,Petti 2019 Nat Commun,TRUE,core,,,,,,FALSE,,,,FALSE,8,0,1,WT_presumed,TP53-WT
Petti2019,Normal_sorted_170607,Healthy,Petti2019:Normal_sorted_170607,Petti 2019 Nat Commun,TRUE,core,,,,,,FALSE,,,,FALSE,13,0,1,WT_presumed,TP53-WT
Chen2023,AML103_CD34,Diagnosis,Chen2023:AML103,Chen 2023 Blood Cancer Discovery,TRUE,core,,,,,,FALSE,,,,FALSE,,0,0,unevaluable,
Chen2023,AML162_CD34,Diagnosis,Chen2023:AML162,Chen 2023 Blood Cancer Discovery,TRUE,core,,,,,,FALSE,,,,FALSE,,0,0,unevaluable,
Chen2023,AML24_CD34,Diagnosis,Chen2023:AML24,Chen 2023 Blood Cancer Discovery,TRUE,core,,,,,,FALSE,,,,FALSE,,0,0,unevaluable,
Chen2023,AML304_CD34,Diagnosis,Chen2023:AML304,Chen 2023 Blood Cancer Discovery,TRUE,core,,,,,,FALSE,,,,FALSE,,1,0,unevaluable,
Chen2023,AML320_CD34,Diagnosis,Chen2023:AML320,Chen 2023 Blood Cancer Discovery,TRUE,core,,,,,,FALSE,,,,FALSE,,2,0,unevaluable,
Chen2023,AML469_CD34,Diagnosis,Chen2023:AML469,Chen 2023 Blood Cancer Discovery,TRUE,core,,,,,,FALSE,,,,FALSE,,0,0,unevaluable,
Chen2023,NBM1_CD34,Healthy,Chen2023:NBM1,Chen 2023 Blood Cancer Discovery,TRUE,core,,,,,,FALSE,,,,FALSE,,0,0,unevaluable,
Chen2023,NBM2_CD34,Healthy,Chen2023:NBM2,Chen 2023 Blood Cancer Discovery,TRUE,core,,,,,,FALSE,,,,FALSE,,0,0,unevaluable,
Chen2023,NBM3_CD34,Healthy,Chen2023:NBM3,Chen 2023 Blood Cancer Discovery,TRUE,core,,,,,,FALSE,,,,FALSE,,2,0,unevaluable,
Chen2023,NBM4_CD34,Healthy,Chen2023:NBM4,Chen 2023 Blood Cancer Discovery,TRUE,core,,,,,,FALSE,,,,FALSE,,5,0,unevaluable,
E-MTAB-11536,621B-BMA,Healthy,E-MTAB-11536:621B,Dominguez Conde 2022 Science,FALSE,excluded,,,,,,FALSE,,,,FALSE,,0,0,unevaluable,
E-MTAB-11536,637C-BLD,Healthy,E-MTAB-11536:637C,Dominguez Conde 2022 Science,FALSE,excluded,,,,,,FALSE,,,,FALSE,,0,0,unevaluable,
E-MTAB-11536,637C-BMA,Healthy,E-MTAB-11536:637C,Dominguez Conde 2022 Science,FALSE,excluded,,,,,,FALSE,,,,FALSE,,0,0,unevaluable,
E-MTAB-11536,640C-BMA,Healthy,E-MTAB-11536:640C,Dominguez Conde 2022 Science,FALSE,excluded,,,,,,FALSE,,,,FALSE,,0,0,unevaluable,
E-MTAB-11536,A29-BMA,Healthy,E-MTAB-11536:A29,Dominguez Conde 2022 Science,FALSE,excluded,,,,,,FALSE,,,,FALSE,,0,0,unevaluable,
E-MTAB-11536,A35-BLD,Healthy,E-MTAB-11536:A35,Dominguez Conde 2022 Science,FALSE,excluded,,,,,,FALSE,,,,FALSE,,0,0,unevaluable,
E-MTAB-11536,A35-BMA,Healthy,E-MTAB-11536:A35,Dominguez Conde 2022 Science,FALSE,excluded,,,,,,FALSE,,,,FALSE,,0,0,unevaluable,
E-MTAB-11536,A36-BLD,Healthy,E-MTAB-11536:A36,Dominguez Conde 2022 Science,FALSE,excluded,,,,,,FALSE,,,,FALSE,,0,0,unevaluable,
E-MTAB-11536,A36-BMA,Healthy,E-MTAB-11536:A36,Dominguez Conde 2022 Science,FALSE,excluded,,,,,,FALSE,,,,FALSE,,0,0,unevaluable,
E-MTAB-11536,A37-BMA,Healthy,E-MTAB-11536:A37,Dominguez Conde 2022 Science,FALSE,excluded,,,,,,FALSE,,,,FALSE,,0,0,unevaluable,
GSE116256,AML1012-D0,Diagnosis,GSE116256:AML1012,van Galen 2019 Cell,TRUE,core,,,,,,FALSE,,,,FALSE,,0,0,unevaluable,
GSE116256,AML210A-D0,Diagnosis,GSE116256:AML210A,van Galen 2019 Cell,TRUE,core,,,,,,FALSE,,,,FALSE,,0,0,unevaluable,
GSE116256,AML329-D20,Post_treatment,GSE116256:AML329,van Galen 2019 Cell,TRUE,core,,,,,,FALSE,,,,FALSE,,0,0,unevaluable,
GSE116256,AML371-D0,Diagnosis,GSE116256:AML371,van Galen 2019 Cell,TRUE,core,,,,,,FALSE,,,,FALSE,,2,0,unevaluable,
GSE116256,AML419A-D0,Diagnosis,GSE116256:AML419A,van Galen 2019 Cell,TRUE,core,,,,,,FALSE,,,,FALSE,,0,0,unevaluable,
GSE147989,007C1D1BL,Post_treatment,GSE147989:007,Riether 2020 Nat Med,TRUE,core,,,,,,FALSE,,,,FALSE,,0,0,unevaluable,
GSE147989,007SCRBL,Diagnosis,GSE147989:007,Riether 2020 Nat Med,TRUE,core,,,,,,FALSE,,,,FALSE,,0,0,unevaluable,
GSE147989,009C1D1BL,Post_treatment,GSE147989:009,Riether 2020 Nat Med,TRUE,core,,,,,,FALSE,,,,FALSE,,0,0,unevaluable,
GSE147989,009SCRBL,Diagnosis,GSE147989:009,Riether 2020 Nat Med,TRUE,core,,,,,,FALSE,,,,FALSE,,0,0,unevaluable,
GSE185381,GSM5613806_2021-04-29-3948_cDNA,Diagnosis,GSE185381:AML3948,Lasry 2023 Nat Cancer,TRUE,core,,,,,,FALSE,,,,FALSE,,0,0,unevaluable,
GSE185991,GSM5628163_M03,Diagnosis,GSE185991:PT01,Naldini 2023 Nat Commun,TRUE,core,,,,,,FALSE,,,,FALSE,,0,0,unevaluable,
GSE185991,GSM5628164_M04,Diagnosis,GSE185991:PT01,Naldini 2023 Nat Commun,TRUE,core,,,,,,FALSE,,,,FALSE,,0,0,unevaluable,
GSE185991,GSM5628167_M07,Diagnosis,GSE185991:PT06,Naldini 2023 Nat Commun,TRUE,core,,,,,,FALSE,,,,FALSE,,0,0,unevaluable,
GSE185991,GSM5628168_M08,Diagnosis,GSE185991:PT06,Naldini 2023 Nat Commun,TRUE,core,,,,,,FALSE,,,,FALSE,,0,0,unevaluable,
GSE185991,GSM5628172_M22,Diagnosis,GSE185991:PT07,Naldini 2023 Nat Commun,TRUE,core,,,,,,FALSE,,,,FALSE,,1,0,unevaluable,
GSE185991,GSM5628174_M24,Post_treatment,GSE185991:PT07,Naldini 2023 Nat Commun,TRUE,core,,,,,,FALSE,,,,FALSE,,0,0,unevaluable,
GSE185991,GSM5628175_M25,Diagnosis,GSE185991:PT02,Naldini 2023 Nat Commun,TRUE,core,,,,,,FALSE,,,,FALSE,,0,0,unevaluable,
GSE185991,GSM5628176_M26,Post_treatment,GSE185991:PT02,Naldini 2023 Nat Commun,TRUE,core,,,,,,FALSE,,,,FALSE,,0,0,unevaluable,
GSE185991,GSM5628177_M27,Post_treatment,GSE185991:PT01,Naldini 2023 Nat Commun,TRUE,core,,,,,,FALSE,,,,FALSE,,0,0,unevaluable,
GSE185991,GSM5628178_M28,Diagnosis,GSE185991:PT08,Naldini 2023 Nat Commun,TRUE,core,,,,,,FALSE,,,,FALSE,,0,0,unevaluable,
GSE185991,GSM5628180_M30,Relapse,GSE185991:PT08,Naldini 2023 Nat Commun,TRUE,core,,,,,,FALSE,,,,FALSE,,0,0,unevaluable,
GSE185991,GSM5628181_M31,Relapse,GSE185991:PT08,Naldini 2023 Nat Commun,TRUE,core,,,,,,FALSE,,,,FALSE,,11,0,unevaluable,
GSE185991,GSM5628182_M32,Diagnosis,GSE185991:PT09,Naldini 2023 Nat Commun,TRUE,core,,,,,,FALSE,,,,FALSE,,0,0,unevaluable,
GSE185991,GSM5628183_M33,Diagnosis,GSE185991:PT10,Naldini 2023 Nat Commun,TRUE,core,,,,,,FALSE,,,,FALSE,,0,0,unevaluable,
GSE185991,GSM5628186_M39,Post_treatment,GSE185991:PT08,Naldini 2023 Nat Commun,TRUE,core,,,,,,FALSE,,,,FALSE,,0,0,unevaluable,
GSE185991,GSM5628187_M40,Diagnosis,GSE185991:PT12,Naldini 2023 Nat Commun,TRUE,core,,,,,,FALSE,,,,FALSE,,0,0,unevaluable,
GSE185991,GSM5628188_M41,Diagnosis,GSE185991:PT13,Naldini 2023 Nat Commun,TRUE,core,,,,,,FALSE,,,,FALSE,,0,0,unevaluable,
GSE185991,GSM5628189_M42,Relapse,GSE185991:PT10,Naldini 2023 Nat Commun,TRUE,core,,,,,,FALSE,,,,FALSE,,0,0,unevaluable,
GSE185991,GSM5628190_M43,Post_treatment,GSE185991:PT01_PT10,Naldini 2023 Nat Commun,TRUE,core,,,,,,FALSE,,,,FALSE,,0,0,unevaluable,
GSE185991,GSM5628191_M44,Post_treatment,GSE185991:PT12_PT13,Naldini 2023 Nat Commun,TRUE,core,,,,,,FALSE,,,,FALSE,,0,0,unevaluable,
GSE185991,GSM5628192_M45,Post_treatment,GSE185991:PT12,Naldini 2023 Nat Commun,TRUE,core,,,,,,FALSE,,,,FALSE,,0,0,unevaluable,
GSE185991,GSM5628195_M48,Diagnosis,GSE185991:PT15,Naldini 2023 Nat Commun,TRUE,core,,,,,,FALSE,,,,FALSE,,1,0,unevaluable,
GSE185991,GSM5628196_M49,Relapse,GSE185991:PT15,Naldini 2023 Nat Commun,TRUE,core,,,,,,FALSE,,,,FALSE,,0,0,unevaluable,
GSE185991,GSM6412447_M36,Diagnosis,GSE185991:PT11,Naldini 2023 Nat Commun,TRUE,core,,,,,,FALSE,,,,FALSE,,0,0,unevaluable,
GSE185991,GSM6412448_M38,Post_treatment,GSE185991:PT11,Naldini 2023 Nat Commun,TRUE,core,,,,,,FALSE,,,,FALSE,,3,0,unevaluable,
GSE185991,GSM6412449_M84,Diagnosis,GSE185991:PT17,Naldini 2023 Nat Commun,TRUE,core,,,,,,FALSE,,,,FALSE,,0,0,unevaluable,
GSE185991,GSM6412450_M85,Post_treatment,GSE185991:PT17,Naldini 2023 Nat Commun,TRUE,core,,,,,,FALSE,,,,FALSE,,0,0,unevaluable,
GSE185991,GSM6412451_M88,Diagnosis,GSE185991:PT18,Naldini 2023 Nat Commun,TRUE,core,,,,,,FALSE,,,,FALSE,,0,0,unevaluable,
GSE185991,GSM6412452_M89,Post_treatment,GSE185991:PT18,Naldini 2023 Nat Commun,TRUE,core,,,,,,FALSE,,,,FALSE,,0,0,unevaluable,
GSE185991,GSM6412453_M92,Post_treatment,GSE185991:PT17,Naldini 2023 Nat Commun,TRUE,core,,,,,,FALSE,,,,FALSE,,0,0,unevaluable,
GSE185991,GSM6412454_M93,Relapse,GSE185991:PT19,Naldini 2023 Nat Commun,TRUE,core,,,,,,FALSE,,,,FALSE,,50,0,unevaluable,
GSE185991,GSM6412455_M95,Relapse,GSE185991:PT20,Naldini 2023 Nat Commun,TRUE,core,,,,,,FALSE,,,,FALSE,,132,0,unevaluable,
GSE201966,GSM6085176_AML01M4_CR,Post_treatment,GSE201966:AML01M4,GSE201966 (acute monocytic AML relapse),TRUE,core,,,,,,FALSE,,,,FALSE,,0,0,unevaluable,
GSE201966,GSM6085177_AML01M4_P,Diagnosis,GSE201966:AML01M4,GSE201966 (acute monocytic AML relapse),TRUE,core,,,,,,FALSE,,,,FALSE,,1,0,unevaluable,
GSE201966,GSM6085178_AML01M4_RE,Relapse,GSE201966:AML01M4,GSE201966 (acute monocytic AML relapse),TRUE,core,,,,,,FALSE,,,,FALSE,,1,0,unevaluable,
GSE201966,GSM6085179_AML02M5_P,Diagnosis,GSE201966:AML02M5,GSE201966 (acute monocytic AML relapse),TRUE,core,,,,,,FALSE,,,,FALSE,,0,0,unevaluable,
GSE207356,GSM6284912_TS173_04_Sample_D,Diagnosis,GSE207356:TS173,Nicosia 2023 Cancer Cell,TRUE,core,,,,,,FALSE,,,,FALSE,,0,0,unevaluable,
GSE227903,1216_Dg,Diagnosis,GSE227903:1216,Ennis 2023 iScience,TRUE,core,,,,,,FALSE,,,,FALSE,,32,0,unevaluable,
GSE239721,PT10A,Diagnosis,GSE239721:PT10A,GSE239721 (IFN-gamma AML),TRUE,core,,,,,,FALSE,,,,FALSE,,0,0,unevaluable,
GSE239721,PT14A,Diagnosis,GSE239721:PT14A,GSE239721 (IFN-gamma AML),TRUE,core,,,,,,FALSE,,,,FALSE,,0,0,unevaluable,
GSE239721,PT15A,Diagnosis,GSE239721:PT15A,GSE239721 (IFN-gamma AML),TRUE,core,,,,,,FALSE,,,,FALSE,,0,0,unevaluable,
GSE239721,PT16A,Diagnosis,GSE239721:PT16A,GSE239721 (IFN-gamma AML),TRUE,core,,,,,,FALSE,,,,FALSE,,0,0,unevaluable,
GSE253355,GSM8019212_H14_MACS,Healthy,GSE253355:H14_MACS,Bandyopadhyay 2024 Cell,TRUE,stroma_reference,,,,,,FALSE,,,,FALSE,,2827,0,unevaluable,
GSE253355,GSM8019213_H21,Healthy,GSE253355:H21,Bandyopadhyay 2024 Cell,TRUE,stroma_reference,,,,,,FALSE,,,,FALSE,,4415,0,unevaluable,
GSE253355,GSM8019214_H23,Healthy,GSE253355:H23,Bandyopadhyay 2024 Cell,TRUE,stroma_reference,,,,,,FALSE,,,,FALSE,,3603,0,unevaluable,
GSE253355,GSM8019215_H24,Healthy,GSE253355:H24,Bandyopadhyay 2024 Cell,TRUE,stroma_reference,,,,,,FALSE,,,,FALSE,,1191,0,unevaluable,
GSE253355,GSM8019216_H32,Healthy,GSE253355:H32,Bandyopadhyay 2024 Cell,TRUE,stroma_reference,,,,,,FALSE,,,,FALSE,,1028,0,unevaluable,
GSE253355,GSM8019217_H33,Healthy,GSE253355:H33,Bandyopadhyay 2024 Cell,TRUE,stroma_reference,,,,,,FALSE,,,,FALSE,,442,0,unevaluable,
GSE253355,GSM8019218_H34,Healthy,GSE253355:H34,Bandyopadhyay 2024 Cell,TRUE,stroma_reference,,,,,,FALSE,,,,FALSE,,818,0,unevaluable,
GSE253355,GSM8019219_H35,Healthy,GSE253355:H35,Bandyopadhyay 2024 Cell,TRUE,stroma_reference,,,,,,FALSE,,,,FALSE,,1346,0,unevaluable,
GSE253355,GSM8019220_H36,Healthy,GSE253355:H36,Bandyopadhyay 2024 Cell,TRUE,stroma_reference,,,,,,FALSE,,,,FALSE,,3474,0,unevaluable,
GSE253355,GSM8019221_H38,Healthy,GSE253355:H38,Bandyopadhyay 2024 Cell,TRUE,stroma_reference,,,,,,FALSE,,,,FALSE,,1507,0,unevaluable,
GSE253355,GSM8019222_H39,Healthy,GSE253355:H39,Bandyopadhyay 2024 Cell,TRUE,stroma_reference,,,,,,FALSE,,,,FALSE,,1736,0,unevaluable,
GSE253355,GSM8019223_H41,Healthy,GSE253355:H41,Bandyopadhyay 2024 Cell,TRUE,stroma_reference,,,,,,FALSE,,,,FALSE,,2983,0,unevaluable,
