subclone,arm,direction,n_genes_nonneutral,n_genes_arm,frac_arm,is_event,dataset,sample
observation.observation_s1,1p,loss,23,345,0.0666666666666667,FALSE,GSE227903,40389_R
observation.observation_s1,1q,loss,50,263,0.190114068441065,FALSE,GSE227903,40389_R
observation.observation_s1,4q,gain,47,144,0.326388888888889,FALSE,GSE227903,40389_R
observation.observation_s1,5q,gain,14,248,0.0564516129032258,FALSE,GSE227903,40389_R
observation.observation_s1,7q,loss,54,170,0.317647058823529,FALSE,GSE227903,40389_R
observation.observation_s1,8q,gain,47,134,0.350746268656716,FALSE,GSE227903,40389_R
observation.observation_s1,11p,gain,52,113,0.460176991150443,FALSE,GSE227903,40389_R
observation.observation_s1,11q,loss,43,229,0.187772925764192,FALSE,GSE227903,40389_R
observation.observation_s1,12q,gain,55,266,0.206766917293233,FALSE,GSE227903,40389_R
observation.observation_s1,14q,loss,56,212,0.264150943396226,FALSE,GSE227903,40389_R
observation.observation_s1,19p,gain,143,199,0.718592964824121,TRUE,GSE227903,40389_R
observation.observation_s2,1p,loss,3,345,0.00869565217391304,FALSE,GSE227903,40389_R
observation.observation_s2,1q,loss,64,263,0.243346007604563,FALSE,GSE227903,40389_R
observation.observation_s2,2p,loss,24,168,0.142857142857143,FALSE,GSE227903,40389_R
observation.observation_s2,2q,loss,15,224,0.0669642857142857,FALSE,GSE227903,40389_R
observation.observation_s2,3q,gain,74,180,0.411111111111111,FALSE,GSE227903,40389_R
observation.observation_s2,4p,gain,3,65,0.0461538461538462,FALSE,GSE227903,40389_R
observation.observation_s2,4q,gain,61,144,0.423611111111111,FALSE,GSE227903,40389_R
observation.observation_s2,6p,loss,28,170,0.164705882352941,FALSE,GSE227903,40389_R
observation.observation_s2,8q,gain,67,134,0.5,TRUE,GSE227903,40389_R
observation.observation_s2,11p,gain,57,113,0.504424778761062,TRUE,GSE227903,40389_R
observation.observation_s2,11q,loss,43,229,0.187772925764192,FALSE,GSE227903,40389_R
observation.observation_s2,12q,gain,92,266,0.345864661654135,FALSE,GSE227903,40389_R
observation.observation_s2,14q,loss,37,212,0.174528301886792,FALSE,GSE227903,40389_R
observation.observation_s2,17q,gain,39,264,0.147727272727273,FALSE,GSE227903,40389_R
observation.observation_s2,19p,gain,43,199,0.21608040201005,FALSE,GSE227903,40389_R
observation.observation_s6,2p,loss,18,168,0.107142857142857,FALSE,GSE227903,40389_R
observation.observation_s6,2q,loss,19,224,0.0848214285714286,FALSE,GSE227903,40389_R
observation.observation_s6,3p,gain,38,156,0.243589743589744,FALSE,GSE227903,40389_R
observation.observation_s6,4q,gain,65,144,0.451388888888889,FALSE,GSE227903,40389_R
observation.observation_s6,7p,gain,38,101,0.376237623762376,FALSE,GSE227903,40389_R
observation.observation_s6,7q,loss,47,170,0.276470588235294,FALSE,GSE227903,40389_R
observation.observation_s6,8q,gain,55,134,0.41044776119403,FALSE,GSE227903,40389_R
observation.observation_s6,11p,gain,51,113,0.451327433628319,FALSE,GSE227903,40389_R
observation.observation_s6,11q,gain,37,229,0.161572052401747,FALSE,GSE227903,40389_R
observation.observation_s6,11q,loss,66,229,0.2882096069869,FALSE,GSE227903,40389_R
observation.observation_s6,12p,loss,68,68,1,TRUE,GSE227903,40389_R
observation.observation_s6,12q,loss,7,266,0.0263157894736842,FALSE,GSE227903,40389_R
observation.observation_s6,12q,gain,89,266,0.334586466165414,FALSE,GSE227903,40389_R
observation.observation_s6,14q,loss,67,212,0.316037735849057,FALSE,GSE227903,40389_R
observation.observation_s6,15q,gain,44,183,0.240437158469945,FALSE,GSE227903,40389_R
observation.observation_s6,19p,gain,22,199,0.110552763819095,FALSE,GSE227903,40389_R
observation.observation_s5,1p,gain,8,345,0.0231884057971015,FALSE,GSE227903,40389_R
observation.observation_s5,1q,gain,130,263,0.494296577946768,FALSE,GSE227903,40389_R
observation.observation_s5,2p,loss,19,168,0.113095238095238,FALSE,GSE227903,40389_R
observation.observation_s5,2q,loss,84,224,0.375,FALSE,GSE227903,40389_R
observation.observation_s5,2q,gain,71,224,0.316964285714286,FALSE,GSE227903,40389_R
observation.observation_s5,3q,gain,68,180,0.377777777777778,FALSE,GSE227903,40389_R
observation.observation_s5,4q,gain,143,144,0.993055555555556,TRUE,GSE227903,40389_R
observation.observation_s5,6p,gain,39,170,0.229411764705882,FALSE,GSE227903,40389_R
observation.observation_s5,6p,loss,36,170,0.211764705882353,FALSE,GSE227903,40389_R
observation.observation_s5,6q,gain,114,133,0.857142857142857,TRUE,GSE227903,40389_R
observation.observation_s5,7p,gain,40,101,0.396039603960396,FALSE,GSE227903,40389_R
observation.observation_s5,7q,loss,34,170,0.2,FALSE,GSE227903,40389_R
observation.observation_s5,9q,gain,70,162,0.432098765432099,FALSE,GSE227903,40389_R
observation.observation_s5,9q,loss,53,162,0.327160493827161,FALSE,GSE227903,40389_R
observation.observation_s5,10p,gain,59,59,1,TRUE,GSE227903,40389_R
observation.observation_s5,10q,gain,59,161,0.366459627329193,FALSE,GSE227903,40389_R
observation.observation_s5,11p,gain,34,113,0.300884955752212,FALSE,GSE227903,40389_R
observation.observation_s5,11q,gain,30,229,0.131004366812227,FALSE,GSE227903,40389_R
observation.observation_s5,11q,loss,56,229,0.244541484716157,FALSE,GSE227903,40389_R
observation.observation_s5,12p,loss,56,68,0.823529411764706,TRUE,GSE227903,40389_R
observation.observation_s5,12q,loss,76,266,0.285714285714286,FALSE,GSE227903,40389_R
observation.observation_s5,12q,gain,78,266,0.293233082706767,FALSE,GSE227903,40389_R
observation.observation_s5,14q,loss,51,212,0.240566037735849,FALSE,GSE227903,40389_R
observation.observation_s5,15q,gain,39,183,0.213114754098361,FALSE,GSE227903,40389_R
observation.observation_s5,19q,loss,46,158,0.291139240506329,FALSE,GSE227903,40389_R
observation.observation_s5,21q,gain,55,55,1,TRUE,GSE227903,40389_R
observation.observation_s8,2p,loss,21,168,0.125,FALSE,GSE227903,40389_R
observation.observation_s8,2q,loss,17,224,0.0758928571428571,FALSE,GSE227903,40389_R
observation.observation_s8,3p,gain,46,156,0.294871794871795,FALSE,GSE227903,40389_R
observation.observation_s8,4q,gain,78,144,0.541666666666667,TRUE,GSE227903,40389_R
observation.observation_s8,6p,gain,22,170,0.129411764705882,FALSE,GSE227903,40389_R
observation.observation_s8,7p,gain,46,101,0.455445544554456,FALSE,GSE227903,40389_R
observation.observation_s8,7q,loss,37,170,0.217647058823529,FALSE,GSE227903,40389_R
observation.observation_s8,8q,gain,71,134,0.529850746268657,TRUE,GSE227903,40389_R
observation.observation_s8,9q,gain,50,162,0.308641975308642,FALSE,GSE227903,40389_R
observation.observation_s8,11p,gain,62,113,0.548672566371681,TRUE,GSE227903,40389_R
observation.observation_s8,11q,gain,30,229,0.131004366812227,FALSE,GSE227903,40389_R
observation.observation_s8,11q,loss,62,229,0.270742358078603,FALSE,GSE227903,40389_R
observation.observation_s8,12p,loss,68,68,1,TRUE,GSE227903,40389_R
observation.observation_s8,12q,loss,2,266,0.0075187969924812,FALSE,GSE227903,40389_R
observation.observation_s8,12q,gain,92,266,0.345864661654135,FALSE,GSE227903,40389_R
observation.observation_s8,13q,gain,43,106,0.405660377358491,FALSE,GSE227903,40389_R
observation.observation_s8,14q,loss,58,212,0.273584905660377,FALSE,GSE227903,40389_R
observation.observation_s8,21q,gain,55,55,1,TRUE,GSE227903,40389_R
observation.observation_s4,1q,gain,60,263,0.228136882129278,FALSE,GSE227903,40389_R
observation.observation_s4,2p,loss,20,168,0.119047619047619,FALSE,GSE227903,40389_R
observation.observation_s4,2q,loss,15,224,0.0669642857142857,FALSE,GSE227903,40389_R
observation.observation_s4,2q,gain,42,224,0.1875,FALSE,GSE227903,40389_R
observation.observation_s4,3p,gain,41,156,0.262820512820513,FALSE,GSE227903,40389_R
observation.observation_s4,4q,gain,139,144,0.965277777777778,TRUE,GSE227903,40389_R
observation.observation_s4,6p,gain,24,170,0.141176470588235,FALSE,GSE227903,40389_R
observation.observation_s4,6q,gain,25,133,0.18796992481203,FALSE,GSE227903,40389_R
observation.observation_s4,7p,gain,44,101,0.435643564356436,FALSE,GSE227903,40389_R
observation.observation_s4,7q,loss,40,170,0.235294117647059,FALSE,GSE227903,40389_R
observation.observation_s4,8q,gain,53,134,0.395522388059701,FALSE,GSE227903,40389_R
observation.observation_s4,9q,gain,60,162,0.37037037037037,FALSE,GSE227903,40389_R
observation.observation_s4,10p,gain,15,59,0.254237288135593,FALSE,GSE227903,40389_R
observation.observation_s4,10q,gain,51,161,0.316770186335404,FALSE,GSE227903,40389_R
observation.observation_s4,11p,gain,42,113,0.371681415929204,FALSE,GSE227903,40389_R
observation.observation_s4,11q,gain,34,229,0.148471615720524,FALSE,GSE227903,40389_R
observation.observation_s4,11q,loss,63,229,0.275109170305677,FALSE,GSE227903,40389_R
observation.observation_s4,12p,loss,68,68,1,TRUE,GSE227903,40389_R
observation.observation_s4,12q,loss,15,266,0.056390977443609,FALSE,GSE227903,40389_R
observation.observation_s4,12q,gain,79,266,0.296992481203008,FALSE,GSE227903,40389_R
observation.observation_s4,14q,loss,65,212,0.306603773584906,FALSE,GSE227903,40389_R
observation.observation_s4,15q,gain,60,183,0.327868852459016,FALSE,GSE227903,40389_R
observation.observation_s4,19p,gain,16,199,0.0804020100502513,FALSE,GSE227903,40389_R
observation.observation_s4,19q,loss,27,158,0.170886075949367,FALSE,GSE227903,40389_R
observation.observation_s14,2q,loss,79,224,0.352678571428571,FALSE,GSE227903,40389_R
observation.observation_s14,4q,gain,43,144,0.298611111111111,FALSE,GSE227903,40389_R
observation.observation_s14,6p,gain,55,170,0.323529411764706,FALSE,GSE227903,40389_R
observation.observation_s14,7q,gain,46,170,0.270588235294118,FALSE,GSE227903,40389_R
observation.observation_s14,11p,gain,12,113,0.106194690265487,FALSE,GSE227903,40389_R
observation.observation_s14,11q,gain,100,229,0.436681222707424,FALSE,GSE227903,40389_R
observation.observation_s14,11q,loss,48,229,0.209606986899563,FALSE,GSE227903,40389_R
observation.observation_s14,12q,loss,48,266,0.180451127819549,FALSE,GSE227903,40389_R
observation.observation_s14,16p,gain,33,133,0.24812030075188,FALSE,GSE227903,40389_R
observation.observation_s14,16q,gain,18,115,0.156521739130435,FALSE,GSE227903,40389_R
observation.observation_s14,17q,gain,58,264,0.21969696969697,FALSE,GSE227903,40389_R
observation.observation_s14,19p,gain,63,199,0.316582914572864,FALSE,GSE227903,40389_R
observation.observation_s14,19q,loss,49,158,0.310126582278481,FALSE,GSE227903,40389_R
observation.observation_s14,22q,gain,26,136,0.191176470588235,FALSE,GSE227903,40389_R
observation.observation_s10,1q,gain,62,263,0.23574144486692,FALSE,GSE227903,40389_R
observation.observation_s10,2q,loss,91,224,0.40625,FALSE,GSE227903,40389_R
observation.observation_s10,4q,gain,39,144,0.270833333333333,FALSE,GSE227903,40389_R
observation.observation_s10,7p,gain,36,101,0.356435643564356,FALSE,GSE227903,40389_R
observation.observation_s10,7q,loss,54,170,0.317647058823529,FALSE,GSE227903,40389_R
observation.observation_s10,11p,gain,27,113,0.238938053097345,FALSE,GSE227903,40389_R
observation.observation_s10,11q,gain,41,229,0.179039301310044,FALSE,GSE227903,40389_R
observation.observation_s10,11q,loss,64,229,0.279475982532751,FALSE,GSE227903,40389_R
observation.observation_s10,12p,loss,53,68,0.779411764705882,TRUE,GSE227903,40389_R
observation.observation_s10,12q,loss,7,266,0.0263157894736842,FALSE,GSE227903,40389_R
observation.observation_s10,12q,gain,99,266,0.37218045112782,FALSE,GSE227903,40389_R
observation.observation_s10,14q,loss,62,212,0.292452830188679,FALSE,GSE227903,40389_R
observation.observation_s10,19p,gain,68,199,0.341708542713568,FALSE,GSE227903,40389_R
observation.observation_s10,19q,gain,106,158,0.670886075949367,TRUE,GSE227903,40389_R
observation.observation_s13,2p,loss,21,168,0.125,FALSE,GSE227903,40389_R
observation.observation_s13,2q,loss,16,224,0.0714285714285714,FALSE,GSE227903,40389_R
observation.observation_s13,2q,gain,64,224,0.285714285714286,FALSE,GSE227903,40389_R
observation.observation_s13,3p,gain,49,156,0.314102564102564,FALSE,GSE227903,40389_R
observation.observation_s13,3q,gain,65,180,0.361111111111111,FALSE,GSE227903,40389_R
observation.observation_s13,4p,gain,1,65,0.0153846153846154,FALSE,GSE227903,40389_R
observation.observation_s13,4q,gain,144,144,1,TRUE,GSE227903,40389_R
observation.observation_s13,6p,gain,23,170,0.135294117647059,FALSE,GSE227903,40389_R
observation.observation_s13,6q,gain,76,133,0.571428571428571,TRUE,GSE227903,40389_R
observation.observation_s13,7p,gain,46,101,0.455445544554456,FALSE,GSE227903,40389_R
observation.observation_s13,7q,loss,38,170,0.223529411764706,FALSE,GSE227903,40389_R
observation.observation_s13,8p,gain,1,67,0.0149253731343284,FALSE,GSE227903,40389_R
observation.observation_s13,8q,gain,78,134,0.582089552238806,TRUE,GSE227903,40389_R
observation.observation_s13,9q,gain,66,162,0.407407407407407,FALSE,GSE227903,40389_R
observation.observation_s13,10p,gain,59,59,1,TRUE,GSE227903,40389_R
observation.observation_s13,10q,gain,52,161,0.322981366459627,FALSE,GSE227903,40389_R
observation.observation_s13,11p,gain,60,113,0.530973451327434,TRUE,GSE227903,40389_R
observation.observation_s13,11q,gain,20,229,0.0873362445414847,FALSE,GSE227903,40389_R
observation.observation_s13,11q,loss,60,229,0.262008733624454,FALSE,GSE227903,40389_R
observation.observation_s13,12p,loss,68,68,1,TRUE,GSE227903,40389_R
observation.observation_s13,12q,loss,3,266,0.0112781954887218,FALSE,GSE227903,40389_R
observation.observation_s13,12q,gain,85,266,0.319548872180451,FALSE,GSE227903,40389_R
observation.observation_s13,13q,gain,48,106,0.452830188679245,FALSE,GSE227903,40389_R
observation.observation_s13,14q,loss,43,212,0.202830188679245,FALSE,GSE227903,40389_R
observation.observation_s13,15q,gain,48,183,0.262295081967213,FALSE,GSE227903,40389_R
observation.observation_s13,19q,loss,41,158,0.259493670886076,FALSE,GSE227903,40389_R
observation.observation_s7,1p,loss,49,345,0.142028985507246,FALSE,GSE227903,40389_R
observation.observation_s7,1q,gain,63,263,0.239543726235741,FALSE,GSE227903,40389_R
observation.observation_s7,2p,loss,18,168,0.107142857142857,FALSE,GSE227903,40389_R
observation.observation_s7,2q,loss,106,224,0.473214285714286,FALSE,GSE227903,40389_R
observation.observation_s7,3p,gain,42,156,0.269230769230769,FALSE,GSE227903,40389_R
observation.observation_s7,4q,gain,62,144,0.430555555555556,FALSE,GSE227903,40389_R
observation.observation_s7,6p,gain,19,170,0.111764705882353,FALSE,GSE227903,40389_R
observation.observation_s7,7p,gain,36,101,0.356435643564356,FALSE,GSE227903,40389_R
observation.observation_s7,7q,loss,38,170,0.223529411764706,FALSE,GSE227903,40389_R
observation.observation_s7,9q,gain,55,162,0.339506172839506,FALSE,GSE227903,40389_R
observation.observation_s7,10p,gain,32,59,0.542372881355932,TRUE,GSE227903,40389_R
observation.observation_s7,10q,gain,66,161,0.409937888198758,FALSE,GSE227903,40389_R
observation.observation_s7,11p,gain,44,113,0.389380530973451,FALSE,GSE227903,40389_R
observation.observation_s7,11q,gain,40,229,0.174672489082969,FALSE,GSE227903,40389_R
observation.observation_s7,11q,loss,67,229,0.292576419213974,FALSE,GSE227903,40389_R
observation.observation_s7,12p,loss,68,68,1,TRUE,GSE227903,40389_R
observation.observation_s7,12q,loss,14,266,0.0526315789473684,FALSE,GSE227903,40389_R
observation.observation_s7,12q,gain,78,266,0.293233082706767,FALSE,GSE227903,40389_R
observation.observation_s7,15q,gain,58,183,0.316939890710383,FALSE,GSE227903,40389_R
observation.observation_s7,19q,loss,26,158,0.164556962025316,FALSE,GSE227903,40389_R
observation.observation_s7,22q,gain,9,136,0.0661764705882353,FALSE,GSE227903,40389_R
observation.observation_s3,1p,loss,49,345,0.142028985507246,FALSE,GSE227903,40389_R
observation.observation_s3,1q,loss,32,263,0.121673003802281,FALSE,GSE227903,40389_R
observation.observation_s3,2q,loss,118,224,0.526785714285714,TRUE,GSE227903,40389_R
observation.observation_s3,5q,gain,22,248,0.0887096774193548,FALSE,GSE227903,40389_R
observation.observation_s3,6p,gain,57,170,0.335294117647059,FALSE,GSE227903,40389_R
observation.observation_s3,6q,loss,55,133,0.413533834586466,FALSE,GSE227903,40389_R
observation.observation_s3,7q,loss,59,170,0.347058823529412,FALSE,GSE227903,40389_R
observation.observation_s3,9q,gain,95,162,0.58641975308642,TRUE,GSE227903,40389_R
observation.observation_s3,11p,gain,113,113,1,TRUE,GSE227903,40389_R
observation.observation_s3,11q,gain,42,229,0.183406113537118,FALSE,GSE227903,40389_R
observation.observation_s3,11q,loss,46,229,0.200873362445415,FALSE,GSE227903,40389_R
observation.observation_s3,12q,gain,61,266,0.229323308270677,FALSE,GSE227903,40389_R
observation.observation_s3,14q,loss,165,212,0.778301886792453,TRUE,GSE227903,40389_R
observation.observation_s3,16p,gain,32,133,0.240601503759399,FALSE,GSE227903,40389_R
observation.observation_s3,17p,gain,91,92,0.989130434782609,TRUE,GSE227903,40389_R
observation.observation_s3,19p,gain,199,199,1,TRUE,GSE227903,40389_R
observation.observation_s3,19q,gain,158,158,1,TRUE,GSE227903,40389_R
observation.observation_s3,22q,gain,44,136,0.323529411764706,FALSE,GSE227903,40389_R
observation.observation_s9,1q,gain,55,263,0.209125475285171,FALSE,GSE227903,40389_R
observation.observation_s9,2q,loss,80,224,0.357142857142857,FALSE,GSE227903,40389_R
observation.observation_s9,4q,gain,55,144,0.381944444444444,FALSE,GSE227903,40389_R
observation.observation_s9,6p,gain,25,170,0.147058823529412,FALSE,GSE227903,40389_R
observation.observation_s9,7p,gain,43,101,0.425742574257426,FALSE,GSE227903,40389_R
observation.observation_s9,7q,loss,42,170,0.247058823529412,FALSE,GSE227903,40389_R
observation.observation_s9,9p,gain,1,52,0.0192307692307692,FALSE,GSE227903,40389_R
observation.observation_s9,9q,gain,69,162,0.425925925925926,FALSE,GSE227903,40389_R
observation.observation_s9,11p,gain,14,113,0.123893805309735,FALSE,GSE227903,40389_R
observation.observation_s9,11q,gain,37,229,0.161572052401747,FALSE,GSE227903,40389_R
observation.observation_s9,11q,loss,60,229,0.262008733624454,FALSE,GSE227903,40389_R
observation.observation_s9,12p,loss,53,68,0.779411764705882,TRUE,GSE227903,40389_R
observation.observation_s9,12q,loss,8,266,0.0300751879699248,FALSE,GSE227903,40389_R
observation.observation_s9,12q,gain,62,266,0.233082706766917,FALSE,GSE227903,40389_R
observation.observation_s9,13q,gain,27,106,0.254716981132076,FALSE,GSE227903,40389_R
observation.observation_s9,14q,loss,82,212,0.386792452830189,FALSE,GSE227903,40389_R
observation.observation_s9,19p,gain,25,199,0.125628140703518,FALSE,GSE227903,40389_R
observation.observation_s9,19q,gain,44,158,0.278481012658228,FALSE,GSE227903,40389_R
observation.observation_s12,2p,gain,34,168,0.202380952380952,FALSE,GSE227903,40389_R
observation.observation_s12,2p,loss,17,168,0.101190476190476,FALSE,GSE227903,40389_R
observation.observation_s12,2q,loss,24,224,0.107142857142857,FALSE,GSE227903,40389_R
observation.observation_s12,4q,gain,63,144,0.4375,FALSE,GSE227903,40389_R
observation.observation_s12,7p,gain,44,101,0.435643564356436,FALSE,GSE227903,40389_R
observation.observation_s12,7q,loss,42,170,0.247058823529412,FALSE,GSE227903,40389_R
observation.observation_s12,8q,gain,44,134,0.328358208955224,FALSE,GSE227903,40389_R
observation.observation_s12,11p,gain,54,113,0.47787610619469,FALSE,GSE227903,40389_R
observation.observation_s12,11q,gain,30,229,0.131004366812227,FALSE,GSE227903,40389_R
observation.observation_s12,11q,loss,61,229,0.266375545851528,FALSE,GSE227903,40389_R
observation.observation_s12,12p,loss,63,68,0.926470588235294,TRUE,GSE227903,40389_R
observation.observation_s12,12q,gain,116,266,0.43609022556391,FALSE,GSE227903,40389_R
observation.observation_s12,13q,gain,60,106,0.566037735849057,TRUE,GSE227903,40389_R
observation.observation_s12,15q,gain,65,183,0.355191256830601,FALSE,GSE227903,40389_R
observation.observation_s17,1q,gain,90,263,0.342205323193916,FALSE,GSE227903,40389_R
observation.observation_s17,2p,gain,38,168,0.226190476190476,FALSE,GSE227903,40389_R
observation.observation_s17,3q,gain,117,180,0.65,TRUE,GSE227903,40389_R
observation.observation_s17,4q,gain,72,144,0.5,TRUE,GSE227903,40389_R
observation.observation_s17,5q,gain,21,248,0.0846774193548387,FALSE,GSE227903,40389_R
observation.observation_s17,6p,gain,26,170,0.152941176470588,FALSE,GSE227903,40389_R
observation.observation_s17,6q,gain,46,133,0.345864661654135,FALSE,GSE227903,40389_R
observation.observation_s17,7p,gain,50,101,0.495049504950495,FALSE,GSE227903,40389_R
observation.observation_s17,8q,loss,23,134,0.171641791044776,FALSE,GSE227903,40389_R
observation.observation_s17,9p,gain,27,52,0.519230769230769,TRUE,GSE227903,40389_R
observation.observation_s17,9q,gain,67,162,0.41358024691358,FALSE,GSE227903,40389_R
observation.observation_s17,11q,loss,44,229,0.192139737991266,FALSE,GSE227903,40389_R
observation.observation_s17,12q,gain,57,266,0.214285714285714,FALSE,GSE227903,40389_R
observation.observation_s17,17q,loss,44,264,0.166666666666667,FALSE,GSE227903,40389_R
observation.observation_s17,17q,gain,45,264,0.170454545454545,FALSE,GSE227903,40389_R
observation.observation_s17,19q,loss,44,158,0.278481012658228,FALSE,GSE227903,40389_R
observation.observation_s17,20q,loss,23,106,0.216981132075472,FALSE,GSE227903,40389_R
observation.observation_s18,1p,gain,79,345,0.228985507246377,FALSE,GSE227903,40389_R
observation.observation_s18,1q,loss,72,263,0.273764258555133,FALSE,GSE227903,40389_R
observation.observation_s18,6p,gain,29,170,0.170588235294118,FALSE,GSE227903,40389_R
observation.observation_s18,11q,loss,43,229,0.187772925764192,FALSE,GSE227903,40389_R
observation.observation_s18,14q,loss,38,212,0.179245283018868,FALSE,GSE227903,40389_R
observation.observation_s16,1p,loss,65,345,0.188405797101449,FALSE,GSE227903,40389_R
observation.observation_s16,1q,loss,72,263,0.273764258555133,FALSE,GSE227903,40389_R
observation.observation_s16,3q,gain,67,180,0.372222222222222,FALSE,GSE227903,40389_R
observation.observation_s16,4q,gain,52,144,0.361111111111111,FALSE,GSE227903,40389_R
observation.observation_s16,6p,gain,39,170,0.229411764705882,FALSE,GSE227903,40389_R
observation.observation_s16,6q,gain,40,133,0.300751879699248,FALSE,GSE227903,40389_R
observation.observation_s16,11q,loss,43,229,0.187772925764192,FALSE,GSE227903,40389_R
observation.observation_s16,14q,loss,27,212,0.127358490566038,FALSE,GSE227903,40389_R
observation.observation_s16,17p,gain,56,92,0.608695652173913,TRUE,GSE227903,40389_R
observation.observation_s16,17q,loss,45,264,0.170454545454545,FALSE,GSE227903,40389_R
observation.observation_s16,19p,gain,164,199,0.824120603015075,TRUE,GSE227903,40389_R
observation.observation_s20,3p,gain,38,156,0.243589743589744,FALSE,GSE227903,40389_R
observation.observation_s20,5q,gain,22,248,0.0887096774193548,FALSE,GSE227903,40389_R
observation.observation_s20,11q,loss,43,229,0.187772925764192,FALSE,GSE227903,40389_R
observation.observation_s20,12p,loss,45,68,0.661764705882353,TRUE,GSE227903,40389_R
observation.observation_s20,12q,loss,43,266,0.161654135338346,FALSE,GSE227903,40389_R
observation.observation_s20,14q,loss,75,212,0.35377358490566,FALSE,GSE227903,40389_R
observation.observation_s20,19p,gain,89,199,0.447236180904523,FALSE,GSE227903,40389_R
observation.observation_s20,22q,gain,24,136,0.176470588235294,FALSE,GSE227903,40389_R
observation.observation_s21,1p,loss,60,345,0.173913043478261,FALSE,GSE227903,40389_R
observation.observation_s21,3p,gain,45,156,0.288461538461538,FALSE,GSE227903,40389_R
observation.observation_s21,4p,gain,5,65,0.0769230769230769,FALSE,GSE227903,40389_R
observation.observation_s21,4q,gain,69,144,0.479166666666667,FALSE,GSE227903,40389_R
observation.observation_s21,6q,gain,121,133,0.909774436090226,TRUE,GSE227903,40389_R
observation.observation_s21,7q,loss,48,170,0.282352941176471,FALSE,GSE227903,40389_R
observation.observation_s21,8p,gain,67,67,1,TRUE,GSE227903,40389_R
observation.observation_s21,8q,gain,40,134,0.298507462686567,FALSE,GSE227903,40389_R
observation.observation_s21,11p,gain,20,113,0.176991150442478,FALSE,GSE227903,40389_R
observation.observation_s21,11q,gain,47,229,0.205240174672489,FALSE,GSE227903,40389_R
observation.observation_s21,11q,loss,36,229,0.157205240174673,FALSE,GSE227903,40389_R
observation.observation_s21,12q,loss,45,266,0.169172932330827,FALSE,GSE227903,40389_R
observation.observation_s21,21q,gain,55,55,1,TRUE,GSE227903,40389_R
observation.observation_s15,1p,loss,70,345,0.202898550724638,FALSE,GSE227903,40389_R
observation.observation_s15,1p,gain,52,345,0.150724637681159,FALSE,GSE227903,40389_R
observation.observation_s15,1q,loss,52,263,0.197718631178707,FALSE,GSE227903,40389_R
observation.observation_s15,2p,gain,50,168,0.297619047619048,FALSE,GSE227903,40389_R
observation.observation_s15,3p,gain,33,156,0.211538461538462,FALSE,GSE227903,40389_R
observation.observation_s15,3q,gain,121,180,0.672222222222222,TRUE,GSE227903,40389_R
observation.observation_s15,5p,gain,45,45,1,TRUE,GSE227903,40389_R
observation.observation_s15,5q,gain,61,248,0.245967741935484,FALSE,GSE227903,40389_R
observation.observation_s15,5q,loss,45,248,0.181451612903226,FALSE,GSE227903,40389_R
observation.observation_s15,7q,loss,45,170,0.264705882352941,FALSE,GSE227903,40389_R
observation.observation_s15,10p,gain,59,59,1,TRUE,GSE227903,40389_R
observation.observation_s15,10q,gain,54,161,0.335403726708075,FALSE,GSE227903,40389_R
observation.observation_s15,11p,gain,26,113,0.230088495575221,FALSE,GSE227903,40389_R
observation.observation_s15,11q,gain,13,229,0.0567685589519651,FALSE,GSE227903,40389_R
observation.observation_s15,11q,loss,42,229,0.183406113537118,FALSE,GSE227903,40389_R
observation.observation_s15,12p,loss,1,68,0.0147058823529412,FALSE,GSE227903,40389_R
observation.observation_s15,12q,loss,75,266,0.281954887218045,FALSE,GSE227903,40389_R
observation.observation_s15,12q,gain,99,266,0.37218045112782,FALSE,GSE227903,40389_R
observation.observation_s15,13q,gain,47,106,0.443396226415094,FALSE,GSE227903,40389_R
observation.observation_s15,14q,gain,20,212,0.0943396226415094,FALSE,GSE227903,40389_R
observation.observation_s15,15q,gain,97,183,0.530054644808743,TRUE,GSE227903,40389_R
observation.observation_s15,18q,gain,25,70,0.357142857142857,FALSE,GSE227903,40389_R
observation.observation_s15,19p,gain,16,199,0.0804020100502513,FALSE,GSE227903,40389_R
observation.observation_s15,19p,loss,16,199,0.0804020100502513,FALSE,GSE227903,40389_R
observation.observation_s15,19q,loss,158,158,1,TRUE,GSE227903,40389_R
observation.observation_s22,1q,gain,71,263,0.269961977186312,FALSE,GSE227903,40389_R
observation.observation_s22,2p,gain,53,168,0.31547619047619,FALSE,GSE227903,40389_R
observation.observation_s22,2p,loss,6,168,0.0357142857142857,FALSE,GSE227903,40389_R
observation.observation_s22,2q,loss,34,224,0.151785714285714,FALSE,GSE227903,40389_R
observation.observation_s22,2q,gain,34,224,0.151785714285714,FALSE,GSE227903,40389_R
observation.observation_s22,3p,gain,43,156,0.275641025641026,FALSE,GSE227903,40389_R
observation.observation_s22,3q,gain,6,180,0.0333333333333333,FALSE,GSE227903,40389_R
observation.observation_s22,4q,gain,102,144,0.708333333333333,TRUE,GSE227903,40389_R
observation.observation_s22,5q,gain,64,248,0.258064516129032,FALSE,GSE227903,40389_R
observation.observation_s22,6p,loss,80,170,0.470588235294118,FALSE,GSE227903,40389_R
observation.observation_s22,6q,gain,83,133,0.62406015037594,TRUE,GSE227903,40389_R
observation.observation_s22,7p,gain,54,101,0.534653465346535,TRUE,GSE227903,40389_R
observation.observation_s22,7q,gain,50,170,0.294117647058824,FALSE,GSE227903,40389_R
observation.observation_s22,8q,gain,42,134,0.313432835820896,FALSE,GSE227903,40389_R
observation.observation_s22,9p,gain,52,52,1,TRUE,GSE227903,40389_R
observation.observation_s22,9q,gain,52,162,0.320987654320988,FALSE,GSE227903,40389_R
observation.observation_s22,10q,gain,78,161,0.484472049689441,FALSE,GSE227903,40389_R
observation.observation_s22,11q,loss,53,229,0.231441048034935,FALSE,GSE227903,40389_R
observation.observation_s22,12p,loss,38,68,0.558823529411765,TRUE,GSE227903,40389_R
observation.observation_s22,12q,gain,121,266,0.454887218045113,FALSE,GSE227903,40389_R
observation.observation_s22,14q,loss,145,212,0.683962264150943,TRUE,GSE227903,40389_R
observation.observation_s22,16p,gain,29,133,0.218045112781955,FALSE,GSE227903,40389_R
observation.observation_s22,16q,gain,9,115,0.0782608695652174,FALSE,GSE227903,40389_R
observation.observation_s22,17q,loss,130,264,0.492424242424242,FALSE,GSE227903,40389_R
observation.observation_s22,18p,gain,18,27,0.666666666666667,TRUE,GSE227903,40389_R
observation.observation_s22,18q,gain,27,70,0.385714285714286,FALSE,GSE227903,40389_R
observation.observation_s22,19p,loss,56,199,0.281407035175879,FALSE,GSE227903,40389_R
observation.observation_s22,19q,loss,39,158,0.246835443037975,FALSE,GSE227903,40389_R
observation.observation_s22,20p,gain,29,46,0.630434782608696,TRUE,GSE227903,40389_R
observation.observation_s22,20q,loss,29,106,0.273584905660377,FALSE,GSE227903,40389_R
observation.observation_s22,21q,gain,55,55,1,TRUE,GSE227903,40389_R
observation.observation_s19,1p,gain,58,345,0.168115942028986,FALSE,GSE227903,40389_R
observation.observation_s19,1p,loss,50,345,0.144927536231884,FALSE,GSE227903,40389_R
observation.observation_s19,1q,gain,132,263,0.501901140684411,TRUE,GSE227903,40389_R
observation.observation_s19,2p,loss,31,168,0.18452380952381,FALSE,GSE227903,40389_R
observation.observation_s19,2q,loss,113,224,0.504464285714286,TRUE,GSE227903,40389_R
observation.observation_s19,2q,gain,54,224,0.241071428571429,FALSE,GSE227903,40389_R
observation.observation_s19,3p,gain,65,156,0.416666666666667,FALSE,GSE227903,40389_R
observation.observation_s19,4p,gain,1,65,0.0153846153846154,FALSE,GSE227903,40389_R
observation.observation_s19,4q,gain,50,144,0.347222222222222,FALSE,GSE227903,40389_R
observation.observation_s19,5q,gain,53,248,0.213709677419355,FALSE,GSE227903,40389_R
observation.observation_s19,5q,loss,58,248,0.233870967741935,FALSE,GSE227903,40389_R
observation.observation_s19,6p,loss,110,170,0.647058823529412,TRUE,GSE227903,40389_R
observation.observation_s19,6q,gain,62,133,0.466165413533835,FALSE,GSE227903,40389_R
observation.observation_s19,7p,gain,58,101,0.574257425742574,TRUE,GSE227903,40389_R
observation.observation_s19,7p,loss,15,101,0.148514851485149,FALSE,GSE227903,40389_R
observation.observation_s19,7q,loss,63,170,0.370588235294118,FALSE,GSE227903,40389_R
observation.observation_s19,8p,gain,34,67,0.507462686567164,TRUE,GSE227903,40389_R
observation.observation_s19,8q,gain,77,134,0.574626865671642,TRUE,GSE227903,40389_R
observation.observation_s19,9p,gain,2,52,0.0384615384615385,FALSE,GSE227903,40389_R
observation.observation_s19,9q,gain,73,162,0.450617283950617,FALSE,GSE227903,40389_R
observation.observation_s19,10p,gain,59,59,1,TRUE,GSE227903,40389_R
observation.observation_s19,10q,gain,74,161,0.459627329192547,FALSE,GSE227903,40389_R
observation.observation_s19,11p,gain,49,113,0.433628318584071,FALSE,GSE227903,40389_R
observation.observation_s19,11q,gain,14,229,0.0611353711790393,FALSE,GSE227903,40389_R
observation.observation_s19,11q,loss,100,229,0.436681222707424,FALSE,GSE227903,40389_R
observation.observation_s19,12q,gain,145,266,0.545112781954887,TRUE,GSE227903,40389_R
observation.observation_s19,13q,loss,26,106,0.245283018867925,FALSE,GSE227903,40389_R
observation.observation_s19,13q,gain,54,106,0.509433962264151,TRUE,GSE227903,40389_R
observation.observation_s19,14q,loss,50,212,0.235849056603774,FALSE,GSE227903,40389_R
observation.observation_s19,15q,gain,42,183,0.229508196721311,FALSE,GSE227903,40389_R
observation.observation_s19,17p,gain,92,92,1,TRUE,GSE227903,40389_R
observation.observation_s19,17q,gain,25,264,0.0946969696969697,FALSE,GSE227903,40389_R
observation.observation_s19,17q,loss,43,264,0.162878787878788,FALSE,GSE227903,40389_R
observation.observation_s19,19p,gain,39,199,0.195979899497487,FALSE,GSE227903,40389_R
observation.observation_s19,19p,loss,74,199,0.371859296482412,FALSE,GSE227903,40389_R
observation.observation_s19,19q,loss,16,158,0.10126582278481,FALSE,GSE227903,40389_R
observation.observation_s19,20p,gain,46,46,1,TRUE,GSE227903,40389_R
observation.observation_s19,20q,gain,22,106,0.207547169811321,FALSE,GSE227903,40389_R
observation.observation_s19,22q,gain,26,136,0.191176470588235,FALSE,GSE227903,40389_R
observation.observation_s23,1p,gain,103,345,0.298550724637681,FALSE,GSE227903,40389_R
observation.observation_s23,1p,loss,62,345,0.179710144927536,FALSE,GSE227903,40389_R
observation.observation_s23,2p,gain,34,168,0.202380952380952,FALSE,GSE227903,40389_R
observation.observation_s23,2p,loss,102,168,0.607142857142857,TRUE,GSE227903,40389_R
observation.observation_s23,2q,loss,26,224,0.116071428571429,FALSE,GSE227903,40389_R
observation.observation_s23,2q,gain,64,224,0.285714285714286,FALSE,GSE227903,40389_R
observation.observation_s23,3p,gain,66,156,0.423076923076923,FALSE,GSE227903,40389_R
observation.observation_s23,3q,loss,44,180,0.244444444444444,FALSE,GSE227903,40389_R
observation.observation_s23,4q,gain,80,144,0.555555555555556,TRUE,GSE227903,40389_R
observation.observation_s23,5p,loss,19,45,0.422222222222222,FALSE,GSE227903,40389_R
observation.observation_s23,5q,loss,28,248,0.112903225806452,FALSE,GSE227903,40389_R
observation.observation_s23,6p,gain,87,170,0.511764705882353,TRUE,GSE227903,40389_R
observation.observation_s23,6p,loss,30,170,0.176470588235294,FALSE,GSE227903,40389_R
observation.observation_s23,6q,gain,58,133,0.43609022556391,FALSE,GSE227903,40389_R
observation.observation_s23,7q,gain,57,170,0.335294117647059,FALSE,GSE227903,40389_R
observation.observation_s23,7q,loss,63,170,0.370588235294118,FALSE,GSE227903,40389_R
observation.observation_s23,9q,gain,63,162,0.388888888888889,FALSE,GSE227903,40389_R
observation.observation_s23,9q,loss,11,162,0.0679012345679012,FALSE,GSE227903,40389_R
observation.observation_s23,11p,gain,64,113,0.566371681415929,TRUE,GSE227903,40389_R
observation.observation_s23,11q,gain,12,229,0.0524017467248908,FALSE,GSE227903,40389_R
observation.observation_s23,11q,loss,51,229,0.222707423580786,FALSE,GSE227903,40389_R
observation.observation_s23,12q,gain,108,266,0.406015037593985,FALSE,GSE227903,40389_R
observation.observation_s23,12q,loss,30,266,0.112781954887218,FALSE,GSE227903,40389_R
observation.observation_s23,13q,gain,37,106,0.349056603773585,FALSE,GSE227903,40389_R
observation.observation_s23,14q,loss,54,212,0.254716981132076,FALSE,GSE227903,40389_R
observation.observation_s23,15q,loss,54,183,0.295081967213115,FALSE,GSE227903,40389_R
observation.observation_s23,15q,gain,47,183,0.256830601092896,FALSE,GSE227903,40389_R
observation.observation_s23,16p,gain,38,133,0.285714285714286,FALSE,GSE227903,40389_R
observation.observation_s23,16p,loss,21,133,0.157894736842105,FALSE,GSE227903,40389_R
observation.observation_s23,16q,loss,19,115,0.165217391304348,FALSE,GSE227903,40389_R
observation.observation_s23,16q,gain,67,115,0.582608695652174,TRUE,GSE227903,40389_R
observation.observation_s23,17p,loss,63,92,0.684782608695652,TRUE,GSE227903,40389_R
observation.observation_s23,18p,gain,27,27,1,TRUE,GSE227903,40389_R
observation.observation_s23,18q,gain,70,70,1,TRUE,GSE227903,40389_R
observation.observation_s23,19p,loss,68,199,0.341708542713568,FALSE,GSE227903,40389_R
observation.observation_s23,19q,gain,38,158,0.240506329113924,FALSE,GSE227903,40389_R
observation.observation_s23,20q,gain,26,106,0.245283018867925,FALSE,GSE227903,40389_R
observation.observation_s23,21q,gain,33,55,0.6,TRUE,GSE227903,40389_R
observation.observation_s23,22q,gain,73,136,0.536764705882353,TRUE,GSE227903,40389_R
reference_normal.reference_normal_s7,17q,gain,52,264,0.196969696969697,FALSE,GSE227903,40389_R
reference_normal.reference_normal_s2,20p,gain,26,46,0.565217391304348,TRUE,GSE227903,40389_R
reference_normal.reference_normal_s2,20q,gain,61,106,0.575471698113208,TRUE,GSE227903,40389_R
reference_normal.reference_normal_s34,1q,gain,76,263,0.288973384030418,FALSE,GSE227903,40389_R
reference_normal.reference_normal_s34,6q,gain,112,133,0.842105263157895,TRUE,GSE227903,40389_R
reference_normal.reference_normal_s3,2q,gain,83,224,0.370535714285714,FALSE,GSE227903,40389_R
reference_normal.reference_normal_s20,11q,gain,91,229,0.397379912663755,FALSE,GSE227903,40389_R
reference_normal.reference_normal_s21,3p,gain,24,156,0.153846153846154,FALSE,GSE227903,40389_R
reference_normal.reference_normal_s21,3q,gain,51,180,0.283333333333333,FALSE,GSE227903,40389_R
reference_normal.reference_normal_s43,16p,gain,36,133,0.270676691729323,FALSE,GSE227903,40389_R
reference_normal.reference_normal_s43,16q,gain,57,115,0.495652173913044,FALSE,GSE227903,40389_R
reference_normal.reference_normal_s26,22q,gain,136,136,1,TRUE,GSE227903,40389_R
reference_normal.reference_normal_s22,22q,gain,86,136,0.632352941176471,TRUE,GSE227903,40389_R
reference_normal.reference_normal_s31,1q,gain,78,263,0.296577946768061,FALSE,GSE227903,40389_R
reference_normal.reference_normal_s31,16p,gain,46,133,0.345864661654135,FALSE,GSE227903,40389_R
reference_normal.reference_normal_s31,16q,gain,54,115,0.469565217391304,FALSE,GSE227903,40389_R
reference_normal.reference_normal_s44,17q,gain,121,264,0.458333333333333,FALSE,GSE227903,40389_R
reference_normal.reference_normal_s12,3p,gain,1,156,0.00641025641025641,FALSE,GSE227903,40389_R
reference_normal.reference_normal_s12,3q,gain,72,180,0.4,FALSE,GSE227903,40389_R
reference_normal.reference_normal_s10,1q,gain,59,263,0.224334600760456,FALSE,GSE227903,40389_R
reference_normal.reference_normal_s39,17p,gain,67,92,0.728260869565217,TRUE,GSE227903,40389_R
reference_normal.reference_normal_s27,17q,gain,73,264,0.276515151515151,FALSE,GSE227903,40389_R
reference_normal.reference_normal_s49,17p,gain,90,92,0.978260869565217,TRUE,GSE227903,40389_R
reference_normal.reference_normal_s49,22q,gain,87,136,0.639705882352941,TRUE,GSE227903,40389_R
reference_normal.reference_normal_s46,2p,gain,10,168,0.0595238095238095,FALSE,GSE227903,40389_R
reference_normal.reference_normal_s46,2q,gain,109,224,0.486607142857143,FALSE,GSE227903,40389_R
reference_normal.reference_normal_s28,3q,gain,64,180,0.355555555555556,FALSE,GSE227903,40389_R
reference_normal.reference_normal_s28,16p,gain,28,133,0.210526315789474,FALSE,GSE227903,40389_R
reference_normal.reference_normal_s28,16q,gain,56,115,0.486956521739131,FALSE,GSE227903,40389_R
reference_normal.reference_normal_s35,22q,gain,90,136,0.661764705882353,TRUE,GSE227903,40389_R
reference_normal.reference_normal_s45,6p,gain,51,170,0.3,FALSE,GSE227903,40389_R
reference_normal.reference_normal_s45,9p,gain,35,52,0.673076923076923,TRUE,GSE227903,40389_R
reference_normal.reference_normal_s45,9q,gain,15,162,0.0925925925925926,FALSE,GSE227903,40389_R
reference_normal.reference_normal_s45,12p,gain,40,68,0.588235294117647,TRUE,GSE227903,40389_R
reference_normal.reference_normal_s47,9p,gain,46,52,0.884615384615385,TRUE,GSE227903,40389_R
reference_normal.reference_normal_s47,9q,gain,37,162,0.228395061728395,FALSE,GSE227903,40389_R
reference_normal.reference_normal_s8,1q,gain,65,263,0.247148288973384,FALSE,GSE227903,40389_R
reference_normal.reference_normal_s8,20q,gain,48,106,0.452830188679245,FALSE,GSE227903,40389_R
reference_normal.reference_normal_s32,5q,gain,23,248,0.092741935483871,FALSE,GSE227903,40389_R
reference_normal.reference_normal_s32,6q,gain,94,133,0.706766917293233,TRUE,GSE227903,40389_R
reference_normal.reference_normal_s32,22q,gain,65,136,0.477941176470588,FALSE,GSE227903,40389_R
reference_normal.reference_normal_s50,1q,gain,61,263,0.231939163498099,FALSE,GSE227903,40389_R
reference_normal.reference_normal_s50,3p,gain,29,156,0.185897435897436,FALSE,GSE227903,40389_R
reference_normal.reference_normal_s50,3q,gain,68,180,0.377777777777778,FALSE,GSE227903,40389_R
reference_normal.reference_normal_s50,7q,gain,61,170,0.358823529411765,FALSE,GSE227903,40389_R
reference_normal.reference_normal_s50,17p,gain,79,92,0.858695652173913,TRUE,GSE227903,40389_R
reference_normal.reference_normal_s50,20q,gain,41,106,0.386792452830189,FALSE,GSE227903,40389_R
reference_normal.reference_normal_s51,7q,gain,67,170,0.394117647058824,FALSE,GSE227903,40389_R
reference_normal.reference_normal_s51,9p,gain,52,52,1,TRUE,GSE227903,40389_R
reference_normal.reference_normal_s51,9q,gain,9,162,0.0555555555555556,FALSE,GSE227903,40389_R
reference_normal.reference_normal_s51,14q,gain,31,212,0.14622641509434,FALSE,GSE227903,40389_R
reference_normal.reference_normal_s51,17p,gain,57,92,0.619565217391304,TRUE,GSE227903,40389_R
reference_normal.reference_normal_s51,17q,gain,8,264,0.0303030303030303,FALSE,GSE227903,40389_R
reference_normal.reference_normal_s51,22q,gain,89,136,0.654411764705882,TRUE,GSE227903,40389_R
reference_normal.reference_normal_s52,1q,loss,46,263,0.174904942965779,FALSE,GSE227903,40389_R
reference_normal.reference_normal_s52,2p,gain,13,168,0.0773809523809524,FALSE,GSE227903,40389_R
reference_normal.reference_normal_s52,2q,gain,118,224,0.526785714285714,TRUE,GSE227903,40389_R
reference_normal.reference_normal_s52,3p,loss,47,156,0.301282051282051,FALSE,GSE227903,40389_R
reference_normal.reference_normal_s52,5q,gain,51,248,0.205645161290323,FALSE,GSE227903,40389_R
reference_normal.reference_normal_s52,11q,gain,39,229,0.170305676855895,FALSE,GSE227903,40389_R
reference_normal.reference_normal_s52,12p,gain,54,68,0.794117647058824,TRUE,GSE227903,40389_R
reference_normal.reference_normal_s52,14q,gain,42,212,0.19811320754717,FALSE,GSE227903,40389_R
reference_normal.reference_normal_s52,16p,loss,69,133,0.518796992481203,TRUE,GSE227903,40389_R
reference_normal.reference_normal_s52,16q,gain,27,115,0.234782608695652,FALSE,GSE227903,40389_R
reference_normal.reference_normal_s52,17p,loss,78,92,0.847826086956522,TRUE,GSE227903,40389_R
reference_normal.reference_normal_s52,17q,gain,90,264,0.340909090909091,FALSE,GSE227903,40389_R
reference_normal.reference_normal_s52,18p,gain,27,27,1,TRUE,GSE227903,40389_R
reference_normal.reference_normal_s52,18q,gain,7,70,0.1,FALSE,GSE227903,40389_R
reference_normal.reference_normal_s52,19p,loss,41,199,0.206030150753769,FALSE,GSE227903,40389_R
reference_normal.reference_normal_s52,22q,gain,82,136,0.602941176470588,TRUE,GSE227903,40389_R
reference_normal.reference_normal_s53,1p,gain,101,345,0.292753623188406,FALSE,GSE227903,40389_R
reference_normal.reference_normal_s53,1q,gain,71,263,0.269961977186312,FALSE,GSE227903,40389_R
reference_normal.reference_normal_s53,1q,loss,105,263,0.399239543726236,FALSE,GSE227903,40389_R
reference_normal.reference_normal_s53,2p,gain,118,168,0.702380952380952,TRUE,GSE227903,40389_R
reference_normal.reference_normal_s53,2q,gain,92,224,0.410714285714286,FALSE,GSE227903,40389_R
reference_normal.reference_normal_s53,3p,gain,40,156,0.256410256410256,FALSE,GSE227903,40389_R
reference_normal.reference_normal_s53,5p,gain,45,45,1,TRUE,GSE227903,40389_R
reference_normal.reference_normal_s53,5q,gain,36,248,0.145161290322581,FALSE,GSE227903,40389_R
reference_normal.reference_normal_s53,5q,loss,66,248,0.266129032258065,FALSE,GSE227903,40389_R
reference_normal.reference_normal_s53,6q,gain,87,133,0.654135338345865,TRUE,GSE227903,40389_R
reference_normal.reference_normal_s53,7q,gain,46,170,0.270588235294118,FALSE,GSE227903,40389_R
reference_normal.reference_normal_s53,7q,loss,18,170,0.105882352941176,FALSE,GSE227903,40389_R
reference_normal.reference_normal_s53,8p,gain,55,67,0.82089552238806,TRUE,GSE227903,40389_R
reference_normal.reference_normal_s53,8q,loss,66,134,0.492537313432836,FALSE,GSE227903,40389_R
reference_normal.reference_normal_s53,8q,gain,28,134,0.208955223880597,FALSE,GSE227903,40389_R
reference_normal.reference_normal_s53,9p,loss,32,52,0.615384615384615,TRUE,GSE227903,40389_R
reference_normal.reference_normal_s53,9q,gain,35,162,0.216049382716049,FALSE,GSE227903,40389_R
reference_normal.reference_normal_s53,10q,loss,58,161,0.360248447204969,FALSE,GSE227903,40389_R
reference_normal.reference_normal_s53,11p,loss,66,113,0.584070796460177,TRUE,GSE227903,40389_R
reference_normal.reference_normal_s53,11q,gain,51,229,0.222707423580786,FALSE,GSE227903,40389_R
reference_normal.reference_normal_s53,14q,loss,58,212,0.273584905660377,FALSE,GSE227903,40389_R
reference_normal.reference_normal_s53,15q,loss,70,183,0.382513661202186,FALSE,GSE227903,40389_R
reference_normal.reference_normal_s53,16p,gain,96,133,0.721804511278195,TRUE,GSE227903,40389_R
reference_normal.reference_normal_s53,16q,gain,65,115,0.565217391304348,TRUE,GSE227903,40389_R
reference_normal.reference_normal_s53,17q,loss,59,264,0.223484848484848,FALSE,GSE227903,40389_R
reference_normal.reference_normal_s53,17q,gain,112,264,0.424242424242424,FALSE,GSE227903,40389_R
reference_normal.reference_normal_s53,19p,gain,27,199,0.135678391959799,FALSE,GSE227903,40389_R
reference_normal.reference_normal_s53,19q,loss,117,158,0.740506329113924,TRUE,GSE227903,40389_R
reference_normal.reference_normal_s53,21q,loss,55,55,1,TRUE,GSE227903,40389_R
reference_normal.reference_normal_s53,22q,gain,63,136,0.463235294117647,FALSE,GSE227903,40389_R
reference_normal.reference_normal_s54,1p,loss,69,345,0.2,FALSE,GSE227903,40389_R
reference_normal.reference_normal_s54,1q,gain,48,263,0.182509505703422,FALSE,GSE227903,40389_R
reference_normal.reference_normal_s54,2p,loss,53,168,0.31547619047619,FALSE,GSE227903,40389_R
reference_normal.reference_normal_s54,2q,gain,31,224,0.138392857142857,FALSE,GSE227903,40389_R
reference_normal.reference_normal_s54,3p,loss,16,156,0.102564102564103,FALSE,GSE227903,40389_R
reference_normal.reference_normal_s54,3p,gain,28,156,0.17948717948718,FALSE,GSE227903,40389_R
reference_normal.reference_normal_s54,3q,gain,180,180,1,TRUE,GSE227903,40389_R
reference_normal.reference_normal_s54,4p,gain,35,65,0.538461538461538,TRUE,GSE227903,40389_R
reference_normal.reference_normal_s54,5q,loss,51,248,0.205645161290323,FALSE,GSE227903,40389_R
reference_normal.reference_normal_s54,6p,gain,65,170,0.382352941176471,FALSE,GSE227903,40389_R
reference_normal.reference_normal_s54,6p,loss,34,170,0.2,FALSE,GSE227903,40389_R
reference_normal.reference_normal_s54,6q,gain,48,133,0.360902255639098,FALSE,GSE227903,40389_R
reference_normal.reference_normal_s54,7q,gain,52,170,0.305882352941177,FALSE,GSE227903,40389_R
reference_normal.reference_normal_s54,9p,loss,29,52,0.557692307692308,TRUE,GSE227903,40389_R
reference_normal.reference_normal_s54,9q,loss,22,162,0.135802469135802,FALSE,GSE227903,40389_R
reference_normal.reference_normal_s54,10p,gain,45,59,0.76271186440678,TRUE,GSE227903,40389_R
reference_normal.reference_normal_s54,10q,gain,48,161,0.298136645962733,FALSE,GSE227903,40389_R
reference_normal.reference_normal_s54,11p,loss,53,113,0.469026548672566,FALSE,GSE227903,40389_R
reference_normal.reference_normal_s54,12q,gain,70,266,0.263157894736842,FALSE,GSE227903,40389_R
reference_normal.reference_normal_s54,14q,loss,83,212,0.391509433962264,FALSE,GSE227903,40389_R
reference_normal.reference_normal_s54,14q,gain,59,212,0.278301886792453,FALSE,GSE227903,40389_R
reference_normal.reference_normal_s54,15q,gain,183,183,1,TRUE,GSE227903,40389_R
reference_normal.reference_normal_s54,16p,gain,61,133,0.458646616541353,FALSE,GSE227903,40389_R
reference_normal.reference_normal_s54,17p,loss,39,92,0.423913043478261,FALSE,GSE227903,40389_R
reference_normal.reference_normal_s54,17q,loss,90,264,0.340909090909091,FALSE,GSE227903,40389_R
reference_normal.reference_normal_s54,17q,gain,98,264,0.371212121212121,FALSE,GSE227903,40389_R
reference_normal.reference_normal_s54,19p,gain,17,199,0.085427135678392,FALSE,GSE227903,40389_R
reference_normal.reference_normal_s54,19q,loss,41,158,0.259493670886076,FALSE,GSE227903,40389_R
reference_normal.reference_normal_s54,20q,gain,86,106,0.811320754716981,TRUE,GSE227903,40389_R
reference_normal.reference_normal_s54,22q,gain,35,136,0.257352941176471,FALSE,GSE227903,40389_R
reference_normal.reference_normal_s55,1p,gain,41,345,0.118840579710145,FALSE,GSE227903,40389_R
reference_normal.reference_normal_s55,1q,loss,99,263,0.376425855513308,FALSE,GSE227903,40389_R
reference_normal.reference_normal_s55,1q,gain,46,263,0.174904942965779,FALSE,GSE227903,40389_R
reference_normal.reference_normal_s55,2q,gain,39,224,0.174107142857143,FALSE,GSE227903,40389_R
reference_normal.reference_normal_s55,3p,gain,45,156,0.288461538461538,FALSE,GSE227903,40389_R
reference_normal.reference_normal_s55,3q,gain,41,180,0.227777777777778,FALSE,GSE227903,40389_R
reference_normal.reference_normal_s55,3q,loss,39,180,0.216666666666667,FALSE,GSE227903,40389_R
reference_normal.reference_normal_s55,4p,gain,31,65,0.476923076923077,FALSE,GSE227903,40389_R
reference_normal.reference_normal_s55,4q,gain,101,144,0.701388888888889,TRUE,GSE227903,40389_R
reference_normal.reference_normal_s55,5q,loss,120,248,0.483870967741936,FALSE,GSE227903,40389_R
reference_normal.reference_normal_s55,5q,gain,16,248,0.0645161290322581,FALSE,GSE227903,40389_R
reference_normal.reference_normal_s55,6p,gain,33,170,0.194117647058824,FALSE,GSE227903,40389_R
reference_normal.reference_normal_s55,6q,gain,69,133,0.518796992481203,TRUE,GSE227903,40389_R
reference_normal.reference_normal_s55,7q,gain,14,170,0.0823529411764706,FALSE,GSE227903,40389_R
reference_normal.reference_normal_s55,9p,loss,41,52,0.788461538461538,TRUE,GSE227903,40389_R
reference_normal.reference_normal_s55,9q,loss,61,162,0.376543209876543,FALSE,GSE227903,40389_R
reference_normal.reference_normal_s55,9q,gain,56,162,0.345679012345679,FALSE,GSE227903,40389_R
reference_normal.reference_normal_s55,10p,gain,59,59,1,TRUE,GSE227903,40389_R
reference_normal.reference_normal_s55,10q,gain,44,161,0.273291925465839,FALSE,GSE227903,40389_R
reference_normal.reference_normal_s55,11p,gain,69,113,0.610619469026549,TRUE,GSE227903,40389_R
reference_normal.reference_normal_s55,11q,loss,82,229,0.358078602620087,FALSE,GSE227903,40389_R
reference_normal.reference_normal_s55,13q,loss,59,106,0.556603773584906,TRUE,GSE227903,40389_R
reference_normal.reference_normal_s55,14q,gain,65,212,0.306603773584906,FALSE,GSE227903,40389_R
reference_normal.reference_normal_s55,15q,loss,113,183,0.617486338797814,TRUE,GSE227903,40389_R
reference_normal.reference_normal_s55,16q,gain,12,115,0.104347826086957,FALSE,GSE227903,40389_R
reference_normal.reference_normal_s55,17p,gain,54,92,0.586956521739131,TRUE,GSE227903,40389_R
reference_normal.reference_normal_s55,19q,gain,43,158,0.272151898734177,FALSE,GSE227903,40389_R
reference_normal.reference_normal_s55,19q,loss,67,158,0.424050632911392,FALSE,GSE227903,40389_R
reference_normal.reference_normal_s55,20p,loss,46,46,1,TRUE,GSE227903,40389_R
reference_normal.reference_normal_s55,20q,loss,106,106,1,TRUE,GSE227903,40389_R
reference_normal.reference_normal_s55,22q,gain,16,136,0.117647058823529,FALSE,GSE227903,40389_R
