dataset,sample,node,status,masked_by,abundance_unreliable,n_cells
Chen2023,AML103,B_Plasma,present,,TRUE,
Chen2023,AML103,Erythroid,present,,TRUE,
Chen2023,AML103,HSC_MPP,present,,TRUE,
Chen2023,AML103,LMPP_GMP,present,,TRUE,
Chen2023,AML103,Megakaryocyte,present,,TRUE,
Chen2023,AML103,Mono_DC,present,,TRUE,
Chen2023,AML103,Stromal,present,,TRUE,
Chen2023,AML103,T_NK,present,,TRUE,
Chen2023,AML162,B_Plasma,present,,TRUE,
Chen2023,AML162,Erythroid,present,,TRUE,
Chen2023,AML162,HSC_MPP,present,,TRUE,
Chen2023,AML162,LMPP_GMP,present,,TRUE,
Chen2023,AML162,Megakaryocyte,present,,TRUE,
Chen2023,AML162,Mono_DC,present,,TRUE,
Chen2023,AML162,Stromal,present,,TRUE,
Chen2023,AML162,T_NK,present,,TRUE,
Chen2023,AML24,B_Plasma,present,,TRUE,
Chen2023,AML24,Erythroid,present,,TRUE,
Chen2023,AML24,HSC_MPP,present,,TRUE,
Chen2023,AML24,LMPP_GMP,present,,TRUE,
Chen2023,AML24,Megakaryocyte,present,,TRUE,
Chen2023,AML24,Mono_DC,present,,TRUE,
Chen2023,AML24,Stromal,present,,TRUE,
Chen2023,AML24,T_NK,present,,TRUE,
Chen2023,AML304,B_Plasma,present,,TRUE,
Chen2023,AML304,Erythroid,present,,TRUE,
Chen2023,AML304,HSC_MPP,present,,TRUE,
Chen2023,AML304,LMPP_GMP,present,,TRUE,
Chen2023,AML304,Megakaryocyte,present,,TRUE,
Chen2023,AML304,Mono_DC,present,,TRUE,
Chen2023,AML304,Stromal,present,,TRUE,
Chen2023,AML304,T_NK,present,,TRUE,
Chen2023,AML320,B_Plasma,present,,TRUE,
Chen2023,AML320,Erythroid,present,,TRUE,
Chen2023,AML320,HSC_MPP,present,,TRUE,
Chen2023,AML320,LMPP_GMP,present,,TRUE,
Chen2023,AML320,Megakaryocyte,present,,TRUE,
Chen2023,AML320,Mono_DC,present,,TRUE,
Chen2023,AML320,Stromal,present,,TRUE,
Chen2023,AML320,T_NK,present,,TRUE,
Chen2023,AML469,B_Plasma,present,,TRUE,
Chen2023,AML469,Erythroid,present,,TRUE,
Chen2023,AML469,HSC_MPP,present,,TRUE,
Chen2023,AML469,LMPP_GMP,present,,TRUE,
Chen2023,AML469,Megakaryocyte,present,,TRUE,
Chen2023,AML469,Mono_DC,present,,TRUE,
Chen2023,AML469,Stromal,present,,TRUE,
Chen2023,AML469,T_NK,present,,TRUE,
Chen2023,NBM1,B_Plasma,present,,TRUE,
Chen2023,NBM1,Erythroid,present,,TRUE,
Chen2023,NBM1,HSC_MPP,present,,TRUE,
Chen2023,NBM1,LMPP_GMP,present,,TRUE,
Chen2023,NBM1,Megakaryocyte,present,,TRUE,
Chen2023,NBM1,Mono_DC,present,,TRUE,
Chen2023,NBM1,Stromal,present,,TRUE,
Chen2023,NBM1,T_NK,present,,TRUE,
Chen2023,NBM2,B_Plasma,present,,TRUE,
Chen2023,NBM2,Erythroid,present,,TRUE,
Chen2023,NBM2,HSC_MPP,present,,TRUE,
Chen2023,NBM2,LMPP_GMP,present,,TRUE,
Chen2023,NBM2,Megakaryocyte,present,,TRUE,
Chen2023,NBM2,Mono_DC,present,,TRUE,
Chen2023,NBM2,Stromal,present,,TRUE,
Chen2023,NBM2,T_NK,present,,TRUE,
Chen2023,NBM3,B_Plasma,present,,TRUE,
Chen2023,NBM3,Erythroid,present,,TRUE,
Chen2023,NBM3,HSC_MPP,present,,TRUE,
Chen2023,NBM3,LMPP_GMP,present,,TRUE,
Chen2023,NBM3,Megakaryocyte,present,,TRUE,
Chen2023,NBM3,Mono_DC,present,,TRUE,
Chen2023,NBM3,Stromal,present,,TRUE,
Chen2023,NBM3,T_NK,present,,TRUE,
Chen2023,NBM4,B_Plasma,present,,TRUE,
Chen2023,NBM4,Erythroid,present,,TRUE,
Chen2023,NBM4,HSC_MPP,present,,TRUE,
Chen2023,NBM4,LMPP_GMP,present,,TRUE,
Chen2023,NBM4,Megakaryocyte,present,,TRUE,
Chen2023,NBM4,Mono_DC,present,,TRUE,
Chen2023,NBM4,Stromal,present,,TRUE,
Chen2023,NBM4,T_NK,present,,TRUE,
E-MTAB-11536,621B-BMA,B_Plasma,present,,FALSE,
E-MTAB-11536,621B-BMA,Erythroid,present,,FALSE,
E-MTAB-11536,621B-BMA,HSC_MPP,present,,FALSE,
E-MTAB-11536,621B-BMA,LMPP_GMP,present,,FALSE,
E-MTAB-11536,621B-BMA,Megakaryocyte,present,,FALSE,
E-MTAB-11536,621B-BMA,Mono_DC,present,,FALSE,
E-MTAB-11536,621B-BMA,Stromal,NA_technical,STROMAL_NO_EVIDENCE,FALSE,
E-MTAB-11536,621B-BMA,T_NK,present,,FALSE,
E-MTAB-11536,637C-BMA,B_Plasma,present,,FALSE,
E-MTAB-11536,637C-BMA,Erythroid,present,,FALSE,
E-MTAB-11536,637C-BMA,HSC_MPP,present,,FALSE,
E-MTAB-11536,637C-BMA,LMPP_GMP,present,,FALSE,
E-MTAB-11536,637C-BMA,Megakaryocyte,present,,FALSE,
E-MTAB-11536,637C-BMA,Mono_DC,present,,FALSE,
E-MTAB-11536,637C-BMA,Stromal,NA_technical,STROMAL_NO_EVIDENCE,FALSE,
E-MTAB-11536,637C-BMA,T_NK,present,,FALSE,
E-MTAB-11536,640C-BMA,B_Plasma,present,,FALSE,
E-MTAB-11536,640C-BMA,Erythroid,present,,FALSE,
E-MTAB-11536,640C-BMA,HSC_MPP,present,,FALSE,
E-MTAB-11536,640C-BMA,LMPP_GMP,present,,FALSE,
E-MTAB-11536,640C-BMA,Megakaryocyte,present,,FALSE,
E-MTAB-11536,640C-BMA,Mono_DC,present,,FALSE,
E-MTAB-11536,640C-BMA,Stromal,NA_technical,STROMAL_NO_EVIDENCE,FALSE,
E-MTAB-11536,640C-BMA,T_NK,present,,FALSE,
E-MTAB-11536,A29-BMA,B_Plasma,present,,FALSE,
E-MTAB-11536,A29-BMA,Erythroid,present,,FALSE,
E-MTAB-11536,A29-BMA,HSC_MPP,present,,FALSE,
E-MTAB-11536,A29-BMA,LMPP_GMP,present,,FALSE,
E-MTAB-11536,A29-BMA,Megakaryocyte,present,,FALSE,
E-MTAB-11536,A29-BMA,Mono_DC,present,,FALSE,
E-MTAB-11536,A29-BMA,Stromal,NA_technical,STROMAL_NO_EVIDENCE,FALSE,
E-MTAB-11536,A29-BMA,T_NK,present,,FALSE,
E-MTAB-11536,A31-BMA,B_Plasma,present,,FALSE,
E-MTAB-11536,A31-BMA,Erythroid,present,,FALSE,
E-MTAB-11536,A31-BMA,HSC_MPP,present,,FALSE,
E-MTAB-11536,A31-BMA,LMPP_GMP,present,,FALSE,
E-MTAB-11536,A31-BMA,Megakaryocyte,present,,FALSE,
E-MTAB-11536,A31-BMA,Mono_DC,present,,FALSE,
E-MTAB-11536,A31-BMA,Stromal,NA_technical,STROMAL_NO_EVIDENCE,FALSE,
E-MTAB-11536,A31-BMA,T_NK,present,,FALSE,
E-MTAB-11536,A35-BMA,B_Plasma,present,,FALSE,
E-MTAB-11536,A35-BMA,Erythroid,present,,FALSE,
E-MTAB-11536,A35-BMA,HSC_MPP,present,,FALSE,
E-MTAB-11536,A35-BMA,LMPP_GMP,present,,FALSE,
E-MTAB-11536,A35-BMA,Megakaryocyte,present,,FALSE,
E-MTAB-11536,A35-BMA,Mono_DC,present,,FALSE,
E-MTAB-11536,A35-BMA,Stromal,NA_technical,STROMAL_NO_EVIDENCE,FALSE,
E-MTAB-11536,A35-BMA,T_NK,present,,FALSE,
E-MTAB-11536,A36-BMA,B_Plasma,present,,FALSE,
E-MTAB-11536,A36-BMA,Erythroid,present,,FALSE,
E-MTAB-11536,A36-BMA,HSC_MPP,present,,FALSE,
E-MTAB-11536,A36-BMA,LMPP_GMP,present,,FALSE,
E-MTAB-11536,A36-BMA,Megakaryocyte,present,,FALSE,
E-MTAB-11536,A36-BMA,Mono_DC,present,,FALSE,
E-MTAB-11536,A36-BMA,Stromal,NA_technical,STROMAL_NO_EVIDENCE,FALSE,
E-MTAB-11536,A36-BMA,T_NK,present,,FALSE,
E-MTAB-11536,A37-BMA,B_Plasma,present,,FALSE,
E-MTAB-11536,A37-BMA,Erythroid,present,,FALSE,
E-MTAB-11536,A37-BMA,HSC_MPP,present,,FALSE,
E-MTAB-11536,A37-BMA,LMPP_GMP,present,,FALSE,
E-MTAB-11536,A37-BMA,Megakaryocyte,present,,FALSE,
E-MTAB-11536,A37-BMA,Mono_DC,present,,FALSE,
E-MTAB-11536,A37-BMA,Stromal,NA_technical,STROMAL_NO_EVIDENCE,FALSE,
E-MTAB-11536,A37-BMA,T_NK,present,,FALSE,
GSE116256,AML1012-D0,B_Plasma,present,,FALSE,
GSE116256,AML1012-D0,Erythroid,present,,FALSE,
GSE116256,AML1012-D0,HSC_MPP,present,,FALSE,
GSE116256,AML1012-D0,LMPP_GMP,present,,FALSE,
GSE116256,AML1012-D0,Megakaryocyte,present,,FALSE,
GSE116256,AML1012-D0,Mono_DC,present,,FALSE,
GSE116256,AML1012-D0,Stromal,NA_technical,STROMAL_NO_EVIDENCE,FALSE,
GSE116256,AML1012-D0,T_NK,present,,FALSE,
GSE116256,AML210A-D0,B_Plasma,present,,FALSE,
GSE116256,AML210A-D0,Erythroid,present,,FALSE,
GSE116256,AML210A-D0,HSC_MPP,present,,FALSE,
GSE116256,AML210A-D0,LMPP_GMP,present,,FALSE,
GSE116256,AML210A-D0,Megakaryocyte,present,,FALSE,
GSE116256,AML210A-D0,Mono_DC,present,,FALSE,
GSE116256,AML210A-D0,Stromal,NA_technical,STROMAL_NO_EVIDENCE,FALSE,
GSE116256,AML210A-D0,T_NK,present,,FALSE,
GSE116256,AML314-D0,B_Plasma,present,,FALSE,
GSE116256,AML314-D0,Erythroid,present,,FALSE,
GSE116256,AML314-D0,HSC_MPP,present,,FALSE,
GSE116256,AML314-D0,LMPP_GMP,present,,FALSE,
GSE116256,AML314-D0,Megakaryocyte,present,,FALSE,
GSE116256,AML314-D0,Mono_DC,present,,FALSE,
GSE116256,AML314-D0,Stromal,NA_technical,STROMAL_NO_EVIDENCE,FALSE,
GSE116256,AML314-D0,T_NK,present,,FALSE,
GSE116256,AML314-D31,B_Plasma,present,,FALSE,
GSE116256,AML314-D31,Erythroid,present,,FALSE,
GSE116256,AML314-D31,HSC_MPP,present,,FALSE,
GSE116256,AML314-D31,LMPP_GMP,present,,FALSE,
GSE116256,AML314-D31,Megakaryocyte,present,,FALSE,
GSE116256,AML314-D31,Mono_DC,present,,FALSE,
GSE116256,AML314-D31,Stromal,NA_technical,STROMAL_NO_EVIDENCE,FALSE,
GSE116256,AML314-D31,T_NK,present,,FALSE,
GSE116256,AML328-D0,B_Plasma,present,,FALSE,
GSE116256,AML328-D0,Erythroid,present,,FALSE,
GSE116256,AML328-D0,HSC_MPP,present,,FALSE,
GSE116256,AML328-D0,LMPP_GMP,present,,FALSE,
GSE116256,AML328-D0,Megakaryocyte,present,,FALSE,
GSE116256,AML328-D0,Mono_DC,present,,FALSE,
GSE116256,AML328-D0,Stromal,NA_technical,STROMAL_NO_EVIDENCE,FALSE,
GSE116256,AML328-D0,T_NK,present,,FALSE,
GSE116256,AML328-D113,B_Plasma,present,,FALSE,
GSE116256,AML328-D113,Erythroid,present,,FALSE,
GSE116256,AML328-D113,HSC_MPP,present,,FALSE,
GSE116256,AML328-D113,LMPP_GMP,present,,FALSE,
GSE116256,AML328-D113,Megakaryocyte,present,,FALSE,
GSE116256,AML328-D113,Mono_DC,present,,FALSE,
GSE116256,AML328-D113,Stromal,NA_technical,STROMAL_NO_EVIDENCE,FALSE,
GSE116256,AML328-D113,T_NK,present,,FALSE,
GSE116256,AML328-D171,B_Plasma,present,,FALSE,
GSE116256,AML328-D171,Erythroid,present,,FALSE,
GSE116256,AML328-D171,HSC_MPP,present,,FALSE,
GSE116256,AML328-D171,LMPP_GMP,present,,FALSE,
GSE116256,AML328-D171,Megakaryocyte,present,,FALSE,
GSE116256,AML328-D171,Mono_DC,present,,FALSE,
GSE116256,AML328-D171,Stromal,NA_technical,STROMAL_NO_EVIDENCE,FALSE,
GSE116256,AML328-D171,T_NK,present,,FALSE,
GSE116256,AML328-D29,B_Plasma,present,,FALSE,
GSE116256,AML328-D29,Erythroid,present,,FALSE,
GSE116256,AML328-D29,HSC_MPP,present,,FALSE,
GSE116256,AML328-D29,LMPP_GMP,present,,FALSE,
GSE116256,AML328-D29,Megakaryocyte,present,,FALSE,
GSE116256,AML328-D29,Mono_DC,present,,FALSE,
GSE116256,AML328-D29,Stromal,NA_technical,STROMAL_NO_EVIDENCE,FALSE,
GSE116256,AML328-D29,T_NK,present,,FALSE,
GSE116256,AML329-D0,B_Plasma,present,,FALSE,
GSE116256,AML329-D0,Erythroid,present,,FALSE,
GSE116256,AML329-D0,HSC_MPP,present,,FALSE,
GSE116256,AML329-D0,LMPP_GMP,present,,FALSE,
GSE116256,AML329-D0,Megakaryocyte,present,,FALSE,
GSE116256,AML329-D0,Mono_DC,present,,FALSE,
GSE116256,AML329-D0,Stromal,NA_technical,STROMAL_NO_EVIDENCE,FALSE,
GSE116256,AML329-D0,T_NK,present,,FALSE,
GSE116256,AML329-D20,B_Plasma,present,,FALSE,
GSE116256,AML329-D20,Erythroid,present,,FALSE,
GSE116256,AML329-D20,HSC_MPP,present,,FALSE,
GSE116256,AML329-D20,LMPP_GMP,present,,FALSE,
GSE116256,AML329-D20,Megakaryocyte,present,,FALSE,
GSE116256,AML329-D20,Mono_DC,present,,FALSE,
GSE116256,AML329-D20,Stromal,NA_technical,STROMAL_NO_EVIDENCE,FALSE,
GSE116256,AML329-D20,T_NK,present,,FALSE,
GSE116256,AML329-D37,B_Plasma,present,,FALSE,
GSE116256,AML329-D37,Erythroid,present,,FALSE,
GSE116256,AML329-D37,HSC_MPP,present,,FALSE,
GSE116256,AML329-D37,LMPP_GMP,present,,FALSE,
GSE116256,AML329-D37,Megakaryocyte,present,,FALSE,
GSE116256,AML329-D37,Mono_DC,present,,FALSE,
GSE116256,AML329-D37,Stromal,NA_technical,STROMAL_NO_EVIDENCE,FALSE,
GSE116256,AML329-D37,T_NK,present,,FALSE,
GSE116256,AML371-D0,B_Plasma,present,,FALSE,
GSE116256,AML371-D0,Erythroid,present,,FALSE,
GSE116256,AML371-D0,HSC_MPP,present,,FALSE,
GSE116256,AML371-D0,LMPP_GMP,present,,FALSE,
GSE116256,AML371-D0,Megakaryocyte,present,,FALSE,
GSE116256,AML371-D0,Mono_DC,present,,FALSE,
GSE116256,AML371-D0,Stromal,NA_technical,STROMAL_NO_EVIDENCE,FALSE,
GSE116256,AML371-D0,T_NK,present,,FALSE,
GSE116256,AML371-D34,B_Plasma,present,,FALSE,
GSE116256,AML371-D34,Erythroid,present,,FALSE,
GSE116256,AML371-D34,HSC_MPP,present,,FALSE,
GSE116256,AML371-D34,LMPP_GMP,present,,FALSE,
GSE116256,AML371-D34,Megakaryocyte,present,,FALSE,
GSE116256,AML371-D34,Mono_DC,present,,FALSE,
GSE116256,AML371-D34,Stromal,NA_technical,STROMAL_NO_EVIDENCE,FALSE,
GSE116256,AML371-D34,T_NK,present,,FALSE,
GSE116256,AML419A-D0,B_Plasma,present,,FALSE,
GSE116256,AML419A-D0,Erythroid,present,,FALSE,
GSE116256,AML419A-D0,HSC_MPP,present,,FALSE,
GSE116256,AML419A-D0,LMPP_GMP,present,,FALSE,
GSE116256,AML419A-D0,Megakaryocyte,present,,FALSE,
GSE116256,AML419A-D0,Mono_DC,present,,FALSE,
GSE116256,AML419A-D0,Stromal,NA_technical,STROMAL_NO_EVIDENCE,FALSE,
GSE116256,AML419A-D0,T_NK,present,,FALSE,
GSE116256,AML420B-D0,B_Plasma,present,,FALSE,
GSE116256,AML420B-D0,Erythroid,present,,FALSE,
GSE116256,AML420B-D0,HSC_MPP,present,,FALSE,
GSE116256,AML420B-D0,LMPP_GMP,present,,FALSE,
GSE116256,AML420B-D0,Megakaryocyte,present,,FALSE,
GSE116256,AML420B-D0,Mono_DC,present,,FALSE,
GSE116256,AML420B-D0,Stromal,NA_technical,STROMAL_NO_EVIDENCE,FALSE,
GSE116256,AML420B-D0,T_NK,present,,FALSE,
GSE116256,AML420B-D14,B_Plasma,present,,FALSE,
GSE116256,AML420B-D14,Erythroid,present,,FALSE,
GSE116256,AML420B-D14,HSC_MPP,present,,FALSE,
GSE116256,AML420B-D14,LMPP_GMP,present,,FALSE,
GSE116256,AML420B-D14,Megakaryocyte,present,,FALSE,
GSE116256,AML420B-D14,Mono_DC,present,,FALSE,
GSE116256,AML420B-D14,Stromal,NA_technical,STROMAL_NO_EVIDENCE,FALSE,
GSE116256,AML420B-D14,T_NK,present,,FALSE,
GSE116256,AML420B-D35,B_Plasma,present,,FALSE,
GSE116256,AML420B-D35,Erythroid,present,,FALSE,
GSE116256,AML420B-D35,HSC_MPP,present,,FALSE,
GSE116256,AML420B-D35,LMPP_GMP,present,,FALSE,
GSE116256,AML420B-D35,Megakaryocyte,present,,FALSE,
GSE116256,AML420B-D35,Mono_DC,present,,FALSE,
GSE116256,AML420B-D35,Stromal,NA_technical,STROMAL_NO_EVIDENCE,FALSE,
GSE116256,AML420B-D35,T_NK,present,,FALSE,
GSE116256,AML475-D0,B_Plasma,present,,FALSE,
GSE116256,AML475-D0,Erythroid,present,,FALSE,
GSE116256,AML475-D0,HSC_MPP,present,,FALSE,
GSE116256,AML475-D0,LMPP_GMP,present,,FALSE,
GSE116256,AML475-D0,Megakaryocyte,present,,FALSE,
GSE116256,AML475-D0,Mono_DC,present,,FALSE,
GSE116256,AML475-D0,Stromal,NA_technical,STROMAL_NO_EVIDENCE,FALSE,
GSE116256,AML475-D0,T_NK,present,,FALSE,
GSE116256,AML475-D29,B_Plasma,present,,FALSE,
GSE116256,AML475-D29,Erythroid,present,,FALSE,
GSE116256,AML475-D29,HSC_MPP,present,,FALSE,
GSE116256,AML475-D29,LMPP_GMP,present,,FALSE,
GSE116256,AML475-D29,Megakaryocyte,present,,FALSE,
GSE116256,AML475-D29,Mono_DC,present,,FALSE,
GSE116256,AML475-D29,Stromal,NA_technical,STROMAL_NO_EVIDENCE,FALSE,
GSE116256,AML475-D29,T_NK,present,,FALSE,
GSE116256,AML556-D0,B_Plasma,present,,FALSE,
GSE116256,AML556-D0,Erythroid,present,,FALSE,
GSE116256,AML556-D0,HSC_MPP,present,,FALSE,
GSE116256,AML556-D0,LMPP_GMP,present,,FALSE,
GSE116256,AML556-D0,Megakaryocyte,present,,FALSE,
GSE116256,AML556-D0,Mono_DC,present,,FALSE,
GSE116256,AML556-D0,Stromal,NA_technical,STROMAL_NO_EVIDENCE,FALSE,
GSE116256,AML556-D0,T_NK,present,,FALSE,
GSE116256,AML556-D15,B_Plasma,present,,FALSE,
GSE116256,AML556-D15,Erythroid,present,,FALSE,
GSE116256,AML556-D15,HSC_MPP,present,,FALSE,
GSE116256,AML556-D15,LMPP_GMP,present,,FALSE,
GSE116256,AML556-D15,Megakaryocyte,present,,FALSE,
GSE116256,AML556-D15,Mono_DC,present,,FALSE,
GSE116256,AML556-D15,Stromal,NA_technical,STROMAL_NO_EVIDENCE,FALSE,
GSE116256,AML556-D15,T_NK,present,,FALSE,
GSE116256,AML556-D31,B_Plasma,present,,FALSE,
GSE116256,AML556-D31,Erythroid,present,,FALSE,
GSE116256,AML556-D31,HSC_MPP,present,,FALSE,
GSE116256,AML556-D31,LMPP_GMP,present,,FALSE,
GSE116256,AML556-D31,Megakaryocyte,present,,FALSE,
GSE116256,AML556-D31,Mono_DC,present,,FALSE,
GSE116256,AML556-D31,Stromal,NA_technical,STROMAL_NO_EVIDENCE,FALSE,
GSE116256,AML556-D31,T_NK,present,,FALSE,
GSE116256,AML707B-D0,B_Plasma,present,,FALSE,
GSE116256,AML707B-D0,Erythroid,present,,FALSE,
GSE116256,AML707B-D0,HSC_MPP,present,,FALSE,
GSE116256,AML707B-D0,LMPP_GMP,present,,FALSE,
GSE116256,AML707B-D0,Megakaryocyte,present,,FALSE,
GSE116256,AML707B-D0,Mono_DC,present,,FALSE,
GSE116256,AML707B-D0,Stromal,NA_technical,STROMAL_NO_EVIDENCE,FALSE,
GSE116256,AML707B-D0,T_NK,present,,FALSE,
GSE116256,AML707B-D113,B_Plasma,present,,FALSE,
GSE116256,AML707B-D113,Erythroid,present,,FALSE,
GSE116256,AML707B-D113,HSC_MPP,present,,FALSE,
GSE116256,AML707B-D113,LMPP_GMP,present,,FALSE,
GSE116256,AML707B-D113,Megakaryocyte,present,,FALSE,
GSE116256,AML707B-D113,Mono_DC,present,,FALSE,
GSE116256,AML707B-D113,Stromal,NA_technical,STROMAL_NO_EVIDENCE,FALSE,
GSE116256,AML707B-D113,T_NK,present,,FALSE,
GSE116256,AML707B-D18,B_Plasma,present,,FALSE,
GSE116256,AML707B-D18,Erythroid,present,,FALSE,
GSE116256,AML707B-D18,HSC_MPP,present,,FALSE,
GSE116256,AML707B-D18,LMPP_GMP,present,,FALSE,
GSE116256,AML707B-D18,Megakaryocyte,present,,FALSE,
GSE116256,AML707B-D18,Mono_DC,present,,FALSE,
GSE116256,AML707B-D18,Stromal,NA_technical,STROMAL_NO_EVIDENCE,FALSE,
GSE116256,AML707B-D18,T_NK,present,,FALSE,
GSE116256,AML707B-D41,B_Plasma,present,,FALSE,
GSE116256,AML707B-D41,Erythroid,present,,FALSE,
GSE116256,AML707B-D41,HSC_MPP,present,,FALSE,
GSE116256,AML707B-D41,LMPP_GMP,present,,FALSE,
GSE116256,AML707B-D41,Megakaryocyte,present,,FALSE,
GSE116256,AML707B-D41,Mono_DC,present,,FALSE,
GSE116256,AML707B-D41,Stromal,NA_technical,STROMAL_NO_EVIDENCE,FALSE,
GSE116256,AML707B-D41,T_NK,present,,FALSE,
GSE116256,AML707B-D97,B_Plasma,present,,FALSE,
GSE116256,AML707B-D97,Erythroid,present,,FALSE,
GSE116256,AML707B-D97,HSC_MPP,present,,FALSE,
GSE116256,AML707B-D97,LMPP_GMP,present,,FALSE,
GSE116256,AML707B-D97,Megakaryocyte,present,,FALSE,
GSE116256,AML707B-D97,Mono_DC,present,,FALSE,
GSE116256,AML707B-D97,Stromal,NA_technical,STROMAL_NO_EVIDENCE,FALSE,
GSE116256,AML707B-D97,T_NK,present,,FALSE,
GSE116256,AML722B-D0,B_Plasma,present,,FALSE,
GSE116256,AML722B-D0,Erythroid,present,,FALSE,
GSE116256,AML722B-D0,HSC_MPP,present,,FALSE,
GSE116256,AML722B-D0,LMPP_GMP,present,,FALSE,
GSE116256,AML722B-D0,Megakaryocyte,present,,FALSE,
GSE116256,AML722B-D0,Mono_DC,present,,FALSE,
GSE116256,AML722B-D0,Stromal,NA_technical,STROMAL_NO_EVIDENCE,FALSE,
GSE116256,AML722B-D0,T_NK,present,,FALSE,
GSE116256,AML722B-D49,B_Plasma,present,,FALSE,
GSE116256,AML722B-D49,Erythroid,present,,FALSE,
GSE116256,AML722B-D49,HSC_MPP,present,,FALSE,
GSE116256,AML722B-D49,LMPP_GMP,present,,FALSE,
GSE116256,AML722B-D49,Megakaryocyte,present,,FALSE,
GSE116256,AML722B-D49,Mono_DC,present,,FALSE,
GSE116256,AML722B-D49,Stromal,NA_technical,STROMAL_NO_EVIDENCE,FALSE,
GSE116256,AML722B-D49,T_NK,present,,FALSE,
GSE116256,AML870-D0,B_Plasma,present,,FALSE,
GSE116256,AML870-D0,Erythroid,present,,FALSE,
GSE116256,AML870-D0,HSC_MPP,present,,FALSE,
GSE116256,AML870-D0,LMPP_GMP,present,,FALSE,
GSE116256,AML870-D0,Megakaryocyte,present,,FALSE,
GSE116256,AML870-D0,Mono_DC,present,,FALSE,
GSE116256,AML870-D0,Stromal,NA_technical,STROMAL_NO_EVIDENCE,FALSE,
GSE116256,AML870-D0,T_NK,present,,FALSE,
GSE116256,AML870-D14,B_Plasma,present,,FALSE,
GSE116256,AML870-D14,Erythroid,present,,FALSE,
GSE116256,AML870-D14,HSC_MPP,present,,FALSE,
GSE116256,AML870-D14,LMPP_GMP,present,,FALSE,
GSE116256,AML870-D14,Megakaryocyte,present,,FALSE,
GSE116256,AML870-D14,Mono_DC,present,,FALSE,
GSE116256,AML870-D14,Stromal,NA_technical,STROMAL_NO_EVIDENCE,FALSE,
GSE116256,AML870-D14,T_NK,present,,FALSE,
GSE116256,AML916-D0,B_Plasma,present,,FALSE,
GSE116256,AML916-D0,Erythroid,present,,FALSE,
GSE116256,AML916-D0,HSC_MPP,present,,FALSE,
GSE116256,AML916-D0,LMPP_GMP,present,,FALSE,
GSE116256,AML916-D0,Megakaryocyte,present,,FALSE,
GSE116256,AML916-D0,Mono_DC,present,,FALSE,
GSE116256,AML916-D0,Stromal,NA_technical,STROMAL_NO_EVIDENCE,FALSE,
GSE116256,AML916-D0,T_NK,present,,FALSE,
GSE116256,AML921A-D0,B_Plasma,present,,FALSE,
GSE116256,AML921A-D0,Erythroid,present,,FALSE,
GSE116256,AML921A-D0,HSC_MPP,present,,FALSE,
GSE116256,AML921A-D0,LMPP_GMP,present,,FALSE,
GSE116256,AML921A-D0,Megakaryocyte,present,,FALSE,
GSE116256,AML921A-D0,Mono_DC,present,,FALSE,
GSE116256,AML921A-D0,Stromal,NA_technical,STROMAL_NO_EVIDENCE,FALSE,
GSE116256,AML921A-D0,T_NK,present,,FALSE,
GSE116256,AML997-D0,B_Plasma,present,,FALSE,
GSE116256,AML997-D0,Erythroid,present,,FALSE,
GSE116256,AML997-D0,HSC_MPP,present,,FALSE,
GSE116256,AML997-D0,LMPP_GMP,present,,FALSE,
GSE116256,AML997-D0,Megakaryocyte,present,,FALSE,
GSE116256,AML997-D0,Mono_DC,present,,FALSE,
GSE116256,AML997-D0,Stromal,NA_technical,STROMAL_NO_EVIDENCE,FALSE,
GSE116256,AML997-D0,T_NK,present,,FALSE,
GSE116256,AML997-D35,B_Plasma,present,,FALSE,
GSE116256,AML997-D35,Erythroid,present,,FALSE,
GSE116256,AML997-D35,HSC_MPP,present,,FALSE,
GSE116256,AML997-D35,LMPP_GMP,present,,FALSE,
GSE116256,AML997-D35,Megakaryocyte,present,,FALSE,
GSE116256,AML997-D35,Mono_DC,present,,FALSE,
GSE116256,AML997-D35,Stromal,NA_technical,STROMAL_NO_EVIDENCE,FALSE,
GSE116256,AML997-D35,T_NK,present,,FALSE,
GSE116256,BM1,B_Plasma,present,,FALSE,
GSE116256,BM1,Erythroid,present,,FALSE,
GSE116256,BM1,HSC_MPP,present,,FALSE,
GSE116256,BM1,LMPP_GMP,present,,FALSE,
GSE116256,BM1,Megakaryocyte,present,,FALSE,
GSE116256,BM1,Mono_DC,present,,FALSE,
GSE116256,BM1,Stromal,NA_technical,STROMAL_NO_EVIDENCE,FALSE,
GSE116256,BM1,T_NK,present,,FALSE,
GSE116256,BM2,B_Plasma,present,,FALSE,
GSE116256,BM2,Erythroid,present,,FALSE,
GSE116256,BM2,HSC_MPP,present,,FALSE,
GSE116256,BM2,LMPP_GMP,present,,FALSE,
GSE116256,BM2,Megakaryocyte,present,,FALSE,
GSE116256,BM2,Mono_DC,present,,FALSE,
GSE116256,BM2,Stromal,NA_technical,STROMAL_NO_EVIDENCE,FALSE,
GSE116256,BM2,T_NK,present,,FALSE,
GSE116256,BM3,B_Plasma,present,,FALSE,
GSE116256,BM3,Erythroid,present,,FALSE,
GSE116256,BM3,HSC_MPP,present,,FALSE,
GSE116256,BM3,LMPP_GMP,present,,FALSE,
GSE116256,BM3,Megakaryocyte,present,,FALSE,
GSE116256,BM3,Mono_DC,present,,FALSE,
GSE116256,BM3,Stromal,NA_technical,STROMAL_NO_EVIDENCE,FALSE,
GSE116256,BM3,T_NK,present,,FALSE,
GSE116256,BM4,B_Plasma,present,,FALSE,
GSE116256,BM4,Erythroid,present,,FALSE,
GSE116256,BM4,HSC_MPP,present,,FALSE,
GSE116256,BM4,LMPP_GMP,present,,FALSE,
GSE116256,BM4,Megakaryocyte,present,,FALSE,
GSE116256,BM4,Mono_DC,present,,FALSE,
GSE116256,BM4,Stromal,NA_technical,STROMAL_NO_EVIDENCE,FALSE,
GSE116256,BM4,T_NK,present,,FALSE,
GSE116256,BM5-34p,B_Plasma,NA_technical,CD34_SORT,FALSE,
GSE116256,BM5-34p,Erythroid,NA_technical,CD34_SORT,FALSE,
GSE116256,BM5-34p,HSC_MPP,present,,FALSE,
GSE116256,BM5-34p,LMPP_GMP,present,,FALSE,
GSE116256,BM5-34p,Megakaryocyte,NA_technical,CD34_SORT,FALSE,
GSE116256,BM5-34p,Mono_DC,NA_technical,CD34_SORT,FALSE,
GSE116256,BM5-34p,Stromal,NA_technical,CD34_SORT+STROMAL_NO_EVIDENCE,FALSE,
GSE116256,BM5-34p,T_NK,NA_technical,CD34_SORT,FALSE,
GSE116256,BM5-34p38n,B_Plasma,NA_technical,CD34_CD38_SORT,FALSE,
GSE116256,BM5-34p38n,Erythroid,NA_technical,CD34_CD38_SORT,FALSE,
GSE116256,BM5-34p38n,HSC_MPP,present,,FALSE,
GSE116256,BM5-34p38n,LMPP_GMP,present,,FALSE,
GSE116256,BM5-34p38n,Megakaryocyte,NA_technical,CD34_CD38_SORT,FALSE,
GSE116256,BM5-34p38n,Mono_DC,NA_technical,CD34_CD38_SORT,FALSE,
GSE116256,BM5-34p38n,Stromal,NA_technical,CD34_CD38_SORT+STROMAL_NO_EVIDENCE,FALSE,
GSE116256,BM5-34p38n,T_NK,NA_technical,CD34_CD38_SORT,FALSE,
GSE147989,007C1D1BL,B_Plasma,NA_technical,LIN_DEPLETED,FALSE,
GSE147989,007C1D1BL,Erythroid,NA_technical,PB+LIN_DEPLETED,FALSE,
GSE147989,007C1D1BL,HSC_MPP,present,,FALSE,
GSE147989,007C1D1BL,LMPP_GMP,present,,FALSE,
GSE147989,007C1D1BL,Megakaryocyte,NA_technical,PB+LIN_DEPLETED,FALSE,
GSE147989,007C1D1BL,Mono_DC,NA_technical,LIN_DEPLETED,FALSE,
GSE147989,007C1D1BL,Stromal,NA_technical,PB+LIN_DEPLETED+STROMAL_NO_EVIDENCE,FALSE,
GSE147989,007C1D1BL,T_NK,NA_technical,LIN_DEPLETED,FALSE,
GSE147989,007SCRBL,B_Plasma,NA_technical,LIN_DEPLETED,FALSE,
GSE147989,007SCRBL,Erythroid,NA_technical,PB+LIN_DEPLETED,FALSE,
GSE147989,007SCRBL,HSC_MPP,present,,FALSE,
GSE147989,007SCRBL,LMPP_GMP,present,,FALSE,
GSE147989,007SCRBL,Megakaryocyte,NA_technical,PB+LIN_DEPLETED,FALSE,
GSE147989,007SCRBL,Mono_DC,NA_technical,LIN_DEPLETED,FALSE,
GSE147989,007SCRBL,Stromal,NA_technical,PB+LIN_DEPLETED+STROMAL_NO_EVIDENCE,FALSE,
GSE147989,007SCRBL,T_NK,NA_technical,LIN_DEPLETED,FALSE,
GSE147989,009C1D1BL,B_Plasma,NA_technical,LIN_DEPLETED,FALSE,
GSE147989,009C1D1BL,Erythroid,NA_technical,PB+LIN_DEPLETED,FALSE,
GSE147989,009C1D1BL,HSC_MPP,present,,FALSE,
GSE147989,009C1D1BL,LMPP_GMP,present,,FALSE,
GSE147989,009C1D1BL,Megakaryocyte,NA_technical,PB+LIN_DEPLETED,FALSE,
GSE147989,009C1D1BL,Mono_DC,NA_technical,LIN_DEPLETED,FALSE,
GSE147989,009C1D1BL,Stromal,NA_technical,PB+LIN_DEPLETED+STROMAL_NO_EVIDENCE,FALSE,
GSE147989,009C1D1BL,T_NK,NA_technical,LIN_DEPLETED,FALSE,
GSE147989,009SCRBL,B_Plasma,NA_technical,LIN_DEPLETED,FALSE,
GSE147989,009SCRBL,Erythroid,NA_technical,PB+LIN_DEPLETED,FALSE,
GSE147989,009SCRBL,HSC_MPP,present,,FALSE,
GSE147989,009SCRBL,LMPP_GMP,present,,FALSE,
GSE147989,009SCRBL,Megakaryocyte,NA_technical,PB+LIN_DEPLETED,FALSE,
GSE147989,009SCRBL,Mono_DC,NA_technical,LIN_DEPLETED,FALSE,
GSE147989,009SCRBL,Stromal,NA_technical,PB+LIN_DEPLETED+STROMAL_NO_EVIDENCE,FALSE,
GSE147989,009SCRBL,T_NK,NA_technical,LIN_DEPLETED,FALSE,
GSE185381,AML001,B_Plasma,present,,FALSE,
GSE185381,AML001,Erythroid,present,,FALSE,
GSE185381,AML001,HSC_MPP,present,,FALSE,
GSE185381,AML001,LMPP_GMP,present,,FALSE,
GSE185381,AML001,Megakaryocyte,present,,FALSE,
GSE185381,AML001,Mono_DC,present,,FALSE,
GSE185381,AML001,Stromal,NA_technical,STROMAL_NO_EVIDENCE,FALSE,
GSE185381,AML001,T_NK,present,,FALSE,
GSE185381,AML0024,B_Plasma,present,,FALSE,
GSE185381,AML0024,Erythroid,present,,FALSE,
GSE185381,AML0024,HSC_MPP,present,,FALSE,
GSE185381,AML0024,LMPP_GMP,present,,FALSE,
GSE185381,AML0024,Megakaryocyte,present,,FALSE,
GSE185381,AML0024,Mono_DC,present,,FALSE,
GSE185381,AML0024,Stromal,NA_technical,STROMAL_NO_EVIDENCE,FALSE,
GSE185381,AML0024,T_NK,present,,FALSE,
GSE185381,AML003,B_Plasma,present,,FALSE,
GSE185381,AML003,Erythroid,present,,FALSE,
GSE185381,AML003,HSC_MPP,present,,FALSE,
GSE185381,AML003,LMPP_GMP,present,,FALSE,
GSE185381,AML003,Megakaryocyte,present,,FALSE,
GSE185381,AML003,Mono_DC,present,,FALSE,
GSE185381,AML003,Stromal,NA_technical,STROMAL_NO_EVIDENCE,FALSE,
GSE185381,AML003,T_NK,present,,FALSE,
GSE185381,AML0048,B_Plasma,present,,FALSE,
GSE185381,AML0048,Erythroid,present,,FALSE,
GSE185381,AML0048,HSC_MPP,present,,FALSE,
GSE185381,AML0048,LMPP_GMP,present,,FALSE,
GSE185381,AML0048,Megakaryocyte,present,,FALSE,
GSE185381,AML0048,Mono_DC,present,,FALSE,
GSE185381,AML0048,Stromal,NA_technical,STROMAL_NO_EVIDENCE,FALSE,
GSE185381,AML0048,T_NK,present,,FALSE,
GSE185381,AML005,B_Plasma,present,,FALSE,
GSE185381,AML005,Erythroid,present,,FALSE,
GSE185381,AML005,HSC_MPP,present,,FALSE,
GSE185381,AML005,LMPP_GMP,present,,FALSE,
GSE185381,AML005,Megakaryocyte,present,,FALSE,
GSE185381,AML005,Mono_DC,present,,FALSE,
GSE185381,AML005,Stromal,NA_technical,STROMAL_NO_EVIDENCE,FALSE,
GSE185381,AML005,T_NK,present,,FALSE,
GSE185381,AML006,B_Plasma,present,,FALSE,
GSE185381,AML006,Erythroid,present,,FALSE,
GSE185381,AML006,HSC_MPP,present,,FALSE,
GSE185381,AML006,LMPP_GMP,present,,FALSE,
GSE185381,AML006,Megakaryocyte,present,,FALSE,
GSE185381,AML006,Mono_DC,present,,FALSE,
GSE185381,AML006,Stromal,NA_technical,STROMAL_NO_EVIDENCE,FALSE,
GSE185381,AML006,T_NK,present,,FALSE,
GSE185381,AML008,B_Plasma,present,,FALSE,
GSE185381,AML008,Erythroid,present,,FALSE,
GSE185381,AML008,HSC_MPP,present,,FALSE,
GSE185381,AML008,LMPP_GMP,present,,FALSE,
GSE185381,AML008,Megakaryocyte,present,,FALSE,
GSE185381,AML008,Mono_DC,present,,FALSE,
GSE185381,AML008,Stromal,NA_technical,STROMAL_NO_EVIDENCE,FALSE,
GSE185381,AML008,T_NK,present,,FALSE,
GSE185381,AML009,B_Plasma,present,,FALSE,
GSE185381,AML009,Erythroid,present,,FALSE,
GSE185381,AML009,HSC_MPP,present,,FALSE,
GSE185381,AML009,LMPP_GMP,present,,FALSE,
GSE185381,AML009,Megakaryocyte,present,,FALSE,
GSE185381,AML009,Mono_DC,present,,FALSE,
GSE185381,AML009,Stromal,NA_technical,STROMAL_NO_EVIDENCE,FALSE,
GSE185381,AML009,T_NK,present,,FALSE,
GSE185381,AML0114,B_Plasma,present,,FALSE,
GSE185381,AML0114,Erythroid,present,,FALSE,
GSE185381,AML0114,HSC_MPP,present,,FALSE,
GSE185381,AML0114,LMPP_GMP,present,,FALSE,
GSE185381,AML0114,Megakaryocyte,present,,FALSE,
GSE185381,AML0114,Mono_DC,present,,FALSE,
GSE185381,AML0114,Stromal,NA_technical,STROMAL_NO_EVIDENCE,FALSE,
GSE185381,AML0114,T_NK,present,,FALSE,
GSE185381,AML012,B_Plasma,present,,FALSE,
GSE185381,AML012,Erythroid,present,,FALSE,
GSE185381,AML012,HSC_MPP,present,,FALSE,
GSE185381,AML012,LMPP_GMP,present,,FALSE,
GSE185381,AML012,Megakaryocyte,present,,FALSE,
GSE185381,AML012,Mono_DC,present,,FALSE,
GSE185381,AML012,Stromal,NA_technical,STROMAL_NO_EVIDENCE,FALSE,
GSE185381,AML012,T_NK,present,,FALSE,
GSE185381,AML0160,B_Plasma,present,,FALSE,
GSE185381,AML0160,Erythroid,present,,FALSE,
GSE185381,AML0160,HSC_MPP,present,,FALSE,
GSE185381,AML0160,LMPP_GMP,present,,FALSE,
GSE185381,AML0160,Megakaryocyte,present,,FALSE,
GSE185381,AML0160,Mono_DC,present,,FALSE,
GSE185381,AML0160,Stromal,NA_technical,STROMAL_NO_EVIDENCE,FALSE,
GSE185381,AML0160,T_NK,present,,FALSE,
GSE185381,AML022,B_Plasma,present,,FALSE,
GSE185381,AML022,Erythroid,present,,FALSE,
GSE185381,AML022,HSC_MPP,present,,FALSE,
GSE185381,AML022,LMPP_GMP,present,,FALSE,
GSE185381,AML022,Megakaryocyte,present,,FALSE,
GSE185381,AML022,Mono_DC,present,,FALSE,
GSE185381,AML022,Stromal,NA_technical,STROMAL_NO_EVIDENCE,FALSE,
GSE185381,AML022,T_NK,present,,FALSE,
GSE185381,AML025,B_Plasma,present,,FALSE,
GSE185381,AML025,Erythroid,present,,FALSE,
GSE185381,AML025,HSC_MPP,present,,FALSE,
GSE185381,AML025,LMPP_GMP,present,,FALSE,
GSE185381,AML025,Megakaryocyte,present,,FALSE,
GSE185381,AML025,Mono_DC,present,,FALSE,
GSE185381,AML025,Stromal,NA_technical,STROMAL_NO_EVIDENCE,FALSE,
GSE185381,AML025,T_NK,present,,FALSE,
GSE185381,AML026,B_Plasma,present,,FALSE,
GSE185381,AML026,Erythroid,present,,FALSE,
GSE185381,AML026,HSC_MPP,present,,FALSE,
GSE185381,AML026,LMPP_GMP,present,,FALSE,
GSE185381,AML026,Megakaryocyte,present,,FALSE,
GSE185381,AML026,Mono_DC,present,,FALSE,
GSE185381,AML026,Stromal,NA_technical,STROMAL_NO_EVIDENCE,FALSE,
GSE185381,AML026,T_NK,present,,FALSE,
GSE185381,AML028,B_Plasma,present,,FALSE,
GSE185381,AML028,Erythroid,present,,FALSE,
GSE185381,AML028,HSC_MPP,present,,FALSE,
GSE185381,AML028,LMPP_GMP,present,,FALSE,
GSE185381,AML028,Megakaryocyte,present,,FALSE,
GSE185381,AML028,Mono_DC,present,,FALSE,
GSE185381,AML028,Stromal,NA_technical,STROMAL_NO_EVIDENCE,FALSE,
GSE185381,AML028,T_NK,present,,FALSE,
GSE185381,AML0310,B_Plasma,present,,FALSE,
GSE185381,AML0310,Erythroid,present,,FALSE,
GSE185381,AML0310,HSC_MPP,present,,FALSE,
GSE185381,AML0310,LMPP_GMP,present,,FALSE,
GSE185381,AML0310,Megakaryocyte,present,,FALSE,
GSE185381,AML0310,Mono_DC,present,,FALSE,
GSE185381,AML0310,Stromal,NA_technical,STROMAL_NO_EVIDENCE,FALSE,
GSE185381,AML0310,T_NK,present,,FALSE,
GSE185381,AML0361,B_Plasma,present,,FALSE,
GSE185381,AML0361,Erythroid,present,,FALSE,
GSE185381,AML0361,HSC_MPP,present,,FALSE,
GSE185381,AML0361,LMPP_GMP,present,,FALSE,
GSE185381,AML0361,Megakaryocyte,present,,FALSE,
GSE185381,AML0361,Mono_DC,present,,FALSE,
GSE185381,AML0361,Stromal,NA_technical,STROMAL_NO_EVIDENCE,FALSE,
GSE185381,AML0361,T_NK,present,,FALSE,
GSE185381,AML038,B_Plasma,present,,FALSE,
GSE185381,AML038,Erythroid,present,,FALSE,
GSE185381,AML038,HSC_MPP,present,,FALSE,
GSE185381,AML038,LMPP_GMP,present,,FALSE,
GSE185381,AML038,Megakaryocyte,present,,FALSE,
GSE185381,AML038,Mono_DC,present,,FALSE,
GSE185381,AML038,Stromal,NA_technical,STROMAL_NO_EVIDENCE,FALSE,
GSE185381,AML038,T_NK,present,,FALSE,
GSE185381,AML043,B_Plasma,present,,FALSE,
GSE185381,AML043,Erythroid,present,,FALSE,
GSE185381,AML043,HSC_MPP,present,,FALSE,
GSE185381,AML043,LMPP_GMP,present,,FALSE,
GSE185381,AML043,Megakaryocyte,present,,FALSE,
GSE185381,AML043,Mono_DC,present,,FALSE,
GSE185381,AML043,Stromal,NA_technical,STROMAL_NO_EVIDENCE,FALSE,
GSE185381,AML043,T_NK,present,,FALSE,
GSE185381,AML048,B_Plasma,present,,FALSE,
GSE185381,AML048,Erythroid,present,,FALSE,
GSE185381,AML048,HSC_MPP,present,,FALSE,
GSE185381,AML048,LMPP_GMP,present,,FALSE,
GSE185381,AML048,Megakaryocyte,present,,FALSE,
GSE185381,AML048,Mono_DC,present,,FALSE,
GSE185381,AML048,Stromal,NA_technical,STROMAL_NO_EVIDENCE,FALSE,
GSE185381,AML048,T_NK,present,,FALSE,
GSE185381,AML051,B_Plasma,present,,FALSE,
GSE185381,AML051,Erythroid,present,,FALSE,
GSE185381,AML051,HSC_MPP,present,,FALSE,
GSE185381,AML051,LMPP_GMP,present,,FALSE,
GSE185381,AML051,Megakaryocyte,present,,FALSE,
GSE185381,AML051,Mono_DC,present,,FALSE,
GSE185381,AML051,Stromal,NA_technical,STROMAL_NO_EVIDENCE,FALSE,
GSE185381,AML051,T_NK,present,,FALSE,
GSE185381,AML052,B_Plasma,present,,FALSE,
GSE185381,AML052,Erythroid,present,,FALSE,
GSE185381,AML052,HSC_MPP,present,,FALSE,
GSE185381,AML052,LMPP_GMP,present,,FALSE,
GSE185381,AML052,Megakaryocyte,present,,FALSE,
GSE185381,AML052,Mono_DC,present,,FALSE,
GSE185381,AML052,Stromal,NA_technical,STROMAL_NO_EVIDENCE,FALSE,
GSE185381,AML052,T_NK,present,,FALSE,
GSE185381,AML055,B_Plasma,present,,FALSE,
GSE185381,AML055,Erythroid,present,,FALSE,
GSE185381,AML055,HSC_MPP,present,,FALSE,
GSE185381,AML055,LMPP_GMP,present,,FALSE,
GSE185381,AML055,Megakaryocyte,present,,FALSE,
GSE185381,AML055,Mono_DC,present,,FALSE,
GSE185381,AML055,Stromal,NA_technical,STROMAL_NO_EVIDENCE,FALSE,
GSE185381,AML055,T_NK,present,,FALSE,
GSE185381,AML056,B_Plasma,present,,FALSE,
GSE185381,AML056,Erythroid,present,,FALSE,
GSE185381,AML056,HSC_MPP,present,,FALSE,
GSE185381,AML056,LMPP_GMP,present,,FALSE,
GSE185381,AML056,Megakaryocyte,present,,FALSE,
GSE185381,AML056,Mono_DC,present,,FALSE,
GSE185381,AML056,Stromal,NA_technical,STROMAL_NO_EVIDENCE,FALSE,
GSE185381,AML056,T_NK,present,,FALSE,
GSE185381,AML0612,B_Plasma,present,,FALSE,
GSE185381,AML0612,Erythroid,present,,FALSE,
GSE185381,AML0612,HSC_MPP,present,,FALSE,
GSE185381,AML0612,LMPP_GMP,present,,FALSE,
GSE185381,AML0612,Megakaryocyte,present,,FALSE,
GSE185381,AML0612,Mono_DC,present,,FALSE,
GSE185381,AML0612,Stromal,NA_technical,STROMAL_NO_EVIDENCE,FALSE,
GSE185381,AML0612,T_NK,present,,FALSE,
GSE185381,AML0693,B_Plasma,present,,FALSE,
GSE185381,AML0693,Erythroid,present,,FALSE,
GSE185381,AML0693,HSC_MPP,present,,FALSE,
GSE185381,AML0693,LMPP_GMP,present,,FALSE,
GSE185381,AML0693,Megakaryocyte,present,,FALSE,
GSE185381,AML0693,Mono_DC,present,,FALSE,
GSE185381,AML0693,Stromal,NA_technical,STROMAL_NO_EVIDENCE,FALSE,
GSE185381,AML0693,T_NK,present,,FALSE,
GSE185381,AML073,B_Plasma,present,,FALSE,
GSE185381,AML073,Erythroid,present,,FALSE,
GSE185381,AML073,HSC_MPP,present,,FALSE,
GSE185381,AML073,LMPP_GMP,present,,FALSE,
GSE185381,AML073,Megakaryocyte,present,,FALSE,
GSE185381,AML073,Mono_DC,present,,FALSE,
GSE185381,AML073,Stromal,NA_technical,STROMAL_NO_EVIDENCE,FALSE,
GSE185381,AML073,T_NK,present,,FALSE,
GSE185381,AML1371,B_Plasma,present,,FALSE,
GSE185381,AML1371,Erythroid,present,,FALSE,
GSE185381,AML1371,HSC_MPP,present,,FALSE,
GSE185381,AML1371,LMPP_GMP,present,,FALSE,
GSE185381,AML1371,Megakaryocyte,present,,FALSE,
GSE185381,AML1371,Mono_DC,present,,FALSE,
GSE185381,AML1371,Stromal,NA_technical,STROMAL_NO_EVIDENCE,FALSE,
GSE185381,AML1371,T_NK,present,,FALSE,
GSE185381,AML2123,B_Plasma,present,,FALSE,
GSE185381,AML2123,Erythroid,present,,FALSE,
GSE185381,AML2123,HSC_MPP,present,,FALSE,
GSE185381,AML2123,LMPP_GMP,present,,FALSE,
GSE185381,AML2123,Megakaryocyte,present,,FALSE,
GSE185381,AML2123,Mono_DC,present,,FALSE,
GSE185381,AML2123,Stromal,NA_technical,STROMAL_NO_EVIDENCE,FALSE,
GSE185381,AML2123,T_NK,present,,FALSE,
GSE185381,AML2451,B_Plasma,present,,FALSE,
GSE185381,AML2451,Erythroid,present,,FALSE,
GSE185381,AML2451,HSC_MPP,present,,FALSE,
GSE185381,AML2451,LMPP_GMP,present,,FALSE,
GSE185381,AML2451,Megakaryocyte,present,,FALSE,
GSE185381,AML2451,Mono_DC,present,,FALSE,
GSE185381,AML2451,Stromal,NA_technical,STROMAL_NO_EVIDENCE,FALSE,
GSE185381,AML2451,T_NK,present,,FALSE,
GSE185381,AML2910,B_Plasma,present,,FALSE,
GSE185381,AML2910,Erythroid,present,,FALSE,
GSE185381,AML2910,HSC_MPP,present,,FALSE,
GSE185381,AML2910,LMPP_GMP,present,,FALSE,
GSE185381,AML2910,Megakaryocyte,present,,FALSE,
GSE185381,AML2910,Mono_DC,present,,FALSE,
GSE185381,AML2910,Stromal,NA_technical,STROMAL_NO_EVIDENCE,FALSE,
GSE185381,AML2910,T_NK,present,,FALSE,
GSE185381,AML3050,B_Plasma,present,,FALSE,
GSE185381,AML3050,Erythroid,present,,FALSE,
GSE185381,AML3050,HSC_MPP,present,,FALSE,
GSE185381,AML3050,LMPP_GMP,present,,FALSE,
GSE185381,AML3050,Megakaryocyte,present,,FALSE,
GSE185381,AML3050,Mono_DC,present,,FALSE,
GSE185381,AML3050,Stromal,NA_technical,STROMAL_NO_EVIDENCE,FALSE,
GSE185381,AML3050,T_NK,present,,FALSE,
GSE185381,AML3133,B_Plasma,present,,FALSE,
GSE185381,AML3133,Erythroid,present,,FALSE,
GSE185381,AML3133,HSC_MPP,present,,FALSE,
GSE185381,AML3133,LMPP_GMP,present,,FALSE,
GSE185381,AML3133,Megakaryocyte,present,,FALSE,
GSE185381,AML3133,Mono_DC,present,,FALSE,
GSE185381,AML3133,Stromal,NA_technical,STROMAL_NO_EVIDENCE,FALSE,
GSE185381,AML3133,T_NK,present,,FALSE,
GSE185381,AML3266,B_Plasma,present,,FALSE,
GSE185381,AML3266,Erythroid,present,,FALSE,
GSE185381,AML3266,HSC_MPP,present,,FALSE,
GSE185381,AML3266,LMPP_GMP,present,,FALSE,
GSE185381,AML3266,Megakaryocyte,present,,FALSE,
GSE185381,AML3266,Mono_DC,present,,FALSE,
GSE185381,AML3266,Stromal,NA_technical,STROMAL_NO_EVIDENCE,FALSE,
GSE185381,AML3266,T_NK,present,,FALSE,
GSE185381,AML3730,B_Plasma,present,,FALSE,
GSE185381,AML3730,Erythroid,present,,FALSE,
GSE185381,AML3730,HSC_MPP,present,,FALSE,
GSE185381,AML3730,LMPP_GMP,present,,FALSE,
GSE185381,AML3730,Megakaryocyte,present,,FALSE,
GSE185381,AML3730,Mono_DC,present,,FALSE,
GSE185381,AML3730,Stromal,NA_technical,STROMAL_NO_EVIDENCE,FALSE,
GSE185381,AML3730,T_NK,present,,FALSE,
GSE185381,AML3762,B_Plasma,present,,FALSE,
GSE185381,AML3762,Erythroid,present,,FALSE,
GSE185381,AML3762,HSC_MPP,present,,FALSE,
GSE185381,AML3762,LMPP_GMP,present,,FALSE,
GSE185381,AML3762,Megakaryocyte,present,,FALSE,
GSE185381,AML3762,Mono_DC,present,,FALSE,
GSE185381,AML3762,Stromal,NA_technical,STROMAL_NO_EVIDENCE,FALSE,
GSE185381,AML3762,T_NK,present,,FALSE,
GSE185381,AML3948,B_Plasma,present,,FALSE,
GSE185381,AML3948,Erythroid,present,,FALSE,
GSE185381,AML3948,HSC_MPP,present,,FALSE,
GSE185381,AML3948,LMPP_GMP,present,,FALSE,
GSE185381,AML3948,Megakaryocyte,present,,FALSE,
GSE185381,AML3948,Mono_DC,present,,FALSE,
GSE185381,AML3948,Stromal,NA_technical,STROMAL_NO_EVIDENCE,FALSE,
GSE185381,AML3948,T_NK,present,,FALSE,
GSE185381,AML4340,B_Plasma,present,,FALSE,
GSE185381,AML4340,Erythroid,present,,FALSE,
GSE185381,AML4340,HSC_MPP,present,,FALSE,
GSE185381,AML4340,LMPP_GMP,present,,FALSE,
GSE185381,AML4340,Megakaryocyte,present,,FALSE,
GSE185381,AML4340,Mono_DC,present,,FALSE,
GSE185381,AML4340,Stromal,NA_technical,STROMAL_NO_EVIDENCE,FALSE,
GSE185381,AML4340,T_NK,present,,FALSE,
GSE185381,AML4897,B_Plasma,present,,FALSE,
GSE185381,AML4897,Erythroid,present,,FALSE,
GSE185381,AML4897,HSC_MPP,present,,FALSE,
GSE185381,AML4897,LMPP_GMP,present,,FALSE,
GSE185381,AML4897,Megakaryocyte,present,,FALSE,
GSE185381,AML4897,Mono_DC,present,,FALSE,
GSE185381,AML4897,Stromal,NA_technical,STROMAL_NO_EVIDENCE,FALSE,
GSE185381,AML4897,T_NK,present,,FALSE,
GSE185381,Control0004,B_Plasma,present,,FALSE,
GSE185381,Control0004,Erythroid,present,,FALSE,
GSE185381,Control0004,HSC_MPP,present,,FALSE,
GSE185381,Control0004,LMPP_GMP,present,,FALSE,
GSE185381,Control0004,Megakaryocyte,present,,FALSE,
GSE185381,Control0004,Mono_DC,present,,FALSE,
GSE185381,Control0004,Stromal,NA_technical,STROMAL_NO_EVIDENCE,FALSE,
GSE185381,Control0004,T_NK,present,,FALSE,
GSE185381,Control0005,B_Plasma,present,,FALSE,
GSE185381,Control0005,Erythroid,present,,FALSE,
GSE185381,Control0005,HSC_MPP,present,,FALSE,
GSE185381,Control0005,LMPP_GMP,present,,FALSE,
GSE185381,Control0005,Megakaryocyte,present,,FALSE,
GSE185381,Control0005,Mono_DC,present,,FALSE,
GSE185381,Control0005,Stromal,NA_technical,STROMAL_NO_EVIDENCE,FALSE,
GSE185381,Control0005,T_NK,present,,FALSE,
GSE185381,Control0058,B_Plasma,present,,FALSE,
GSE185381,Control0058,Erythroid,present,,FALSE,
GSE185381,Control0058,HSC_MPP,present,,FALSE,
GSE185381,Control0058,LMPP_GMP,present,,FALSE,
GSE185381,Control0058,Megakaryocyte,present,,FALSE,
GSE185381,Control0058,Mono_DC,present,,FALSE,
GSE185381,Control0058,Stromal,NA_technical,STROMAL_NO_EVIDENCE,FALSE,
GSE185381,Control0058,T_NK,present,,FALSE,
GSE185381,Control0082,B_Plasma,present,,FALSE,
GSE185381,Control0082,Erythroid,present,,FALSE,
GSE185381,Control0082,HSC_MPP,present,,FALSE,
GSE185381,Control0082,LMPP_GMP,present,,FALSE,
GSE185381,Control0082,Megakaryocyte,present,,FALSE,
GSE185381,Control0082,Mono_DC,present,,FALSE,
GSE185381,Control0082,Stromal,NA_technical,STROMAL_NO_EVIDENCE,FALSE,
GSE185381,Control0082,T_NK,present,,FALSE,
GSE185381,Control1,B_Plasma,present,,FALSE,
GSE185381,Control1,Erythroid,present,,FALSE,
GSE185381,Control1,HSC_MPP,present,,FALSE,
GSE185381,Control1,LMPP_GMP,present,,FALSE,
GSE185381,Control1,Megakaryocyte,present,,FALSE,
GSE185381,Control1,Mono_DC,present,,FALSE,
GSE185381,Control1,Stromal,NA_technical,STROMAL_NO_EVIDENCE,FALSE,
GSE185381,Control1,T_NK,present,,FALSE,
GSE185381,Control2,B_Plasma,present,,FALSE,
GSE185381,Control2,Erythroid,present,,FALSE,
GSE185381,Control2,HSC_MPP,present,,FALSE,
GSE185381,Control2,LMPP_GMP,present,,FALSE,
GSE185381,Control2,Megakaryocyte,present,,FALSE,
GSE185381,Control2,Mono_DC,present,,FALSE,
GSE185381,Control2,Stromal,NA_technical,STROMAL_NO_EVIDENCE,FALSE,
GSE185381,Control2,T_NK,present,,FALSE,
GSE185381,Control3,B_Plasma,present,,FALSE,
GSE185381,Control3,Erythroid,present,,FALSE,
GSE185381,Control3,HSC_MPP,present,,FALSE,
GSE185381,Control3,LMPP_GMP,present,,FALSE,
GSE185381,Control3,Megakaryocyte,present,,FALSE,
GSE185381,Control3,Mono_DC,present,,FALSE,
GSE185381,Control3,Stromal,NA_technical,STROMAL_NO_EVIDENCE,FALSE,
GSE185381,Control3,T_NK,present,,FALSE,
GSE185381,Control4,B_Plasma,present,,FALSE,
GSE185381,Control4,Erythroid,present,,FALSE,
GSE185381,Control4,HSC_MPP,present,,FALSE,
GSE185381,Control4,LMPP_GMP,present,,FALSE,
GSE185381,Control4,Megakaryocyte,present,,FALSE,
GSE185381,Control4,Mono_DC,present,,FALSE,
GSE185381,Control4,Stromal,NA_technical,STROMAL_NO_EVIDENCE,FALSE,
GSE185381,Control4,T_NK,present,,FALSE,
GSE185381,Control4003,B_Plasma,present,,FALSE,
GSE185381,Control4003,Erythroid,present,,FALSE,
GSE185381,Control4003,HSC_MPP,present,,FALSE,
GSE185381,Control4003,LMPP_GMP,present,,FALSE,
GSE185381,Control4003,Megakaryocyte,present,,FALSE,
GSE185381,Control4003,Mono_DC,present,,FALSE,
GSE185381,Control4003,Stromal,NA_technical,STROMAL_NO_EVIDENCE,FALSE,
GSE185381,Control4003,T_NK,present,,FALSE,
GSE185381,Control5,B_Plasma,present,,FALSE,
GSE185381,Control5,Erythroid,present,,FALSE,
GSE185381,Control5,HSC_MPP,present,,FALSE,
GSE185381,Control5,LMPP_GMP,present,,FALSE,
GSE185381,Control5,Megakaryocyte,present,,FALSE,
GSE185381,Control5,Mono_DC,present,,FALSE,
GSE185381,Control5,Stromal,NA_technical,STROMAL_NO_EVIDENCE,FALSE,
GSE185381,Control5,T_NK,present,,FALSE,
GSE185381,PAUMTZ,B_Plasma,present,,FALSE,
GSE185381,PAUMTZ,Erythroid,present,,FALSE,
GSE185381,PAUMTZ,HSC_MPP,present,,FALSE,
GSE185381,PAUMTZ,LMPP_GMP,present,,FALSE,
GSE185381,PAUMTZ,Megakaryocyte,present,,FALSE,
GSE185381,PAUMTZ,Mono_DC,present,,FALSE,
GSE185381,PAUMTZ,Stromal,NA_technical,STROMAL_NO_EVIDENCE,FALSE,
GSE185381,PAUMTZ,T_NK,present,,FALSE,
GSE185381,PAWWEE,B_Plasma,present,,FALSE,
GSE185381,PAWWEE,Erythroid,present,,FALSE,
GSE185381,PAWWEE,HSC_MPP,present,,FALSE,
GSE185381,PAWWEE,LMPP_GMP,present,,FALSE,
GSE185381,PAWWEE,Megakaryocyte,present,,FALSE,
GSE185381,PAWWEE,Mono_DC,present,,FALSE,
GSE185381,PAWWEE,Stromal,NA_technical,STROMAL_NO_EVIDENCE,FALSE,
GSE185381,PAWWEE,T_NK,present,,FALSE,
GSE185381,PAXMIJ,B_Plasma,present,,FALSE,
GSE185381,PAXMIJ,Erythroid,present,,FALSE,
GSE185381,PAXMIJ,HSC_MPP,present,,FALSE,
GSE185381,PAXMIJ,LMPP_GMP,present,,FALSE,
GSE185381,PAXMIJ,Megakaryocyte,present,,FALSE,
GSE185381,PAXMIJ,Mono_DC,present,,FALSE,
GSE185381,PAXMIJ,Stromal,NA_technical,STROMAL_NO_EVIDENCE,FALSE,
GSE185381,PAXMIJ,T_NK,present,,FALSE,
GSE185991,GSM5628163_M03,B_Plasma,NA_technical,PROG_GATE,FALSE,
GSE185991,GSM5628163_M03,Erythroid,NA_technical,PROG_GATE,FALSE,
GSE185991,GSM5628163_M03,HSC_MPP,present,,FALSE,
GSE185991,GSM5628163_M03,LMPP_GMP,present,,FALSE,
GSE185991,GSM5628163_M03,Megakaryocyte,NA_technical,PROG_GATE,FALSE,
GSE185991,GSM5628163_M03,Mono_DC,NA_technical,PROG_GATE,FALSE,
GSE185991,GSM5628163_M03,Stromal,NA_technical,PROG_GATE+STROMAL_NO_EVIDENCE,FALSE,
GSE185991,GSM5628163_M03,T_NK,NA_technical,PROG_GATE,FALSE,
GSE185991,GSM5628164_M04,B_Plasma,NA_technical,PROG_GATE,FALSE,
GSE185991,GSM5628164_M04,Erythroid,NA_technical,PROG_GATE,FALSE,
GSE185991,GSM5628164_M04,HSC_MPP,present,,FALSE,
GSE185991,GSM5628164_M04,LMPP_GMP,present,,FALSE,
GSE185991,GSM5628164_M04,Megakaryocyte,NA_technical,PROG_GATE,FALSE,
GSE185991,GSM5628164_M04,Mono_DC,NA_technical,PROG_GATE,FALSE,
GSE185991,GSM5628164_M04,Stromal,NA_technical,PROG_GATE+STROMAL_NO_EVIDENCE,FALSE,
GSE185991,GSM5628164_M04,T_NK,NA_technical,PROG_GATE,FALSE,
GSE185991,GSM5628165_M05,B_Plasma,NA_technical,PROG_GATE,FALSE,
GSE185991,GSM5628165_M05,Erythroid,NA_technical,PROG_GATE,FALSE,
GSE185991,GSM5628165_M05,HSC_MPP,present,,FALSE,
GSE185991,GSM5628165_M05,LMPP_GMP,present,,FALSE,
GSE185991,GSM5628165_M05,Megakaryocyte,NA_technical,PROG_GATE,FALSE,
GSE185991,GSM5628165_M05,Mono_DC,NA_technical,PROG_GATE,FALSE,
GSE185991,GSM5628165_M05,Stromal,NA_technical,PROG_GATE+STROMAL_NO_EVIDENCE,FALSE,
GSE185991,GSM5628165_M05,T_NK,NA_technical,PROG_GATE,FALSE,
GSE185991,GSM5628166_M06,B_Plasma,NA_technical,PROG_GATE,FALSE,
GSE185991,GSM5628166_M06,Erythroid,NA_technical,PROG_GATE,FALSE,
GSE185991,GSM5628166_M06,HSC_MPP,present,,FALSE,
GSE185991,GSM5628166_M06,LMPP_GMP,present,,FALSE,
GSE185991,GSM5628166_M06,Megakaryocyte,NA_technical,PROG_GATE,FALSE,
GSE185991,GSM5628166_M06,Mono_DC,NA_technical,PROG_GATE,FALSE,
GSE185991,GSM5628166_M06,Stromal,NA_technical,PROG_GATE+STROMAL_NO_EVIDENCE,FALSE,
GSE185991,GSM5628166_M06,T_NK,NA_technical,PROG_GATE,FALSE,
GSE185991,GSM5628167_M07,B_Plasma,NA_technical,PROG_GATE,FALSE,
GSE185991,GSM5628167_M07,Erythroid,NA_technical,PB+PROG_GATE,FALSE,
GSE185991,GSM5628167_M07,HSC_MPP,present,,FALSE,
GSE185991,GSM5628167_M07,LMPP_GMP,present,,FALSE,
GSE185991,GSM5628167_M07,Megakaryocyte,NA_technical,PB+PROG_GATE,FALSE,
GSE185991,GSM5628167_M07,Mono_DC,NA_technical,PROG_GATE,FALSE,
GSE185991,GSM5628167_M07,Stromal,NA_technical,PB+PROG_GATE+STROMAL_NO_EVIDENCE,FALSE,
GSE185991,GSM5628167_M07,T_NK,NA_technical,PROG_GATE,FALSE,
GSE185991,GSM5628168_M08,B_Plasma,NA_technical,PROG_GATE,FALSE,
GSE185991,GSM5628168_M08,Erythroid,NA_technical,PB+PROG_GATE,FALSE,
GSE185991,GSM5628168_M08,HSC_MPP,present,,FALSE,
GSE185991,GSM5628168_M08,LMPP_GMP,present,,FALSE,
GSE185991,GSM5628168_M08,Megakaryocyte,NA_technical,PB+PROG_GATE,FALSE,
GSE185991,GSM5628168_M08,Mono_DC,NA_technical,PROG_GATE,FALSE,
GSE185991,GSM5628168_M08,Stromal,NA_technical,PB+PROG_GATE+STROMAL_NO_EVIDENCE,FALSE,
GSE185991,GSM5628168_M08,T_NK,NA_technical,PROG_GATE,FALSE,
GSE185991,GSM5628169_M09,B_Plasma,NA_technical,PROG_GATE,FALSE,
GSE185991,GSM5628169_M09,Erythroid,NA_technical,PROG_GATE,FALSE,
GSE185991,GSM5628169_M09,HSC_MPP,present,,FALSE,
GSE185991,GSM5628169_M09,LMPP_GMP,present,,FALSE,
GSE185991,GSM5628169_M09,Megakaryocyte,NA_technical,PROG_GATE,FALSE,
GSE185991,GSM5628169_M09,Mono_DC,NA_technical,PROG_GATE,FALSE,
GSE185991,GSM5628169_M09,Stromal,NA_technical,PROG_GATE+STROMAL_NO_EVIDENCE,FALSE,
GSE185991,GSM5628169_M09,T_NK,NA_technical,PROG_GATE,FALSE,
GSE185991,GSM5628170_M10,B_Plasma,NA_technical,PROG_GATE,FALSE,
GSE185991,GSM5628170_M10,Erythroid,NA_technical,PROG_GATE,FALSE,
GSE185991,GSM5628170_M10,HSC_MPP,present,,FALSE,
GSE185991,GSM5628170_M10,LMPP_GMP,present,,FALSE,
GSE185991,GSM5628170_M10,Megakaryocyte,NA_technical,PROG_GATE,FALSE,
GSE185991,GSM5628170_M10,Mono_DC,NA_technical,PROG_GATE,FALSE,
GSE185991,GSM5628170_M10,Stromal,NA_technical,PROG_GATE+STROMAL_NO_EVIDENCE,FALSE,
GSE185991,GSM5628170_M10,T_NK,NA_technical,PROG_GATE,FALSE,
GSE185991,GSM5628171_M21,B_Plasma,NA_technical,LIN_DEPLETED,FALSE,
GSE185991,GSM5628171_M21,Erythroid,NA_technical,LIN_DEPLETED,FALSE,
GSE185991,GSM5628171_M21,HSC_MPP,present,,FALSE,
GSE185991,GSM5628171_M21,LMPP_GMP,present,,FALSE,
GSE185991,GSM5628171_M21,Megakaryocyte,NA_technical,LIN_DEPLETED,FALSE,
GSE185991,GSM5628171_M21,Mono_DC,NA_technical,LIN_DEPLETED,FALSE,
GSE185991,GSM5628171_M21,Stromal,NA_technical,LIN_DEPLETED+STROMAL_NO_EVIDENCE,FALSE,
GSE185991,GSM5628171_M21,T_NK,NA_technical,LIN_DEPLETED,FALSE,
GSE185991,GSM5628172_M22,B_Plasma,NA_technical,LIN_DEPLETED,FALSE,
GSE185991,GSM5628172_M22,Erythroid,NA_technical,LIN_DEPLETED,FALSE,
GSE185991,GSM5628172_M22,HSC_MPP,present,,FALSE,
GSE185991,GSM5628172_M22,LMPP_GMP,present,,FALSE,
GSE185991,GSM5628172_M22,Megakaryocyte,NA_technical,LIN_DEPLETED,FALSE,
GSE185991,GSM5628172_M22,Mono_DC,NA_technical,LIN_DEPLETED,FALSE,
GSE185991,GSM5628172_M22,Stromal,NA_technical,LIN_DEPLETED+STROMAL_NO_EVIDENCE,FALSE,
GSE185991,GSM5628172_M22,T_NK,NA_technical,LIN_DEPLETED,FALSE,
GSE185991,GSM5628173_M23,B_Plasma,NA_technical,LIN_DEPLETED,FALSE,
GSE185991,GSM5628173_M23,Erythroid,NA_technical,LIN_DEPLETED,FALSE,
GSE185991,GSM5628173_M23,HSC_MPP,present,,FALSE,
GSE185991,GSM5628173_M23,LMPP_GMP,present,,FALSE,
GSE185991,GSM5628173_M23,Megakaryocyte,NA_technical,LIN_DEPLETED,FALSE,
GSE185991,GSM5628173_M23,Mono_DC,NA_technical,LIN_DEPLETED,FALSE,
GSE185991,GSM5628173_M23,Stromal,NA_technical,LIN_DEPLETED+STROMAL_NO_EVIDENCE,FALSE,
GSE185991,GSM5628173_M23,T_NK,NA_technical,LIN_DEPLETED,FALSE,
GSE185991,GSM5628174_M24,B_Plasma,NA_technical,LIN_DEPLETED,FALSE,
GSE185991,GSM5628174_M24,Erythroid,NA_technical,LIN_DEPLETED,FALSE,
GSE185991,GSM5628174_M24,HSC_MPP,present,,FALSE,
GSE185991,GSM5628174_M24,LMPP_GMP,present,,FALSE,
GSE185991,GSM5628174_M24,Megakaryocyte,NA_technical,LIN_DEPLETED,FALSE,
GSE185991,GSM5628174_M24,Mono_DC,NA_technical,LIN_DEPLETED,FALSE,
GSE185991,GSM5628174_M24,Stromal,NA_technical,LIN_DEPLETED+STROMAL_NO_EVIDENCE,FALSE,
GSE185991,GSM5628174_M24,T_NK,NA_technical,LIN_DEPLETED,FALSE,
GSE185991,GSM5628175_M25,B_Plasma,NA_technical,LIN_DEPLETED,FALSE,
GSE185991,GSM5628175_M25,Erythroid,NA_technical,LIN_DEPLETED,FALSE,
GSE185991,GSM5628175_M25,HSC_MPP,present,,FALSE,
GSE185991,GSM5628175_M25,LMPP_GMP,present,,FALSE,
GSE185991,GSM5628175_M25,Megakaryocyte,NA_technical,LIN_DEPLETED,FALSE,
GSE185991,GSM5628175_M25,Mono_DC,NA_technical,LIN_DEPLETED,FALSE,
GSE185991,GSM5628175_M25,Stromal,NA_technical,LIN_DEPLETED+STROMAL_NO_EVIDENCE,FALSE,
GSE185991,GSM5628175_M25,T_NK,NA_technical,LIN_DEPLETED,FALSE,
GSE185991,GSM5628176_M26,B_Plasma,NA_technical,LIN_DEPLETED,FALSE,
GSE185991,GSM5628176_M26,Erythroid,NA_technical,LIN_DEPLETED,FALSE,
GSE185991,GSM5628176_M26,HSC_MPP,present,,FALSE,
GSE185991,GSM5628176_M26,LMPP_GMP,present,,FALSE,
GSE185991,GSM5628176_M26,Megakaryocyte,NA_technical,LIN_DEPLETED,FALSE,
GSE185991,GSM5628176_M26,Mono_DC,NA_technical,LIN_DEPLETED,FALSE,
GSE185991,GSM5628176_M26,Stromal,NA_technical,LIN_DEPLETED+STROMAL_NO_EVIDENCE,FALSE,
GSE185991,GSM5628176_M26,T_NK,NA_technical,LIN_DEPLETED,FALSE,
GSE185991,GSM5628177_M27,B_Plasma,NA_technical,LIN_DEPLETED,FALSE,
GSE185991,GSM5628177_M27,Erythroid,NA_technical,LIN_DEPLETED,FALSE,
GSE185991,GSM5628177_M27,HSC_MPP,present,,FALSE,
GSE185991,GSM5628177_M27,LMPP_GMP,present,,FALSE,
GSE185991,GSM5628177_M27,Megakaryocyte,NA_technical,LIN_DEPLETED,FALSE,
GSE185991,GSM5628177_M27,Mono_DC,NA_technical,LIN_DEPLETED,FALSE,
GSE185991,GSM5628177_M27,Stromal,NA_technical,LIN_DEPLETED+STROMAL_NO_EVIDENCE,FALSE,
GSE185991,GSM5628177_M27,T_NK,NA_technical,LIN_DEPLETED,FALSE,
GSE185991,GSM5628178_M28,B_Plasma,NA_technical,LIN_DEPLETED,FALSE,
GSE185991,GSM5628178_M28,Erythroid,NA_technical,LIN_DEPLETED,FALSE,
GSE185991,GSM5628178_M28,HSC_MPP,present,,FALSE,
GSE185991,GSM5628178_M28,LMPP_GMP,present,,FALSE,
GSE185991,GSM5628178_M28,Megakaryocyte,NA_technical,LIN_DEPLETED,FALSE,
GSE185991,GSM5628178_M28,Mono_DC,NA_technical,LIN_DEPLETED,FALSE,
GSE185991,GSM5628178_M28,Stromal,NA_technical,LIN_DEPLETED+STROMAL_NO_EVIDENCE,FALSE,
GSE185991,GSM5628178_M28,T_NK,NA_technical,LIN_DEPLETED,FALSE,
GSE185991,GSM5628179_M29,B_Plasma,NA_technical,LIN_DEPLETED,FALSE,
GSE185991,GSM5628179_M29,Erythroid,NA_technical,LIN_DEPLETED,FALSE,
GSE185991,GSM5628179_M29,HSC_MPP,present,,FALSE,
GSE185991,GSM5628179_M29,LMPP_GMP,present,,FALSE,
GSE185991,GSM5628179_M29,Megakaryocyte,NA_technical,LIN_DEPLETED,FALSE,
GSE185991,GSM5628179_M29,Mono_DC,NA_technical,LIN_DEPLETED,FALSE,
GSE185991,GSM5628179_M29,Stromal,NA_technical,LIN_DEPLETED+STROMAL_NO_EVIDENCE,FALSE,
GSE185991,GSM5628179_M29,T_NK,NA_technical,LIN_DEPLETED,FALSE,
GSE185991,GSM5628180_M30,B_Plasma,NA_technical,LIN_DEPLETED,FALSE,
GSE185991,GSM5628180_M30,Erythroid,NA_technical,LIN_DEPLETED,FALSE,
GSE185991,GSM5628180_M30,HSC_MPP,present,,FALSE,
GSE185991,GSM5628180_M30,LMPP_GMP,present,,FALSE,
GSE185991,GSM5628180_M30,Megakaryocyte,NA_technical,LIN_DEPLETED,FALSE,
GSE185991,GSM5628180_M30,Mono_DC,NA_technical,LIN_DEPLETED,FALSE,
GSE185991,GSM5628180_M30,Stromal,NA_technical,LIN_DEPLETED+STROMAL_NO_EVIDENCE,FALSE,
GSE185991,GSM5628180_M30,T_NK,NA_technical,LIN_DEPLETED,FALSE,
GSE185991,GSM5628181_M31,B_Plasma,NA_technical,LIN_DEPLETED,FALSE,
GSE185991,GSM5628181_M31,Erythroid,NA_technical,LIN_DEPLETED,FALSE,
GSE185991,GSM5628181_M31,HSC_MPP,present,,FALSE,
GSE185991,GSM5628181_M31,LMPP_GMP,present,,FALSE,
GSE185991,GSM5628181_M31,Megakaryocyte,NA_technical,LIN_DEPLETED,FALSE,
GSE185991,GSM5628181_M31,Mono_DC,NA_technical,LIN_DEPLETED,FALSE,
GSE185991,GSM5628181_M31,Stromal,NA_technical,LIN_DEPLETED+STROMAL_NO_EVIDENCE,FALSE,
GSE185991,GSM5628181_M31,T_NK,NA_technical,LIN_DEPLETED,FALSE,
GSE185991,GSM5628182_M32,B_Plasma,NA_technical,LIN_DEPLETED,FALSE,
GSE185991,GSM5628182_M32,Erythroid,NA_technical,LIN_DEPLETED,FALSE,
GSE185991,GSM5628182_M32,HSC_MPP,present,,FALSE,
GSE185991,GSM5628182_M32,LMPP_GMP,present,,FALSE,
GSE185991,GSM5628182_M32,Megakaryocyte,NA_technical,LIN_DEPLETED,FALSE,
GSE185991,GSM5628182_M32,Mono_DC,NA_technical,LIN_DEPLETED,FALSE,
GSE185991,GSM5628182_M32,Stromal,NA_technical,LIN_DEPLETED+STROMAL_NO_EVIDENCE,FALSE,
GSE185991,GSM5628182_M32,T_NK,NA_technical,LIN_DEPLETED,FALSE,
GSE185991,GSM5628183_M33,B_Plasma,NA_technical,LIN_DEPLETED,FALSE,
GSE185991,GSM5628183_M33,Erythroid,NA_technical,LIN_DEPLETED,FALSE,
GSE185991,GSM5628183_M33,HSC_MPP,present,,FALSE,
GSE185991,GSM5628183_M33,LMPP_GMP,present,,FALSE,
GSE185991,GSM5628183_M33,Megakaryocyte,NA_technical,LIN_DEPLETED,FALSE,
GSE185991,GSM5628183_M33,Mono_DC,NA_technical,LIN_DEPLETED,FALSE,
GSE185991,GSM5628183_M33,Stromal,NA_technical,LIN_DEPLETED+STROMAL_NO_EVIDENCE,FALSE,
GSE185991,GSM5628183_M33,T_NK,NA_technical,LIN_DEPLETED,FALSE,
GSE185991,GSM5628184_M34,B_Plasma,NA_technical,LIN_DEPLETED,FALSE,
GSE185991,GSM5628184_M34,Erythroid,NA_technical,LIN_DEPLETED,FALSE,
GSE185991,GSM5628184_M34,HSC_MPP,present,,FALSE,
GSE185991,GSM5628184_M34,LMPP_GMP,present,,FALSE,
GSE185991,GSM5628184_M34,Megakaryocyte,NA_technical,LIN_DEPLETED,FALSE,
GSE185991,GSM5628184_M34,Mono_DC,NA_technical,LIN_DEPLETED,FALSE,
GSE185991,GSM5628184_M34,Stromal,NA_technical,LIN_DEPLETED+STROMAL_NO_EVIDENCE,FALSE,
GSE185991,GSM5628184_M34,T_NK,NA_technical,LIN_DEPLETED,FALSE,
GSE185991,GSM5628185_M35,B_Plasma,NA_technical,LIN_DEPLETED,FALSE,
GSE185991,GSM5628185_M35,Erythroid,NA_technical,LIN_DEPLETED,FALSE,
GSE185991,GSM5628185_M35,HSC_MPP,present,,FALSE,
GSE185991,GSM5628185_M35,LMPP_GMP,present,,FALSE,
GSE185991,GSM5628185_M35,Megakaryocyte,NA_technical,LIN_DEPLETED,FALSE,
GSE185991,GSM5628185_M35,Mono_DC,NA_technical,LIN_DEPLETED,FALSE,
GSE185991,GSM5628185_M35,Stromal,NA_technical,LIN_DEPLETED+STROMAL_NO_EVIDENCE,FALSE,
GSE185991,GSM5628185_M35,T_NK,NA_technical,LIN_DEPLETED,FALSE,
GSE185991,GSM5628186_M39,B_Plasma,NA_technical,LIN_DEPLETED,FALSE,
GSE185991,GSM5628186_M39,Erythroid,NA_technical,LIN_DEPLETED,FALSE,
GSE185991,GSM5628186_M39,HSC_MPP,present,,FALSE,
GSE185991,GSM5628186_M39,LMPP_GMP,present,,FALSE,
GSE185991,GSM5628186_M39,Megakaryocyte,NA_technical,LIN_DEPLETED,FALSE,
GSE185991,GSM5628186_M39,Mono_DC,NA_technical,LIN_DEPLETED,FALSE,
GSE185991,GSM5628186_M39,Stromal,NA_technical,LIN_DEPLETED+STROMAL_NO_EVIDENCE,FALSE,
GSE185991,GSM5628186_M39,T_NK,NA_technical,LIN_DEPLETED,FALSE,
GSE185991,GSM5628187_M40,B_Plasma,NA_technical,LIN_DEPLETED,FALSE,
GSE185991,GSM5628187_M40,Erythroid,NA_technical,LIN_DEPLETED,FALSE,
GSE185991,GSM5628187_M40,HSC_MPP,present,,FALSE,
GSE185991,GSM5628187_M40,LMPP_GMP,present,,FALSE,
GSE185991,GSM5628187_M40,Megakaryocyte,NA_technical,LIN_DEPLETED,FALSE,
GSE185991,GSM5628187_M40,Mono_DC,NA_technical,LIN_DEPLETED,FALSE,
GSE185991,GSM5628187_M40,Stromal,NA_technical,LIN_DEPLETED+STROMAL_NO_EVIDENCE,FALSE,
GSE185991,GSM5628187_M40,T_NK,NA_technical,LIN_DEPLETED,FALSE,
GSE185991,GSM5628188_M41,B_Plasma,NA_technical,LIN_DEPLETED,FALSE,
GSE185991,GSM5628188_M41,Erythroid,NA_technical,LIN_DEPLETED,FALSE,
GSE185991,GSM5628188_M41,HSC_MPP,present,,FALSE,
GSE185991,GSM5628188_M41,LMPP_GMP,present,,FALSE,
GSE185991,GSM5628188_M41,Megakaryocyte,NA_technical,LIN_DEPLETED,FALSE,
GSE185991,GSM5628188_M41,Mono_DC,NA_technical,LIN_DEPLETED,FALSE,
GSE185991,GSM5628188_M41,Stromal,NA_technical,LIN_DEPLETED+STROMAL_NO_EVIDENCE,FALSE,
GSE185991,GSM5628188_M41,T_NK,NA_technical,LIN_DEPLETED,FALSE,
GSE185991,GSM5628189_M42,B_Plasma,NA_technical,LIN_DEPLETED,FALSE,
GSE185991,GSM5628189_M42,Erythroid,NA_technical,LIN_DEPLETED,FALSE,
GSE185991,GSM5628189_M42,HSC_MPP,present,,FALSE,
GSE185991,GSM5628189_M42,LMPP_GMP,present,,FALSE,
GSE185991,GSM5628189_M42,Megakaryocyte,NA_technical,LIN_DEPLETED,FALSE,
GSE185991,GSM5628189_M42,Mono_DC,NA_technical,LIN_DEPLETED,FALSE,
GSE185991,GSM5628189_M42,Stromal,NA_technical,LIN_DEPLETED+STROMAL_NO_EVIDENCE,FALSE,
GSE185991,GSM5628189_M42,T_NK,NA_technical,LIN_DEPLETED,FALSE,
GSE185991,GSM5628190_M43,B_Plasma,NA_technical,LIN_DEPLETED,FALSE,
GSE185991,GSM5628190_M43,Erythroid,NA_technical,LIN_DEPLETED,FALSE,
GSE185991,GSM5628190_M43,HSC_MPP,present,,FALSE,
GSE185991,GSM5628190_M43,LMPP_GMP,present,,FALSE,
GSE185991,GSM5628190_M43,Megakaryocyte,NA_technical,LIN_DEPLETED,FALSE,
GSE185991,GSM5628190_M43,Mono_DC,NA_technical,LIN_DEPLETED,FALSE,
GSE185991,GSM5628190_M43,Stromal,NA_technical,LIN_DEPLETED+STROMAL_NO_EVIDENCE,FALSE,
GSE185991,GSM5628190_M43,T_NK,NA_technical,LIN_DEPLETED,FALSE,
GSE185991,GSM5628191_M44,B_Plasma,NA_technical,LIN_DEPLETED,FALSE,
GSE185991,GSM5628191_M44,Erythroid,NA_technical,LIN_DEPLETED,FALSE,
GSE185991,GSM5628191_M44,HSC_MPP,present,,FALSE,
GSE185991,GSM5628191_M44,LMPP_GMP,present,,FALSE,
GSE185991,GSM5628191_M44,Megakaryocyte,NA_technical,LIN_DEPLETED,FALSE,
GSE185991,GSM5628191_M44,Mono_DC,NA_technical,LIN_DEPLETED,FALSE,
GSE185991,GSM5628191_M44,Stromal,NA_technical,LIN_DEPLETED+STROMAL_NO_EVIDENCE,FALSE,
GSE185991,GSM5628191_M44,T_NK,NA_technical,LIN_DEPLETED,FALSE,
GSE185991,GSM5628192_M45,B_Plasma,NA_technical,LIN_DEPLETED,FALSE,
GSE185991,GSM5628192_M45,Erythroid,NA_technical,LIN_DEPLETED,FALSE,
GSE185991,GSM5628192_M45,HSC_MPP,present,,FALSE,
GSE185991,GSM5628192_M45,LMPP_GMP,present,,FALSE,
GSE185991,GSM5628192_M45,Megakaryocyte,NA_technical,LIN_DEPLETED,FALSE,
GSE185991,GSM5628192_M45,Mono_DC,NA_technical,LIN_DEPLETED,FALSE,
GSE185991,GSM5628192_M45,Stromal,NA_technical,LIN_DEPLETED+STROMAL_NO_EVIDENCE,FALSE,
GSE185991,GSM5628192_M45,T_NK,NA_technical,LIN_DEPLETED,FALSE,
GSE185991,GSM5628195_M48,B_Plasma,NA_technical,LIN_DEPLETED,FALSE,
GSE185991,GSM5628195_M48,Erythroid,NA_technical,LIN_DEPLETED,FALSE,
GSE185991,GSM5628195_M48,HSC_MPP,present,,FALSE,
GSE185991,GSM5628195_M48,LMPP_GMP,present,,FALSE,
GSE185991,GSM5628195_M48,Megakaryocyte,NA_technical,LIN_DEPLETED,FALSE,
GSE185991,GSM5628195_M48,Mono_DC,NA_technical,LIN_DEPLETED,FALSE,
GSE185991,GSM5628195_M48,Stromal,NA_technical,LIN_DEPLETED+STROMAL_NO_EVIDENCE,FALSE,
GSE185991,GSM5628195_M48,T_NK,NA_technical,LIN_DEPLETED,FALSE,
GSE185991,GSM5628196_M49,B_Plasma,NA_technical,LIN_DEPLETED,FALSE,
GSE185991,GSM5628196_M49,Erythroid,NA_technical,LIN_DEPLETED,FALSE,
GSE185991,GSM5628196_M49,HSC_MPP,present,,FALSE,
GSE185991,GSM5628196_M49,LMPP_GMP,present,,FALSE,
GSE185991,GSM5628196_M49,Megakaryocyte,NA_technical,LIN_DEPLETED,FALSE,
GSE185991,GSM5628196_M49,Mono_DC,NA_technical,LIN_DEPLETED,FALSE,
GSE185991,GSM5628196_M49,Stromal,NA_technical,LIN_DEPLETED+STROMAL_NO_EVIDENCE,FALSE,
GSE185991,GSM5628196_M49,T_NK,NA_technical,LIN_DEPLETED,FALSE,
GSE185991,GSM5628197_M50,B_Plasma,NA_technical,LIN_DEPLETED,FALSE,
GSE185991,GSM5628197_M50,Erythroid,NA_technical,LIN_DEPLETED,FALSE,
GSE185991,GSM5628197_M50,HSC_MPP,present,,FALSE,
GSE185991,GSM5628197_M50,LMPP_GMP,present,,FALSE,
GSE185991,GSM5628197_M50,Megakaryocyte,NA_technical,LIN_DEPLETED,FALSE,
GSE185991,GSM5628197_M50,Mono_DC,NA_technical,LIN_DEPLETED,FALSE,
GSE185991,GSM5628197_M50,Stromal,NA_technical,LIN_DEPLETED+STROMAL_NO_EVIDENCE,FALSE,
GSE185991,GSM5628197_M50,T_NK,NA_technical,LIN_DEPLETED,FALSE,
GSE185991,GSM6412447_M36,B_Plasma,NA_technical,LIN_DEPLETED,FALSE,
GSE185991,GSM6412447_M36,Erythroid,NA_technical,LIN_DEPLETED,FALSE,
GSE185991,GSM6412447_M36,HSC_MPP,present,,FALSE,
GSE185991,GSM6412447_M36,LMPP_GMP,present,,FALSE,
GSE185991,GSM6412447_M36,Megakaryocyte,NA_technical,LIN_DEPLETED,FALSE,
GSE185991,GSM6412447_M36,Mono_DC,NA_technical,LIN_DEPLETED,FALSE,
GSE185991,GSM6412447_M36,Stromal,NA_technical,LIN_DEPLETED+STROMAL_NO_EVIDENCE,FALSE,
GSE185991,GSM6412447_M36,T_NK,NA_technical,LIN_DEPLETED,FALSE,
GSE185991,GSM6412448_M38,B_Plasma,NA_technical,LIN_DEPLETED,FALSE,
GSE185991,GSM6412448_M38,Erythroid,NA_technical,LIN_DEPLETED,FALSE,
GSE185991,GSM6412448_M38,HSC_MPP,present,,FALSE,
GSE185991,GSM6412448_M38,LMPP_GMP,present,,FALSE,
GSE185991,GSM6412448_M38,Megakaryocyte,NA_technical,LIN_DEPLETED,FALSE,
GSE185991,GSM6412448_M38,Mono_DC,NA_technical,LIN_DEPLETED,FALSE,
GSE185991,GSM6412448_M38,Stromal,NA_technical,LIN_DEPLETED+STROMAL_NO_EVIDENCE,FALSE,
GSE185991,GSM6412448_M38,T_NK,NA_technical,LIN_DEPLETED,FALSE,
GSE185991,GSM6412449_M84,B_Plasma,NA_technical,LIN_DEPLETED,FALSE,
GSE185991,GSM6412449_M84,Erythroid,NA_technical,LIN_DEPLETED,FALSE,
GSE185991,GSM6412449_M84,HSC_MPP,present,,FALSE,
GSE185991,GSM6412449_M84,LMPP_GMP,present,,FALSE,
GSE185991,GSM6412449_M84,Megakaryocyte,NA_technical,LIN_DEPLETED,FALSE,
GSE185991,GSM6412449_M84,Mono_DC,NA_technical,LIN_DEPLETED,FALSE,
GSE185991,GSM6412449_M84,Stromal,NA_technical,LIN_DEPLETED+STROMAL_NO_EVIDENCE,FALSE,
GSE185991,GSM6412449_M84,T_NK,NA_technical,LIN_DEPLETED,FALSE,
GSE185991,GSM6412450_M85,B_Plasma,NA_technical,LIN_DEPLETED,FALSE,
GSE185991,GSM6412450_M85,Erythroid,NA_technical,LIN_DEPLETED,FALSE,
GSE185991,GSM6412450_M85,HSC_MPP,present,,FALSE,
GSE185991,GSM6412450_M85,LMPP_GMP,present,,FALSE,
GSE185991,GSM6412450_M85,Megakaryocyte,NA_technical,LIN_DEPLETED,FALSE,
GSE185991,GSM6412450_M85,Mono_DC,NA_technical,LIN_DEPLETED,FALSE,
GSE185991,GSM6412450_M85,Stromal,NA_technical,LIN_DEPLETED+STROMAL_NO_EVIDENCE,FALSE,
GSE185991,GSM6412450_M85,T_NK,NA_technical,LIN_DEPLETED,FALSE,
GSE185991,GSM6412451_M88,B_Plasma,NA_technical,LIN_DEPLETED,FALSE,
GSE185991,GSM6412451_M88,Erythroid,NA_technical,LIN_DEPLETED,FALSE,
GSE185991,GSM6412451_M88,HSC_MPP,present,,FALSE,
GSE185991,GSM6412451_M88,LMPP_GMP,present,,FALSE,
GSE185991,GSM6412451_M88,Megakaryocyte,NA_technical,LIN_DEPLETED,FALSE,
GSE185991,GSM6412451_M88,Mono_DC,NA_technical,LIN_DEPLETED,FALSE,
GSE185991,GSM6412451_M88,Stromal,NA_technical,LIN_DEPLETED+STROMAL_NO_EVIDENCE,FALSE,
GSE185991,GSM6412451_M88,T_NK,NA_technical,LIN_DEPLETED,FALSE,
GSE185991,GSM6412452_M89,B_Plasma,NA_technical,LIN_DEPLETED,FALSE,
GSE185991,GSM6412452_M89,Erythroid,NA_technical,LIN_DEPLETED,FALSE,
GSE185991,GSM6412452_M89,HSC_MPP,present,,FALSE,
GSE185991,GSM6412452_M89,LMPP_GMP,present,,FALSE,
GSE185991,GSM6412452_M89,Megakaryocyte,NA_technical,LIN_DEPLETED,FALSE,
GSE185991,GSM6412452_M89,Mono_DC,NA_technical,LIN_DEPLETED,FALSE,
GSE185991,GSM6412452_M89,Stromal,NA_technical,LIN_DEPLETED+STROMAL_NO_EVIDENCE,FALSE,
GSE185991,GSM6412452_M89,T_NK,NA_technical,LIN_DEPLETED,FALSE,
GSE185991,GSM6412453_M92,B_Plasma,NA_technical,LIN_DEPLETED,FALSE,
GSE185991,GSM6412453_M92,Erythroid,NA_technical,LIN_DEPLETED,FALSE,
GSE185991,GSM6412453_M92,HSC_MPP,present,,FALSE,
GSE185991,GSM6412453_M92,LMPP_GMP,present,,FALSE,
GSE185991,GSM6412453_M92,Megakaryocyte,NA_technical,LIN_DEPLETED,FALSE,
GSE185991,GSM6412453_M92,Mono_DC,NA_technical,LIN_DEPLETED,FALSE,
GSE185991,GSM6412453_M92,Stromal,NA_technical,LIN_DEPLETED+STROMAL_NO_EVIDENCE,FALSE,
GSE185991,GSM6412453_M92,T_NK,NA_technical,LIN_DEPLETED,FALSE,
GSE185991,GSM6412454_M93,B_Plasma,NA_technical,LIN_DEPLETED,FALSE,
GSE185991,GSM6412454_M93,Erythroid,NA_technical,LIN_DEPLETED,FALSE,
GSE185991,GSM6412454_M93,HSC_MPP,present,,FALSE,
GSE185991,GSM6412454_M93,LMPP_GMP,present,,FALSE,
GSE185991,GSM6412454_M93,Megakaryocyte,NA_technical,LIN_DEPLETED,FALSE,
GSE185991,GSM6412454_M93,Mono_DC,NA_technical,LIN_DEPLETED,FALSE,
GSE185991,GSM6412454_M93,Stromal,NA_technical,LIN_DEPLETED+STROMAL_NO_EVIDENCE,FALSE,
GSE185991,GSM6412454_M93,T_NK,NA_technical,LIN_DEPLETED,FALSE,
GSE185991,GSM6412455_M95,B_Plasma,NA_technical,LIN_DEPLETED,FALSE,
GSE185991,GSM6412455_M95,Erythroid,NA_technical,LIN_DEPLETED,FALSE,
GSE185991,GSM6412455_M95,HSC_MPP,present,,FALSE,
GSE185991,GSM6412455_M95,LMPP_GMP,present,,FALSE,
GSE185991,GSM6412455_M95,Megakaryocyte,NA_technical,LIN_DEPLETED,FALSE,
GSE185991,GSM6412455_M95,Mono_DC,NA_technical,LIN_DEPLETED,FALSE,
GSE185991,GSM6412455_M95,Stromal,NA_technical,LIN_DEPLETED+STROMAL_NO_EVIDENCE,FALSE,
GSE185991,GSM6412455_M95,T_NK,NA_technical,LIN_DEPLETED,FALSE,
GSE201966,GSM6085176_AML01M4_CR,B_Plasma,present,,FALSE,
GSE201966,GSM6085176_AML01M4_CR,Erythroid,present,,FALSE,
GSE201966,GSM6085176_AML01M4_CR,HSC_MPP,present,,FALSE,
GSE201966,GSM6085176_AML01M4_CR,LMPP_GMP,present,,FALSE,
GSE201966,GSM6085176_AML01M4_CR,Megakaryocyte,present,,FALSE,
GSE201966,GSM6085176_AML01M4_CR,Mono_DC,present,,FALSE,
GSE201966,GSM6085176_AML01M4_CR,Stromal,NA_technical,STROMAL_NO_EVIDENCE,FALSE,
GSE201966,GSM6085176_AML01M4_CR,T_NK,present,,FALSE,
GSE201966,GSM6085177_AML01M4_P,B_Plasma,present,,FALSE,
GSE201966,GSM6085177_AML01M4_P,Erythroid,present,,FALSE,
GSE201966,GSM6085177_AML01M4_P,HSC_MPP,present,,FALSE,
GSE201966,GSM6085177_AML01M4_P,LMPP_GMP,present,,FALSE,
GSE201966,GSM6085177_AML01M4_P,Megakaryocyte,present,,FALSE,
GSE201966,GSM6085177_AML01M4_P,Mono_DC,present,,FALSE,
GSE201966,GSM6085177_AML01M4_P,Stromal,NA_technical,STROMAL_NO_EVIDENCE,FALSE,
GSE201966,GSM6085177_AML01M4_P,T_NK,present,,FALSE,
GSE201966,GSM6085178_AML01M4_RE,B_Plasma,present,,FALSE,
GSE201966,GSM6085178_AML01M4_RE,Erythroid,present,,FALSE,
GSE201966,GSM6085178_AML01M4_RE,HSC_MPP,present,,FALSE,
GSE201966,GSM6085178_AML01M4_RE,LMPP_GMP,present,,FALSE,
GSE201966,GSM6085178_AML01M4_RE,Megakaryocyte,present,,FALSE,
GSE201966,GSM6085178_AML01M4_RE,Mono_DC,present,,FALSE,
GSE201966,GSM6085178_AML01M4_RE,Stromal,NA_technical,STROMAL_NO_EVIDENCE,FALSE,
GSE201966,GSM6085178_AML01M4_RE,T_NK,present,,FALSE,
GSE201966,GSM6085179_AML02M5_P,B_Plasma,present,,FALSE,
GSE201966,GSM6085179_AML02M5_P,Erythroid,present,,FALSE,
GSE201966,GSM6085179_AML02M5_P,HSC_MPP,present,,FALSE,
GSE201966,GSM6085179_AML02M5_P,LMPP_GMP,present,,FALSE,
GSE201966,GSM6085179_AML02M5_P,Megakaryocyte,present,,FALSE,
GSE201966,GSM6085179_AML02M5_P,Mono_DC,present,,FALSE,
GSE201966,GSM6085179_AML02M5_P,Stromal,NA_technical,STROMAL_NO_EVIDENCE,FALSE,
GSE201966,GSM6085179_AML02M5_P,T_NK,present,,FALSE,
GSE201966,GSM6085180_AML02M5_RE,B_Plasma,present,,FALSE,
GSE201966,GSM6085180_AML02M5_RE,Erythroid,present,,FALSE,
GSE201966,GSM6085180_AML02M5_RE,HSC_MPP,present,,FALSE,
GSE201966,GSM6085180_AML02M5_RE,LMPP_GMP,present,,FALSE,
GSE201966,GSM6085180_AML02M5_RE,Megakaryocyte,present,,FALSE,
GSE201966,GSM6085180_AML02M5_RE,Mono_DC,present,,FALSE,
GSE201966,GSM6085180_AML02M5_RE,Stromal,NA_technical,STROMAL_NO_EVIDENCE,FALSE,
GSE201966,GSM6085180_AML02M5_RE,T_NK,present,,FALSE,
GSE201966,GSM6085181_AML03M5_P,B_Plasma,present,,FALSE,
GSE201966,GSM6085181_AML03M5_P,Erythroid,present,,FALSE,
GSE201966,GSM6085181_AML03M5_P,HSC_MPP,present,,FALSE,
GSE201966,GSM6085181_AML03M5_P,LMPP_GMP,present,,FALSE,
GSE201966,GSM6085181_AML03M5_P,Megakaryocyte,present,,FALSE,
GSE201966,GSM6085181_AML03M5_P,Mono_DC,present,,FALSE,
GSE201966,GSM6085181_AML03M5_P,Stromal,NA_technical,STROMAL_NO_EVIDENCE,FALSE,
GSE201966,GSM6085181_AML03M5_P,T_NK,present,,FALSE,
GSE201966,GSM6085182_AML03M5_RE,B_Plasma,present,,FALSE,
GSE201966,GSM6085182_AML03M5_RE,Erythroid,present,,FALSE,
GSE201966,GSM6085182_AML03M5_RE,HSC_MPP,present,,FALSE,
GSE201966,GSM6085182_AML03M5_RE,LMPP_GMP,present,,FALSE,
GSE201966,GSM6085182_AML03M5_RE,Megakaryocyte,present,,FALSE,
GSE201966,GSM6085182_AML03M5_RE,Mono_DC,present,,FALSE,
GSE201966,GSM6085182_AML03M5_RE,Stromal,NA_technical,STROMAL_NO_EVIDENCE,FALSE,
GSE201966,GSM6085182_AML03M5_RE,T_NK,present,,FALSE,
GSE207356,GSM6284912_TS173_04_Sample_D,B_Plasma,present,,FALSE,
GSE207356,GSM6284912_TS173_04_Sample_D,Erythroid,NA_technical,PB,FALSE,
GSE207356,GSM6284912_TS173_04_Sample_D,HSC_MPP,present,,FALSE,
GSE207356,GSM6284912_TS173_04_Sample_D,LMPP_GMP,present,,FALSE,
GSE207356,GSM6284912_TS173_04_Sample_D,Megakaryocyte,NA_technical,PB,FALSE,
GSE207356,GSM6284912_TS173_04_Sample_D,Mono_DC,present,,FALSE,
GSE207356,GSM6284912_TS173_04_Sample_D,Stromal,NA_technical,PB+STROMAL_NO_EVIDENCE,FALSE,
GSE207356,GSM6284912_TS173_04_Sample_D,T_NK,present,,FALSE,
GSE207356,GSM6284913_TS173_05_Sample_E,B_Plasma,present,,FALSE,
GSE207356,GSM6284913_TS173_05_Sample_E,Erythroid,present,,FALSE,
GSE207356,GSM6284913_TS173_05_Sample_E,HSC_MPP,present,,FALSE,
GSE207356,GSM6284913_TS173_05_Sample_E,LMPP_GMP,present,,FALSE,
GSE207356,GSM6284913_TS173_05_Sample_E,Megakaryocyte,present,,FALSE,
GSE207356,GSM6284913_TS173_05_Sample_E,Mono_DC,present,,FALSE,
GSE207356,GSM6284913_TS173_05_Sample_E,Stromal,NA_technical,STROMAL_NO_EVIDENCE,FALSE,
GSE207356,GSM6284913_TS173_05_Sample_E,T_NK,present,,FALSE,
GSE207356,GSM6284914_TS173_06_Sample_F,B_Plasma,present,,FALSE,
GSE207356,GSM6284914_TS173_06_Sample_F,Erythroid,present,,FALSE,
GSE207356,GSM6284914_TS173_06_Sample_F,HSC_MPP,present,,FALSE,
GSE207356,GSM6284914_TS173_06_Sample_F,LMPP_GMP,present,,FALSE,
GSE207356,GSM6284914_TS173_06_Sample_F,Megakaryocyte,present,,FALSE,
GSE207356,GSM6284914_TS173_06_Sample_F,Mono_DC,present,,FALSE,
GSE207356,GSM6284914_TS173_06_Sample_F,Stromal,NA_technical,STROMAL_NO_EVIDENCE,FALSE,
GSE207356,GSM6284914_TS173_06_Sample_F,T_NK,present,,FALSE,
GSE227903,1216_Dg,B_Plasma,present,,FALSE,
GSE227903,1216_Dg,Erythroid,present,,FALSE,
GSE227903,1216_Dg,HSC_MPP,present,,FALSE,
GSE227903,1216_Dg,LMPP_GMP,present,,FALSE,
GSE227903,1216_Dg,Megakaryocyte,present,,FALSE,
GSE227903,1216_Dg,Mono_DC,present,,FALSE,
GSE227903,1216_Dg,Stromal,NA_technical,STROMAL_NO_EVIDENCE,FALSE,
GSE227903,1216_Dg,T_NK,present,,FALSE,
GSE227903,1216_MRD,B_Plasma,present,,FALSE,
GSE227903,1216_MRD,Erythroid,present,,FALSE,
GSE227903,1216_MRD,HSC_MPP,present,,FALSE,
GSE227903,1216_MRD,LMPP_GMP,present,,FALSE,
GSE227903,1216_MRD,Megakaryocyte,present,,FALSE,
GSE227903,1216_MRD,Mono_DC,present,,FALSE,
GSE227903,1216_MRD,Stromal,NA_technical,STROMAL_NO_EVIDENCE,FALSE,
GSE227903,1216_MRD,T_NK,present,,FALSE,
GSE227903,1216_R,B_Plasma,present,,FALSE,
GSE227903,1216_R,Erythroid,present,,FALSE,
GSE227903,1216_R,HSC_MPP,present,,FALSE,
GSE227903,1216_R,LMPP_GMP,present,,FALSE,
GSE227903,1216_R,Megakaryocyte,present,,FALSE,
GSE227903,1216_R,Mono_DC,present,,FALSE,
GSE227903,1216_R,Stromal,NA_technical,STROMAL_NO_EVIDENCE,FALSE,
GSE227903,1216_R,T_NK,present,,FALSE,
GSE227903,1886_Dg,B_Plasma,present,,FALSE,
GSE227903,1886_Dg,Erythroid,present,,FALSE,
GSE227903,1886_Dg,HSC_MPP,present,,FALSE,
GSE227903,1886_Dg,LMPP_GMP,present,,FALSE,
GSE227903,1886_Dg,Megakaryocyte,present,,FALSE,
GSE227903,1886_Dg,Mono_DC,present,,FALSE,
GSE227903,1886_Dg,Stromal,NA_technical,STROMAL_NO_EVIDENCE,FALSE,
GSE227903,1886_Dg,T_NK,present,,FALSE,
GSE227903,1886_MRD,B_Plasma,present,,FALSE,
GSE227903,1886_MRD,Erythroid,present,,FALSE,
GSE227903,1886_MRD,HSC_MPP,present,,FALSE,
GSE227903,1886_MRD,LMPP_GMP,present,,FALSE,
GSE227903,1886_MRD,Megakaryocyte,present,,FALSE,
GSE227903,1886_MRD,Mono_DC,present,,FALSE,
GSE227903,1886_MRD,Stromal,NA_technical,STROMAL_NO_EVIDENCE,FALSE,
GSE227903,1886_MRD,T_NK,present,,FALSE,
GSE227903,1886_R,B_Plasma,present,,FALSE,
GSE227903,1886_R,Erythroid,present,,FALSE,
GSE227903,1886_R,HSC_MPP,present,,FALSE,
GSE227903,1886_R,LMPP_GMP,present,,FALSE,
GSE227903,1886_R,Megakaryocyte,present,,FALSE,
GSE227903,1886_R,Mono_DC,present,,FALSE,
GSE227903,1886_R,Stromal,NA_technical,STROMAL_NO_EVIDENCE,FALSE,
GSE227903,1886_R,T_NK,present,,FALSE,
GSE227903,3822_Dg,B_Plasma,present,,FALSE,
GSE227903,3822_Dg,Erythroid,present,,FALSE,
GSE227903,3822_Dg,HSC_MPP,present,,FALSE,
GSE227903,3822_Dg,LMPP_GMP,present,,FALSE,
GSE227903,3822_Dg,Megakaryocyte,present,,FALSE,
GSE227903,3822_Dg,Mono_DC,present,,FALSE,
GSE227903,3822_Dg,Stromal,NA_technical,STROMAL_NO_EVIDENCE,FALSE,
GSE227903,3822_Dg,T_NK,present,,FALSE,
GSE227903,3822_R,B_Plasma,present,,FALSE,
GSE227903,3822_R,Erythroid,present,,FALSE,
GSE227903,3822_R,HSC_MPP,present,,FALSE,
GSE227903,3822_R,LMPP_GMP,present,,FALSE,
GSE227903,3822_R,Megakaryocyte,present,,FALSE,
GSE227903,3822_R,Mono_DC,present,,FALSE,
GSE227903,3822_R,Stromal,NA_technical,STROMAL_NO_EVIDENCE,FALSE,
GSE227903,3822_R,T_NK,present,,FALSE,
GSE227903,3853_Dg,B_Plasma,present,,FALSE,
GSE227903,3853_Dg,Erythroid,present,,FALSE,
GSE227903,3853_Dg,HSC_MPP,present,,FALSE,
GSE227903,3853_Dg,LMPP_GMP,present,,FALSE,
GSE227903,3853_Dg,Megakaryocyte,present,,FALSE,
GSE227903,3853_Dg,Mono_DC,present,,FALSE,
GSE227903,3853_Dg,Stromal,NA_technical,STROMAL_NO_EVIDENCE,FALSE,
GSE227903,3853_Dg,T_NK,present,,FALSE,
GSE227903,3853_R,B_Plasma,present,,FALSE,
GSE227903,3853_R,Erythroid,present,,FALSE,
GSE227903,3853_R,HSC_MPP,present,,FALSE,
GSE227903,3853_R,LMPP_GMP,present,,FALSE,
GSE227903,3853_R,Megakaryocyte,present,,FALSE,
GSE227903,3853_R,Mono_DC,present,,FALSE,
GSE227903,3853_R,Stromal,NA_technical,STROMAL_NO_EVIDENCE,FALSE,
GSE227903,3853_R,T_NK,present,,FALSE,
GSE227903,3904_Dg,B_Plasma,present,,FALSE,
GSE227903,3904_Dg,Erythroid,present,,FALSE,
GSE227903,3904_Dg,HSC_MPP,present,,FALSE,
GSE227903,3904_Dg,LMPP_GMP,present,,FALSE,
GSE227903,3904_Dg,Megakaryocyte,present,,FALSE,
GSE227903,3904_Dg,Mono_DC,present,,FALSE,
GSE227903,3904_Dg,Stromal,NA_technical,STROMAL_NO_EVIDENCE,FALSE,
GSE227903,3904_Dg,T_NK,present,,FALSE,
GSE227903,3904_MRD,B_Plasma,present,,FALSE,
GSE227903,3904_MRD,Erythroid,present,,FALSE,
GSE227903,3904_MRD,HSC_MPP,present,,FALSE,
GSE227903,3904_MRD,LMPP_GMP,present,,FALSE,
GSE227903,3904_MRD,Megakaryocyte,present,,FALSE,
GSE227903,3904_MRD,Mono_DC,present,,FALSE,
GSE227903,3904_MRD,Stromal,NA_technical,STROMAL_NO_EVIDENCE,FALSE,
GSE227903,3904_MRD,T_NK,present,,FALSE,
GSE227903,3904_R,B_Plasma,present,,FALSE,
GSE227903,3904_R,Erythroid,present,,FALSE,
GSE227903,3904_R,HSC_MPP,present,,FALSE,
GSE227903,3904_R,LMPP_GMP,present,,FALSE,
GSE227903,3904_R,Megakaryocyte,present,,FALSE,
GSE227903,3904_R,Mono_DC,present,,FALSE,
GSE227903,3904_R,Stromal,NA_technical,STROMAL_NO_EVIDENCE,FALSE,
GSE227903,3904_R,T_NK,present,,FALSE,
GSE227903,40389_Dg,B_Plasma,present,,FALSE,
GSE227903,40389_Dg,Erythroid,present,,FALSE,
GSE227903,40389_Dg,HSC_MPP,present,,FALSE,
GSE227903,40389_Dg,LMPP_GMP,present,,FALSE,
GSE227903,40389_Dg,Megakaryocyte,present,,FALSE,
GSE227903,40389_Dg,Mono_DC,present,,FALSE,
GSE227903,40389_Dg,Stromal,NA_technical,STROMAL_NO_EVIDENCE,FALSE,
GSE227903,40389_Dg,T_NK,present,,FALSE,
GSE227903,40389_MRD,B_Plasma,present,,FALSE,
GSE227903,40389_MRD,Erythroid,present,,FALSE,
GSE227903,40389_MRD,HSC_MPP,present,,FALSE,
GSE227903,40389_MRD,LMPP_GMP,present,,FALSE,
GSE227903,40389_MRD,Megakaryocyte,present,,FALSE,
GSE227903,40389_MRD,Mono_DC,present,,FALSE,
GSE227903,40389_MRD,Stromal,NA_technical,STROMAL_NO_EVIDENCE,FALSE,
GSE227903,40389_MRD,T_NK,present,,FALSE,
GSE227903,40389_R,B_Plasma,present,,FALSE,
GSE227903,40389_R,Erythroid,present,,FALSE,
GSE227903,40389_R,HSC_MPP,present,,FALSE,
GSE227903,40389_R,LMPP_GMP,present,,FALSE,
GSE227903,40389_R,Megakaryocyte,present,,FALSE,
GSE227903,40389_R,Mono_DC,present,,FALSE,
GSE227903,40389_R,Stromal,NA_technical,STROMAL_NO_EVIDENCE,FALSE,
GSE227903,40389_R,T_NK,present,,FALSE,
GSE227903,4978_Dg,B_Plasma,present,,FALSE,
GSE227903,4978_Dg,Erythroid,present,,FALSE,
GSE227903,4978_Dg,HSC_MPP,present,,FALSE,
GSE227903,4978_Dg,LMPP_GMP,present,,FALSE,
GSE227903,4978_Dg,Megakaryocyte,present,,FALSE,
GSE227903,4978_Dg,Mono_DC,present,,FALSE,
GSE227903,4978_Dg,Stromal,NA_technical,STROMAL_NO_EVIDENCE,FALSE,
GSE227903,4978_Dg,T_NK,present,,FALSE,
GSE227903,4978_MRD,B_Plasma,present,,FALSE,
GSE227903,4978_MRD,Erythroid,present,,FALSE,
GSE227903,4978_MRD,HSC_MPP,present,,FALSE,
GSE227903,4978_MRD,LMPP_GMP,present,,FALSE,
GSE227903,4978_MRD,Megakaryocyte,present,,FALSE,
GSE227903,4978_MRD,Mono_DC,present,,FALSE,
GSE227903,4978_MRD,Stromal,NA_technical,STROMAL_NO_EVIDENCE,FALSE,
GSE227903,4978_MRD,T_NK,present,,FALSE,
GSE227903,4978_R,B_Plasma,present,,FALSE,
GSE227903,4978_R,Erythroid,present,,FALSE,
GSE227903,4978_R,HSC_MPP,present,,FALSE,
GSE227903,4978_R,LMPP_GMP,present,,FALSE,
GSE227903,4978_R,Megakaryocyte,present,,FALSE,
GSE227903,4978_R,Mono_DC,present,,FALSE,
GSE227903,4978_R,Stromal,NA_technical,STROMAL_NO_EVIDENCE,FALSE,
GSE227903,4978_R,T_NK,present,,FALSE,
GSE227903,5143_Dg,B_Plasma,present,,FALSE,
GSE227903,5143_Dg,Erythroid,present,,FALSE,
GSE227903,5143_Dg,HSC_MPP,present,,FALSE,
GSE227903,5143_Dg,LMPP_GMP,present,,FALSE,
GSE227903,5143_Dg,Megakaryocyte,present,,FALSE,
GSE227903,5143_Dg,Mono_DC,present,,FALSE,
GSE227903,5143_Dg,Stromal,NA_technical,STROMAL_NO_EVIDENCE,FALSE,
GSE227903,5143_Dg,T_NK,present,,FALSE,
GSE227903,5143_R,B_Plasma,present,,FALSE,
GSE227903,5143_R,Erythroid,present,,FALSE,
GSE227903,5143_R,HSC_MPP,present,,FALSE,
GSE227903,5143_R,LMPP_GMP,present,,FALSE,
GSE227903,5143_R,Megakaryocyte,present,,FALSE,
GSE227903,5143_R,Mono_DC,present,,FALSE,
GSE227903,5143_R,Stromal,NA_technical,STROMAL_NO_EVIDENCE,FALSE,
GSE227903,5143_R,T_NK,present,,FALSE,
GSE227903,5750_Dg,B_Plasma,present,,FALSE,
GSE227903,5750_Dg,Erythroid,present,,FALSE,
GSE227903,5750_Dg,HSC_MPP,present,,FALSE,
GSE227903,5750_Dg,LMPP_GMP,present,,FALSE,
GSE227903,5750_Dg,Megakaryocyte,present,,FALSE,
GSE227903,5750_Dg,Mono_DC,present,,FALSE,
GSE227903,5750_Dg,Stromal,NA_technical,STROMAL_NO_EVIDENCE,FALSE,
GSE227903,5750_Dg,T_NK,present,,FALSE,
GSE227903,5750_MRD,B_Plasma,present,,FALSE,
GSE227903,5750_MRD,Erythroid,present,,FALSE,
GSE227903,5750_MRD,HSC_MPP,present,,FALSE,
GSE227903,5750_MRD,LMPP_GMP,present,,FALSE,
GSE227903,5750_MRD,Megakaryocyte,present,,FALSE,
GSE227903,5750_MRD,Mono_DC,present,,FALSE,
GSE227903,5750_MRD,Stromal,NA_technical,STROMAL_NO_EVIDENCE,FALSE,
GSE227903,5750_MRD,T_NK,present,,FALSE,
GSE227903,5750_R,B_Plasma,present,,FALSE,
GSE227903,5750_R,Erythroid,present,,FALSE,
GSE227903,5750_R,HSC_MPP,present,,FALSE,
GSE227903,5750_R,LMPP_GMP,present,,FALSE,
GSE227903,5750_R,Megakaryocyte,present,,FALSE,
GSE227903,5750_R,Mono_DC,present,,FALSE,
GSE227903,5750_R,Stromal,NA_technical,STROMAL_NO_EVIDENCE,FALSE,
GSE227903,5750_R,T_NK,present,,FALSE,
GSE227903,6323_Dg,B_Plasma,present,,FALSE,
GSE227903,6323_Dg,Erythroid,present,,FALSE,
GSE227903,6323_Dg,HSC_MPP,present,,FALSE,
GSE227903,6323_Dg,LMPP_GMP,present,,FALSE,
GSE227903,6323_Dg,Megakaryocyte,present,,FALSE,
GSE227903,6323_Dg,Mono_DC,present,,FALSE,
GSE227903,6323_Dg,Stromal,NA_technical,STROMAL_NO_EVIDENCE,FALSE,
GSE227903,6323_Dg,T_NK,present,,FALSE,
GSE227903,6323_MRD,B_Plasma,present,,FALSE,
GSE227903,6323_MRD,Erythroid,present,,FALSE,
GSE227903,6323_MRD,HSC_MPP,present,,FALSE,
GSE227903,6323_MRD,LMPP_GMP,present,,FALSE,
GSE227903,6323_MRD,Megakaryocyte,present,,FALSE,
GSE227903,6323_MRD,Mono_DC,present,,FALSE,
GSE227903,6323_MRD,Stromal,NA_technical,STROMAL_NO_EVIDENCE,FALSE,
GSE227903,6323_MRD,T_NK,present,,FALSE,
GSE227903,6323_R,B_Plasma,present,,FALSE,
GSE227903,6323_R,Erythroid,present,,FALSE,
GSE227903,6323_R,HSC_MPP,present,,FALSE,
GSE227903,6323_R,LMPP_GMP,present,,FALSE,
GSE227903,6323_R,Megakaryocyte,present,,FALSE,
GSE227903,6323_R,Mono_DC,present,,FALSE,
GSE227903,6323_R,Stromal,NA_technical,STROMAL_NO_EVIDENCE,FALSE,
GSE227903,6323_R,T_NK,present,,FALSE,
GSE227903,6323_R2,B_Plasma,present,,FALSE,
GSE227903,6323_R2,Erythroid,present,,FALSE,
GSE227903,6323_R2,HSC_MPP,present,,FALSE,
GSE227903,6323_R2,LMPP_GMP,present,,FALSE,
GSE227903,6323_R2,Megakaryocyte,present,,FALSE,
GSE227903,6323_R2,Mono_DC,present,,FALSE,
GSE227903,6323_R2,Stromal,NA_technical,STROMAL_NO_EVIDENCE,FALSE,
GSE227903,6323_R2,T_NK,present,,FALSE,
GSE239721,PT10A,B_Plasma,present,,FALSE,
GSE239721,PT10A,Erythroid,present,,FALSE,
GSE239721,PT10A,HSC_MPP,present,,FALSE,
GSE239721,PT10A,LMPP_GMP,present,,FALSE,
GSE239721,PT10A,Megakaryocyte,present,,FALSE,
GSE239721,PT10A,Mono_DC,present,,FALSE,
GSE239721,PT10A,Stromal,NA_technical,STROMAL_NO_EVIDENCE,FALSE,
GSE239721,PT10A,T_NK,present,,FALSE,
GSE239721,PT12A,B_Plasma,present,,FALSE,
GSE239721,PT12A,Erythroid,present,,FALSE,
GSE239721,PT12A,HSC_MPP,present,,FALSE,
GSE239721,PT12A,LMPP_GMP,present,,FALSE,
GSE239721,PT12A,Megakaryocyte,present,,FALSE,
GSE239721,PT12A,Mono_DC,present,,FALSE,
GSE239721,PT12A,Stromal,NA_technical,STROMAL_NO_EVIDENCE,FALSE,
GSE239721,PT12A,T_NK,present,,FALSE,
GSE239721,PT13A,B_Plasma,present,,FALSE,
GSE239721,PT13A,Erythroid,present,,FALSE,
GSE239721,PT13A,HSC_MPP,present,,FALSE,
GSE239721,PT13A,LMPP_GMP,present,,FALSE,
GSE239721,PT13A,Megakaryocyte,present,,FALSE,
GSE239721,PT13A,Mono_DC,present,,FALSE,
GSE239721,PT13A,Stromal,NA_technical,STROMAL_NO_EVIDENCE,FALSE,
GSE239721,PT13A,T_NK,present,,FALSE,
GSE239721,PT14A,B_Plasma,present,,FALSE,
GSE239721,PT14A,Erythroid,present,,FALSE,
GSE239721,PT14A,HSC_MPP,present,,FALSE,
GSE239721,PT14A,LMPP_GMP,present,,FALSE,
GSE239721,PT14A,Megakaryocyte,present,,FALSE,
GSE239721,PT14A,Mono_DC,present,,FALSE,
GSE239721,PT14A,Stromal,NA_technical,STROMAL_NO_EVIDENCE,FALSE,
GSE239721,PT14A,T_NK,present,,FALSE,
GSE239721,PT15A,B_Plasma,present,,FALSE,
GSE239721,PT15A,Erythroid,present,,FALSE,
GSE239721,PT15A,HSC_MPP,present,,FALSE,
GSE239721,PT15A,LMPP_GMP,present,,FALSE,
GSE239721,PT15A,Megakaryocyte,present,,FALSE,
GSE239721,PT15A,Mono_DC,present,,FALSE,
GSE239721,PT15A,Stromal,NA_technical,STROMAL_NO_EVIDENCE,FALSE,
GSE239721,PT15A,T_NK,present,,FALSE,
GSE239721,PT16A,B_Plasma,present,,FALSE,
GSE239721,PT16A,Erythroid,present,,FALSE,
GSE239721,PT16A,HSC_MPP,present,,FALSE,
GSE239721,PT16A,LMPP_GMP,present,,FALSE,
GSE239721,PT16A,Megakaryocyte,present,,FALSE,
GSE239721,PT16A,Mono_DC,present,,FALSE,
GSE239721,PT16A,Stromal,NA_technical,STROMAL_NO_EVIDENCE,FALSE,
GSE239721,PT16A,T_NK,present,,FALSE,
GSE239721,PT17A,B_Plasma,present,,FALSE,
GSE239721,PT17A,Erythroid,present,,FALSE,
GSE239721,PT17A,HSC_MPP,present,,FALSE,
GSE239721,PT17A,LMPP_GMP,present,,FALSE,
GSE239721,PT17A,Megakaryocyte,present,,FALSE,
GSE239721,PT17A,Mono_DC,present,,FALSE,
GSE239721,PT17A,Stromal,NA_technical,STROMAL_NO_EVIDENCE,FALSE,
GSE239721,PT17A,T_NK,present,,FALSE,
GSE239721,PT19A,B_Plasma,present,,FALSE,
GSE239721,PT19A,Erythroid,present,,FALSE,
GSE239721,PT19A,HSC_MPP,present,,FALSE,
GSE239721,PT19A,LMPP_GMP,present,,FALSE,
GSE239721,PT19A,Megakaryocyte,present,,FALSE,
GSE239721,PT19A,Mono_DC,present,,FALSE,
GSE239721,PT19A,Stromal,NA_technical,STROMAL_NO_EVIDENCE,FALSE,
GSE239721,PT19A,T_NK,present,,FALSE,
GSE239721,PT20A,B_Plasma,present,,FALSE,
GSE239721,PT20A,Erythroid,present,,FALSE,
GSE239721,PT20A,HSC_MPP,present,,FALSE,
GSE239721,PT20A,LMPP_GMP,present,,FALSE,
GSE239721,PT20A,Megakaryocyte,present,,FALSE,
GSE239721,PT20A,Mono_DC,present,,FALSE,
GSE239721,PT20A,Stromal,NA_technical,STROMAL_NO_EVIDENCE,FALSE,
GSE239721,PT20A,T_NK,present,,FALSE,
GSE239721,PT21A,B_Plasma,present,,FALSE,
GSE239721,PT21A,Erythroid,present,,FALSE,
GSE239721,PT21A,HSC_MPP,present,,FALSE,
GSE239721,PT21A,LMPP_GMP,present,,FALSE,
GSE239721,PT21A,Megakaryocyte,present,,FALSE,
GSE239721,PT21A,Mono_DC,present,,FALSE,
GSE239721,PT21A,Stromal,NA_technical,STROMAL_NO_EVIDENCE,FALSE,
GSE239721,PT21A,T_NK,present,,FALSE,
GSE239721,PT22A,B_Plasma,present,,FALSE,
GSE239721,PT22A,Erythroid,present,,FALSE,
GSE239721,PT22A,HSC_MPP,present,,FALSE,
GSE239721,PT22A,LMPP_GMP,present,,FALSE,
GSE239721,PT22A,Megakaryocyte,present,,FALSE,
GSE239721,PT22A,Mono_DC,present,,FALSE,
GSE239721,PT22A,Stromal,NA_technical,STROMAL_NO_EVIDENCE,FALSE,
GSE239721,PT22A,T_NK,present,,FALSE,
GSE239721,PT23A,B_Plasma,present,,FALSE,
GSE239721,PT23A,Erythroid,present,,FALSE,
GSE239721,PT23A,HSC_MPP,present,,FALSE,
GSE239721,PT23A,LMPP_GMP,present,,FALSE,
GSE239721,PT23A,Megakaryocyte,present,,FALSE,
GSE239721,PT23A,Mono_DC,present,,FALSE,
GSE239721,PT23A,Stromal,NA_technical,STROMAL_NO_EVIDENCE,FALSE,
GSE239721,PT23A,T_NK,present,,FALSE,
GSE239721,PT25A,B_Plasma,present,,FALSE,
GSE239721,PT25A,Erythroid,present,,FALSE,
GSE239721,PT25A,HSC_MPP,present,,FALSE,
GSE239721,PT25A,LMPP_GMP,present,,FALSE,
GSE239721,PT25A,Megakaryocyte,present,,FALSE,
GSE239721,PT25A,Mono_DC,present,,FALSE,
GSE239721,PT25A,Stromal,NA_technical,STROMAL_NO_EVIDENCE,FALSE,
GSE239721,PT25A,T_NK,present,,FALSE,
GSE239721,PT26A,B_Plasma,present,,FALSE,
GSE239721,PT26A,Erythroid,present,,FALSE,
GSE239721,PT26A,HSC_MPP,present,,FALSE,
GSE239721,PT26A,LMPP_GMP,present,,FALSE,
GSE239721,PT26A,Megakaryocyte,present,,FALSE,
GSE239721,PT26A,Mono_DC,present,,FALSE,
GSE239721,PT26A,Stromal,NA_technical,STROMAL_NO_EVIDENCE,FALSE,
GSE239721,PT26A,T_NK,present,,FALSE,
GSE239721,PT27A,B_Plasma,present,,FALSE,
GSE239721,PT27A,Erythroid,present,,FALSE,
GSE239721,PT27A,HSC_MPP,present,,FALSE,
GSE239721,PT27A,LMPP_GMP,present,,FALSE,
GSE239721,PT27A,Megakaryocyte,present,,FALSE,
GSE239721,PT27A,Mono_DC,present,,FALSE,
GSE239721,PT27A,Stromal,NA_technical,STROMAL_NO_EVIDENCE,FALSE,
GSE239721,PT27A,T_NK,present,,FALSE,
GSE239721,PT28A,B_Plasma,present,,FALSE,
GSE239721,PT28A,Erythroid,present,,FALSE,
GSE239721,PT28A,HSC_MPP,present,,FALSE,
GSE239721,PT28A,LMPP_GMP,present,,FALSE,
GSE239721,PT28A,Megakaryocyte,present,,FALSE,
GSE239721,PT28A,Mono_DC,present,,FALSE,
GSE239721,PT28A,Stromal,NA_technical,STROMAL_NO_EVIDENCE,FALSE,
GSE239721,PT28A,T_NK,present,,FALSE,
GSE239721,PT29A,B_Plasma,present,,FALSE,
GSE239721,PT29A,Erythroid,present,,FALSE,
GSE239721,PT29A,HSC_MPP,present,,FALSE,
GSE239721,PT29A,LMPP_GMP,present,,FALSE,
GSE239721,PT29A,Megakaryocyte,present,,FALSE,
GSE239721,PT29A,Mono_DC,present,,FALSE,
GSE239721,PT29A,Stromal,NA_technical,STROMAL_NO_EVIDENCE,FALSE,
GSE239721,PT29A,T_NK,present,,FALSE,
GSE239721,PT30A,B_Plasma,present,,FALSE,
GSE239721,PT30A,Erythroid,present,,FALSE,
GSE239721,PT30A,HSC_MPP,present,,FALSE,
GSE239721,PT30A,LMPP_GMP,present,,FALSE,
GSE239721,PT30A,Megakaryocyte,present,,FALSE,
GSE239721,PT30A,Mono_DC,present,,FALSE,
GSE239721,PT30A,Stromal,NA_technical,STROMAL_NO_EVIDENCE,FALSE,
GSE239721,PT30A,T_NK,present,,FALSE,
GSE239721,PT32A,B_Plasma,present,,FALSE,
GSE239721,PT32A,Erythroid,present,,FALSE,
GSE239721,PT32A,HSC_MPP,present,,FALSE,
GSE239721,PT32A,LMPP_GMP,present,,FALSE,
GSE239721,PT32A,Megakaryocyte,present,,FALSE,
GSE239721,PT32A,Mono_DC,present,,FALSE,
GSE239721,PT32A,Stromal,NA_technical,STROMAL_NO_EVIDENCE,FALSE,
GSE239721,PT32A,T_NK,present,,FALSE,
GSE239721,PT9A,B_Plasma,present,,FALSE,
GSE239721,PT9A,Erythroid,present,,FALSE,
GSE239721,PT9A,HSC_MPP,present,,FALSE,
GSE239721,PT9A,LMPP_GMP,present,,FALSE,
GSE239721,PT9A,Megakaryocyte,present,,FALSE,
GSE239721,PT9A,Mono_DC,present,,FALSE,
GSE239721,PT9A,Stromal,NA_technical,STROMAL_NO_EVIDENCE,FALSE,
GSE239721,PT9A,T_NK,present,,FALSE,
GSE253355,GSM8019212_H14_MACS,B_Plasma,present,,TRUE,
GSE253355,GSM8019212_H14_MACS,Erythroid,present,,TRUE,
GSE253355,GSM8019212_H14_MACS,HSC_MPP,present,,TRUE,
GSE253355,GSM8019212_H14_MACS,LMPP_GMP,present,,TRUE,
GSE253355,GSM8019212_H14_MACS,Megakaryocyte,present,,TRUE,
GSE253355,GSM8019212_H14_MACS,Mono_DC,present,,TRUE,
GSE253355,GSM8019212_H14_MACS,Stromal,present,,TRUE,
GSE253355,GSM8019212_H14_MACS,T_NK,present,,TRUE,
GSE253355,GSM8019213_H21,B_Plasma,present,,TRUE,
GSE253355,GSM8019213_H21,Erythroid,present,,TRUE,
GSE253355,GSM8019213_H21,HSC_MPP,present,,TRUE,
GSE253355,GSM8019213_H21,LMPP_GMP,present,,TRUE,
GSE253355,GSM8019213_H21,Megakaryocyte,present,,TRUE,
GSE253355,GSM8019213_H21,Mono_DC,present,,TRUE,
GSE253355,GSM8019213_H21,Stromal,present,,TRUE,
GSE253355,GSM8019213_H21,T_NK,present,,TRUE,
GSE253355,GSM8019214_H23,B_Plasma,present,,TRUE,
GSE253355,GSM8019214_H23,Erythroid,present,,TRUE,
GSE253355,GSM8019214_H23,HSC_MPP,present,,TRUE,
GSE253355,GSM8019214_H23,LMPP_GMP,present,,TRUE,
GSE253355,GSM8019214_H23,Megakaryocyte,present,,TRUE,
GSE253355,GSM8019214_H23,Mono_DC,present,,TRUE,
GSE253355,GSM8019214_H23,Stromal,present,,TRUE,
GSE253355,GSM8019214_H23,T_NK,present,,TRUE,
GSE253355,GSM8019215_H24,B_Plasma,present,,TRUE,
GSE253355,GSM8019215_H24,Erythroid,present,,TRUE,
GSE253355,GSM8019215_H24,HSC_MPP,present,,TRUE,
GSE253355,GSM8019215_H24,LMPP_GMP,present,,TRUE,
GSE253355,GSM8019215_H24,Megakaryocyte,present,,TRUE,
GSE253355,GSM8019215_H24,Mono_DC,present,,TRUE,
GSE253355,GSM8019215_H24,Stromal,present,,TRUE,
GSE253355,GSM8019215_H24,T_NK,present,,TRUE,
GSE253355,GSM8019216_H32,B_Plasma,present,,TRUE,
GSE253355,GSM8019216_H32,Erythroid,present,,TRUE,
GSE253355,GSM8019216_H32,HSC_MPP,present,,TRUE,
GSE253355,GSM8019216_H32,LMPP_GMP,present,,TRUE,
GSE253355,GSM8019216_H32,Megakaryocyte,present,,TRUE,
GSE253355,GSM8019216_H32,Mono_DC,present,,TRUE,
GSE253355,GSM8019216_H32,Stromal,present,,TRUE,
GSE253355,GSM8019216_H32,T_NK,present,,TRUE,
GSE253355,GSM8019217_H33,B_Plasma,present,,TRUE,
GSE253355,GSM8019217_H33,Erythroid,present,,TRUE,
GSE253355,GSM8019217_H33,HSC_MPP,present,,TRUE,
GSE253355,GSM8019217_H33,LMPP_GMP,present,,TRUE,
GSE253355,GSM8019217_H33,Megakaryocyte,present,,TRUE,
GSE253355,GSM8019217_H33,Mono_DC,present,,TRUE,
GSE253355,GSM8019217_H33,Stromal,present,,TRUE,
GSE253355,GSM8019217_H33,T_NK,present,,TRUE,
GSE253355,GSM8019218_H34,B_Plasma,present,,TRUE,
GSE253355,GSM8019218_H34,Erythroid,present,,TRUE,
GSE253355,GSM8019218_H34,HSC_MPP,present,,TRUE,
GSE253355,GSM8019218_H34,LMPP_GMP,present,,TRUE,
GSE253355,GSM8019218_H34,Megakaryocyte,present,,TRUE,
GSE253355,GSM8019218_H34,Mono_DC,present,,TRUE,
GSE253355,GSM8019218_H34,Stromal,present,,TRUE,
GSE253355,GSM8019218_H34,T_NK,present,,TRUE,
GSE253355,GSM8019219_H35,B_Plasma,present,,TRUE,
GSE253355,GSM8019219_H35,Erythroid,present,,TRUE,
GSE253355,GSM8019219_H35,HSC_MPP,present,,TRUE,
GSE253355,GSM8019219_H35,LMPP_GMP,present,,TRUE,
GSE253355,GSM8019219_H35,Megakaryocyte,present,,TRUE,
GSE253355,GSM8019219_H35,Mono_DC,present,,TRUE,
GSE253355,GSM8019219_H35,Stromal,present,,TRUE,
GSE253355,GSM8019219_H35,T_NK,present,,TRUE,
GSE253355,GSM8019220_H36,B_Plasma,present,,TRUE,
GSE253355,GSM8019220_H36,Erythroid,present,,TRUE,
GSE253355,GSM8019220_H36,HSC_MPP,present,,TRUE,
GSE253355,GSM8019220_H36,LMPP_GMP,present,,TRUE,
GSE253355,GSM8019220_H36,Megakaryocyte,present,,TRUE,
GSE253355,GSM8019220_H36,Mono_DC,present,,TRUE,
GSE253355,GSM8019220_H36,Stromal,present,,TRUE,
GSE253355,GSM8019220_H36,T_NK,present,,TRUE,
GSE253355,GSM8019221_H38,B_Plasma,present,,TRUE,
GSE253355,GSM8019221_H38,Erythroid,present,,TRUE,
GSE253355,GSM8019221_H38,HSC_MPP,present,,TRUE,
GSE253355,GSM8019221_H38,LMPP_GMP,present,,TRUE,
GSE253355,GSM8019221_H38,Megakaryocyte,present,,TRUE,
GSE253355,GSM8019221_H38,Mono_DC,present,,TRUE,
GSE253355,GSM8019221_H38,Stromal,present,,TRUE,
GSE253355,GSM8019221_H38,T_NK,present,,TRUE,
GSE253355,GSM8019222_H39,B_Plasma,present,,TRUE,
GSE253355,GSM8019222_H39,Erythroid,present,,TRUE,
GSE253355,GSM8019222_H39,HSC_MPP,present,,TRUE,
GSE253355,GSM8019222_H39,LMPP_GMP,present,,TRUE,
GSE253355,GSM8019222_H39,Megakaryocyte,present,,TRUE,
GSE253355,GSM8019222_H39,Mono_DC,present,,TRUE,
GSE253355,GSM8019222_H39,Stromal,present,,TRUE,
GSE253355,GSM8019222_H39,T_NK,present,,TRUE,
GSE253355,GSM8019223_H41,B_Plasma,present,,TRUE,
GSE253355,GSM8019223_H41,Erythroid,present,,TRUE,
GSE253355,GSM8019223_H41,HSC_MPP,present,,TRUE,
GSE253355,GSM8019223_H41,LMPP_GMP,present,,TRUE,
GSE253355,GSM8019223_H41,Megakaryocyte,present,,TRUE,
GSE253355,GSM8019223_H41,Mono_DC,present,,TRUE,
GSE253355,GSM8019223_H41,Stromal,present,,TRUE,
GSE253355,GSM8019223_H41,T_NK,present,,TRUE,
GSE289435,GSM8791432_MLL_14666,B_Plasma,present,,FALSE,
GSE289435,GSM8791432_MLL_14666,Erythroid,present,,FALSE,
GSE289435,GSM8791432_MLL_14666,HSC_MPP,present,,FALSE,
GSE289435,GSM8791432_MLL_14666,LMPP_GMP,present,,FALSE,
GSE289435,GSM8791432_MLL_14666,Megakaryocyte,present,,FALSE,
GSE289435,GSM8791432_MLL_14666,Mono_DC,present,,FALSE,
GSE289435,GSM8791432_MLL_14666,Stromal,NA_technical,STROMAL_NO_EVIDENCE,FALSE,
GSE289435,GSM8791432_MLL_14666,T_NK,present,,FALSE,
GSE289435,GSM8791433_MLL_16703,B_Plasma,present,,FALSE,
GSE289435,GSM8791433_MLL_16703,Erythroid,present,,FALSE,
GSE289435,GSM8791433_MLL_16703,HSC_MPP,present,,FALSE,
GSE289435,GSM8791433_MLL_16703,LMPP_GMP,present,,FALSE,
GSE289435,GSM8791433_MLL_16703,Megakaryocyte,present,,FALSE,
GSE289435,GSM8791433_MLL_16703,Mono_DC,present,,FALSE,
GSE289435,GSM8791433_MLL_16703,Stromal,NA_technical,STROMAL_NO_EVIDENCE,FALSE,
GSE289435,GSM8791433_MLL_16703,T_NK,present,,FALSE,
GSE289435,GSM8791434_MLL_17746,B_Plasma,present,,FALSE,
GSE289435,GSM8791434_MLL_17746,Erythroid,present,,FALSE,
GSE289435,GSM8791434_MLL_17746,HSC_MPP,present,,FALSE,
GSE289435,GSM8791434_MLL_17746,LMPP_GMP,present,,FALSE,
GSE289435,GSM8791434_MLL_17746,Megakaryocyte,present,,FALSE,
GSE289435,GSM8791434_MLL_17746,Mono_DC,present,,FALSE,
GSE289435,GSM8791434_MLL_17746,Stromal,NA_technical,STROMAL_NO_EVIDENCE,FALSE,
GSE289435,GSM8791434_MLL_17746,T_NK,present,,FALSE,
GSE289435,GSM8791435_MLL_17843,B_Plasma,present,,FALSE,
GSE289435,GSM8791435_MLL_17843,Erythroid,present,,FALSE,
GSE289435,GSM8791435_MLL_17843,HSC_MPP,present,,FALSE,
GSE289435,GSM8791435_MLL_17843,LMPP_GMP,present,,FALSE,
GSE289435,GSM8791435_MLL_17843,Megakaryocyte,present,,FALSE,
GSE289435,GSM8791435_MLL_17843,Mono_DC,present,,FALSE,
GSE289435,GSM8791435_MLL_17843,Stromal,NA_technical,STROMAL_NO_EVIDENCE,FALSE,
GSE289435,GSM8791435_MLL_17843,T_NK,present,,FALSE,
GSE289435,GSM8791436_MLL_17844,B_Plasma,present,,FALSE,
GSE289435,GSM8791436_MLL_17844,Erythroid,present,,FALSE,
GSE289435,GSM8791436_MLL_17844,HSC_MPP,present,,FALSE,
GSE289435,GSM8791436_MLL_17844,LMPP_GMP,present,,FALSE,
GSE289435,GSM8791436_MLL_17844,Megakaryocyte,present,,FALSE,
GSE289435,GSM8791436_MLL_17844,Mono_DC,present,,FALSE,
GSE289435,GSM8791436_MLL_17844,Stromal,NA_technical,STROMAL_NO_EVIDENCE,FALSE,
GSE289435,GSM8791436_MLL_17844,T_NK,present,,FALSE,
GSE289435,GSM8791437_MLL_28824,B_Plasma,present,,FALSE,
GSE289435,GSM8791437_MLL_28824,Erythroid,present,,FALSE,
GSE289435,GSM8791437_MLL_28824,HSC_MPP,present,,FALSE,
GSE289435,GSM8791437_MLL_28824,LMPP_GMP,present,,FALSE,
GSE289435,GSM8791437_MLL_28824,Megakaryocyte,present,,FALSE,
GSE289435,GSM8791437_MLL_28824,Mono_DC,present,,FALSE,
GSE289435,GSM8791437_MLL_28824,Stromal,NA_technical,STROMAL_NO_EVIDENCE,FALSE,
GSE289435,GSM8791437_MLL_28824,T_NK,present,,FALSE,
GSE289435,GSM8791438_MLL_28830,B_Plasma,present,,FALSE,
GSE289435,GSM8791438_MLL_28830,Erythroid,present,,FALSE,
GSE289435,GSM8791438_MLL_28830,HSC_MPP,present,,FALSE,
GSE289435,GSM8791438_MLL_28830,LMPP_GMP,present,,FALSE,
GSE289435,GSM8791438_MLL_28830,Megakaryocyte,present,,FALSE,
GSE289435,GSM8791438_MLL_28830,Mono_DC,present,,FALSE,
GSE289435,GSM8791438_MLL_28830,Stromal,NA_technical,STROMAL_NO_EVIDENCE,FALSE,
GSE289435,GSM8791438_MLL_28830,T_NK,present,,FALSE,
GSE289435,GSM8791439_MLL_28855,B_Plasma,present,,FALSE,
GSE289435,GSM8791439_MLL_28855,Erythroid,present,,FALSE,
GSE289435,GSM8791439_MLL_28855,HSC_MPP,present,,FALSE,
GSE289435,GSM8791439_MLL_28855,LMPP_GMP,present,,FALSE,
GSE289435,GSM8791439_MLL_28855,Megakaryocyte,present,,FALSE,
GSE289435,GSM8791439_MLL_28855,Mono_DC,present,,FALSE,
GSE289435,GSM8791439_MLL_28855,Stromal,NA_technical,STROMAL_NO_EVIDENCE,FALSE,
GSE289435,GSM8791439_MLL_28855,T_NK,present,,FALSE,
GSE289435,GSM8791441_MLL_29532,B_Plasma,present,,FALSE,
GSE289435,GSM8791441_MLL_29532,Erythroid,present,,FALSE,
GSE289435,GSM8791441_MLL_29532,HSC_MPP,present,,FALSE,
GSE289435,GSM8791441_MLL_29532,LMPP_GMP,present,,FALSE,
GSE289435,GSM8791441_MLL_29532,Megakaryocyte,present,,FALSE,
GSE289435,GSM8791441_MLL_29532,Mono_DC,present,,FALSE,
GSE289435,GSM8791441_MLL_29532,Stromal,NA_technical,STROMAL_NO_EVIDENCE,FALSE,
GSE289435,GSM8791441_MLL_29532,T_NK,present,,FALSE,
GSE289435,GSM8791442_MLL_29538,B_Plasma,present,,FALSE,
GSE289435,GSM8791442_MLL_29538,Erythroid,present,,FALSE,
GSE289435,GSM8791442_MLL_29538,HSC_MPP,present,,FALSE,
GSE289435,GSM8791442_MLL_29538,LMPP_GMP,present,,FALSE,
GSE289435,GSM8791442_MLL_29538,Megakaryocyte,present,,FALSE,
GSE289435,GSM8791442_MLL_29538,Mono_DC,present,,FALSE,
GSE289435,GSM8791442_MLL_29538,Stromal,NA_technical,STROMAL_NO_EVIDENCE,FALSE,
GSE289435,GSM8791442_MLL_29538,T_NK,present,,FALSE,
GSE289435,GSM8791443_MLL_30862,B_Plasma,present,,FALSE,
GSE289435,GSM8791443_MLL_30862,Erythroid,present,,FALSE,
GSE289435,GSM8791443_MLL_30862,HSC_MPP,present,,FALSE,
GSE289435,GSM8791443_MLL_30862,LMPP_GMP,present,,FALSE,
GSE289435,GSM8791443_MLL_30862,Megakaryocyte,present,,FALSE,
GSE289435,GSM8791443_MLL_30862,Mono_DC,present,,FALSE,
GSE289435,GSM8791443_MLL_30862,Stromal,NA_technical,STROMAL_NO_EVIDENCE,FALSE,
GSE289435,GSM8791443_MLL_30862,T_NK,present,,FALSE,
GSE289435,GSM8791444_MLL_30886,B_Plasma,present,,FALSE,
GSE289435,GSM8791444_MLL_30886,Erythroid,present,,FALSE,
GSE289435,GSM8791444_MLL_30886,HSC_MPP,present,,FALSE,
GSE289435,GSM8791444_MLL_30886,LMPP_GMP,present,,FALSE,
GSE289435,GSM8791444_MLL_30886,Megakaryocyte,present,,FALSE,
GSE289435,GSM8791444_MLL_30886,Mono_DC,present,,FALSE,
GSE289435,GSM8791444_MLL_30886,Stromal,NA_technical,STROMAL_NO_EVIDENCE,FALSE,
GSE289435,GSM8791444_MLL_30886,T_NK,present,,FALSE,
Petti2019,508084,B_Plasma,present,,FALSE,
Petti2019,508084,Erythroid,present,,FALSE,
Petti2019,508084,HSC_MPP,present,,FALSE,
Petti2019,508084,LMPP_GMP,present,,FALSE,
Petti2019,508084,Megakaryocyte,present,,FALSE,
Petti2019,508084,Mono_DC,present,,FALSE,
Petti2019,508084,Stromal,NA_technical,STROMAL_NO_EVIDENCE,FALSE,
Petti2019,508084,T_NK,present,,FALSE,
Petti2019,548327,B_Plasma,present,,FALSE,
Petti2019,548327,Erythroid,present,,FALSE,
Petti2019,548327,HSC_MPP,present,,FALSE,
Petti2019,548327,LMPP_GMP,present,,FALSE,
Petti2019,548327,Megakaryocyte,present,,FALSE,
Petti2019,548327,Mono_DC,present,,FALSE,
Petti2019,548327,Stromal,NA_technical,STROMAL_NO_EVIDENCE,FALSE,
Petti2019,548327,T_NK,present,,FALSE,
Petti2019,721214,B_Plasma,present,,FALSE,
Petti2019,721214,Erythroid,present,,FALSE,
Petti2019,721214,HSC_MPP,present,,FALSE,
Petti2019,721214,LMPP_GMP,present,,FALSE,
Petti2019,721214,Megakaryocyte,present,,FALSE,
Petti2019,721214,Mono_DC,present,,FALSE,
Petti2019,721214,Stromal,NA_technical,STROMAL_NO_EVIDENCE,FALSE,
Petti2019,721214,T_NK,present,,FALSE,
Petti2019,782328,B_Plasma,present,,FALSE,
Petti2019,782328,Erythroid,present,,FALSE,
Petti2019,782328,HSC_MPP,present,,FALSE,
Petti2019,782328,LMPP_GMP,present,,FALSE,
Petti2019,782328,Megakaryocyte,present,,FALSE,
Petti2019,782328,Mono_DC,present,,FALSE,
Petti2019,782328,Stromal,NA_technical,STROMAL_NO_EVIDENCE,FALSE,
Petti2019,782328,T_NK,present,,FALSE,
Petti2019,809653,B_Plasma,present,,FALSE,
Petti2019,809653,Erythroid,present,,FALSE,
Petti2019,809653,HSC_MPP,present,,FALSE,
Petti2019,809653,LMPP_GMP,present,,FALSE,
Petti2019,809653,Megakaryocyte,present,,FALSE,
Petti2019,809653,Mono_DC,present,,FALSE,
Petti2019,809653,Stromal,NA_technical,STROMAL_NO_EVIDENCE,FALSE,
Petti2019,809653,T_NK,present,,FALSE,
